Instance_Id,Instance_Name,Raw_Text_Path,Time_Limit_s,Winner_Key,clasp1_Runtime_s,clasp2_Runtime_s,cryptominisat2011_Runtime_s,eagleup_Runtime_s,ebglucose_Runtime_s,ebminisat_Runtime_s,glucose2_Runtime_s,glueminisat_Runtime_s,gnoveltyp2_Runtime_s,lingeling_Runtime_s,lrglshr_Runtime_s,marchrw_Runtime_s,minisatpsm_Runtime_s,mphaseSAT_Runtime_s,mphaseSAT64_Runtime_s,mphaseSATm_Runtime_s,mxc09_Runtime_s,picosat_Runtime_s,precosat_Runtime_s,qutersat_Runtime_s,rcl_Runtime_s,restartsat_Runtime_s,sapperlot_Runtime_s,satime11_Runtime_s,sattime_Runtime_s,sattimep_Runtime_s,sol_Runtime_s,sparrow_Runtime_s,spear-hw_Runtime_s,spear-sw_Runtime_s,tnm_Runtime_s,clasp1_Status,clasp2_Status,cryptominisat2011_Status,eagleup_Status,ebglucose_Status,ebminisat_Status,glucose2_Status,glueminisat_Status,gnoveltyp2_Status,lingeling_Status,lrglshr_Status,marchrw_Status,minisatpsm_Status,mphaseSAT_Status,mphaseSAT64_Status,mphaseSATm_Status,mxc09_Status,picosat_Status,precosat_Status,qutersat_Status,rcl_Status,restartsat_Status,sapperlot_Status,satime11_Status,sattime_Status,sattimep_Status,sol_Status,sparrow_Status,spear-hw_Status,spear-sw_Status,tnm_Status,Image_Npy_Path
SAT_Competition2007/crafted/Difficult/contest-02-03-04/contest02-Mat26.sat05-457.reshuffled-07.cnf,contest02-Mat26.sat05-457.reshuffled-07,/Users/herreran/Documents/Universidad/practica-invg/data/sat/instances/sc2012-hard-combinatorial/Hard Combinatorial SAT+UNSAT/SATCompetition2007/crafted/Difficult/contest-02-03-04/contest02-Mat26.sat05-457.reshuffled-07.cnf,5000.0,lingeling,138.72,123.82,634.72,1200.0,333.03,411.36,139.27,156.55,1200.0,112.27,1200.0,1200.0,157.18,212.05,263.47,209.93,125.3,842.72,198.47,493.83,780.44,421.5,918.18,1200.0,1200.0,1200.0,340.44,1200.0,420.86,1200.0,1200.0,ok,ok,ok,timeout,ok,ok,ok,ok,timeout,ok,timeout,timeout,ok,ok,ok,ok,ok,ok,ok,ok,ok,ok,ok,timeout,timeout,timeout,ok,timeout,ok,timeout,timeout,/Users/herreran/Documents/Universidad/practica-invg/data/sat/datasets/sat_cnn_data_images/images/contest02-Mat26.sat05-457.reshuffled-07__b43b6d3dec71.npy
SAT_Competition2007/crafted/Difficult/contest-02-03-04/contest02-ezfact64_10.sat05-449.reshuffled-07.cnf,contest02-ezfact64_10.sat05-449.reshuffled-07,/Users/herreran/Documents/Universidad/practica-invg/data/sat/instances/sc2012-hard-combinatorial/Hard Combinatorial SAT+UNSAT/SATCompetition2007/crafted/Difficult/contest-02-03-04/contest02-ezfact64_10.sat05-449.reshuffled-07.cnf,5000.0,mphaseSAT64,1200.0,1200.0,1200.0,1200.0,1200.0,931.15,1200.0,1200.0,1200.0,1200.0,1200.0,1200.0,1200.0,1006.36,788.33,801.46,1200.0,1200.0,1200.0,1200.0,1200.0,1200.0,1163.9,1200.0,1200.0,1200.0,1200.0,1200.0,1200.0,1200.0,1200.0,timeout,timeout,timeout,timeout,timeout,ok,timeout,timeout,timeout,timeout,timeout,timeout,timeout,ok,ok,ok,timeout,timeout,timeout,timeout,timeout,timeout,ok,timeout,timeout,timeout,timeout,timeout,timeout,timeout,timeout,/Users/herreran/Documents/Universidad/practica-invg/data/sat/datasets/sat_cnn_data_images/images/contest02-ezfact64_10.sat05-449.reshuffled-07__fdf254001c85.npy
SAT_Competition2007/crafted/Difficult/contest-02-03-04/contest03-SGI_30_50_30_20_1-dir.sat05-439.reshuffled-07.cnf,contest03-SGI_30_50_30_20_1-dir.sat05-439.reshuffled-07,/Users/herreran/Documents/Universidad/practica-invg/data/sat/instances/sc2012-hard-combinatorial/Hard Combinatorial SAT+UNSAT/SATCompetition2007/crafted/Difficult/contest-02-03-04/contest03-SGI_30_50_30_20_1-dir.sat05-439.reshuffled-07.cnf,5000.0,clasp2,84.14,68.68,217.12,1200.0,828.51,1200.0,259.04,620.9,1200.0,1200.0,977.32,1200.0,353.36,665.89,693.22,700.88,491.86,1200.0,673.39,192.73,270.6,1200.0,1021.34,1200.0,1200.0,1200.0,240.11,1200.0,269.45,1200.0,1200.0,ok,ok,ok,timeout,ok,timeout,ok,ok,timeout,timeout,ok,timeout,ok,ok,ok,ok,ok,timeout,ok,ok,ok,timeout,ok,timeout,timeout,timeout,ok,timeout,ok,timeout,timeout,/Users/herreran/Documents/Universidad/practica-invg/data/sat/datasets/sat_cnn_data_images/images/contest03-SGI_30_50_30_20_1-dir.sat05-439.reshuffled-07__988b5ee32c62.npy
SAT_Competition2007/crafted/Difficult/contest-02-03-04/contest03-SGI_30_50_30_20_3-dir.sat05-440.reshuffled-07.cnf,contest03-SGI_30_50_30_20_3-dir.sat05-440.reshuffled-07,/Users/herreran/Documents/Universidad/practica-invg/data/sat/instances/sc2012-hard-combinatorial/Hard Combinatorial SAT+UNSAT/SATCompetition2007/crafted/Difficult/contest-02-03-04/contest03-SGI_30_50_30_20_3-dir.sat05-440.reshuffled-07.cnf,5000.0,clasp2,165.19,133.95,336.0,1200.0,910.98,1200.0,391.78,997.19,1200.0,1200.0,1200.0,1200.0,687.93,984.68,967.67,1005.63,566.74,1200.0,1150.59,273.51,896.14,1200.0,1200.0,1200.0,1200.0,1200.0,306.66,1200.0,541.55,1200.0,1200.0,ok,ok,ok,timeout,ok,timeout,ok,ok,timeout,timeout,timeout,timeout,ok,ok,ok,ok,ok,timeout,ok,ok,ok,timeout,timeout,timeout,timeout,timeout,ok,timeout,ok,timeout,timeout,/Users/herreran/Documents/Universidad/practica-invg/data/sat/datasets/sat_cnn_data_images/images/contest03-SGI_30_50_30_20_3-dir.sat05-440.reshuffled-07__79ffba0b3549.npy
SAT_Competition2007/crafted/Difficult/contest-02-03-04/contest03-hwb-n26-01-S1957858365.sat05-500.reshuffled-07.cnf,contest03-hwb-n26-01-S1957858365.sat05-500.reshuffled-07,/Users/herreran/Documents/Universidad/practica-invg/data/sat/instances/sc2012-hard-combinatorial/Hard Combinatorial SAT+UNSAT/SATCompetition2007/crafted/Difficult/contest-02-03-04/contest03-hwb-n26-01-S1957858365.sat05-500.reshuffled-07.cnf,5000.0,mxc09,654.93,509.91,1200.0,1200.0,1200.0,1200.0,1200.0,1200.0,1200.0,1200.0,1200.0,719.42,1200.0,770.97,720.94,747.5,293.29,295.51,1200.0,1200.0,1200.0,1200.0,1200.0,1200.0,1200.0,1200.0,1200.0,1200.0,1200.0,1200.0,1200.0,ok,ok,timeout,timeout,timeout,timeout,timeout,timeout,timeout,timeout,timeout,ok,timeout,ok,ok,ok,ok,ok,timeout,timeout,timeout,timeout,timeout,timeout,timeout,timeout,timeout,timeout,timeout,timeout,timeout,/Users/herreran/Documents/Universidad/practica-invg/data/sat/datasets/sat_cnn_data_images/images/contest03-hwb-n26-01-S1957858365.sat05-500.reshuffled-07__7f500eb28f0d.npy
SAT_Competition2007/crafted/Difficult/contest05/QG/QG6-dead-dnd001.sat05-2742.reshuffled-07.cnf,QG6-dead-dnd001.sat05-2742.reshuffled-07,/Users/herreran/Documents/Universidad/practica-invg/data/sat/instances/sc2012-hard-combinatorial/Hard Combinatorial SAT+UNSAT/SATCompetition2007/crafted/Difficult/contest05/QG/QG6-dead-dnd001.sat05-2742.reshuffled-07.cnf,5000.0,glueminisat,40.28,33.41,14.45,1200.0,32.82,55.7,40.19,12.84,1200.0,28.35,123.45,1200.0,71.78,49.12,1200.0,50.83,101.2,157.27,16.16,16.38,184.2,37.61,189.37,1200.0,1200.0,1200.0,49.61,1200.0,1156.02,1200.0,1200.0,ok,ok,ok,timeout,ok,ok,ok,ok,timeout,ok,ok,timeout,ok,ok,timeout,ok,ok,ok,ok,ok,ok,ok,ok,timeout,timeout,timeout,ok,timeout,ok,timeout,timeout,/Users/herreran/Documents/Universidad/practica-invg/data/sat/datasets/sat_cnn_data_images/images/QG6-dead-dnd001.sat05-2742.reshuffled-07__ebc65189425f.npy
SAT_Competition2007/crafted/Difficult/contest05/QG/QG6-dead-dnd002.sat05-2713.reshuffled-07.cnf,QG6-dead-dnd002.sat05-2713.reshuffled-07,/Users/herreran/Documents/Universidad/practica-invg/data/sat/instances/sc2012-hard-combinatorial/Hard Combinatorial SAT+UNSAT/SATCompetition2007/crafted/Difficult/contest05/QG/QG6-dead-dnd002.sat05-2713.reshuffled-07.cnf,5000.0,cryptominisat2011,32.25,39.88,10.95,1200.0,373.63,67.7,153.09,15.34,1200.0,311.82,122.16,1200.0,1200.0,61.96,1200.0,73.2,78.94,1200.0,25.38,27.67,944.03,58.43,338.42,1200.0,1200.0,1200.0,103.89,1200.0,1200.0,1200.0,1200.0,ok,ok,ok,timeout,ok,ok,ok,ok,timeout,ok,ok,timeout,timeout,ok,timeout,ok,ok,timeout,ok,ok,ok,ok,ok,timeout,timeout,timeout,ok,timeout,timeout,timeout,timeout,/Users/herreran/Documents/Universidad/practica-invg/data/sat/datasets/sat_cnn_data_images/images/QG6-dead-dnd002.sat05-2713.reshuffled-07__a87c2cc9fd4a.npy
SAT_Competition2007/crafted/Difficult/contest05/QG/QG6-gensys-brn007.sat05-2684.reshuffled-07.cnf,QG6-gensys-brn007.sat05-2684.reshuffled-07,/Users/herreran/Documents/Universidad/practica-invg/data/sat/instances/sc2012-hard-combinatorial/Hard Combinatorial SAT+UNSAT/SATCompetition2007/crafted/Difficult/contest05/QG/QG6-gensys-brn007.sat05-2684.reshuffled-07.cnf,5000.0,cryptominisat2011,28.69,41.67,12.28,1200.0,75.7,58.56,61.21,13.51,1200.0,50.04,103.45,1200.0,160.05,59.63,49.62,62.24,88.38,615.92,20.22,36.43,234.68,55.4,187.45,1200.0,1200.0,1200.0,61.37,1200.0,1200.0,1200.0,1200.0,ok,ok,ok,timeout,ok,ok,ok,ok,timeout,ok,ok,timeout,ok,ok,ok,ok,ok,ok,ok,ok,ok,ok,ok,timeout,timeout,timeout,ok,timeout,timeout,timeout,timeout,/Users/herreran/Documents/Universidad/practica-invg/data/sat/datasets/sat_cnn_data_images/images/QG6-gensys-brn007.sat05-2684.reshuffled-07__96f1919c29e4.npy
SAT_Competition2007/crafted/Difficult/contest05/QG/QG6-gensys-icl001.sat05-2695.reshuffled-07.cnf,QG6-gensys-icl001.sat05-2695.reshuffled-07,/Users/herreran/Documents/Universidad/practica-invg/data/sat/instances/sc2012-hard-combinatorial/Hard Combinatorial SAT+UNSAT/SATCompetition2007/crafted/Difficult/contest05/QG/QG6-gensys-icl001.sat05-2695.reshuffled-07.cnf,5000.0,cryptominisat2011,21.64,28.29,15.95,1200.0,87.26,78.55,55.87,18.16,1200.0,131.35,100.27,1200.0,478.91,65.01,53.62,60.18,90.8,1082.13,18.18,28.62,474.25,43.64,358.23,1200.0,1200.0,1200.0,132.25,1200.0,1200.0,1200.0,1200.0,ok,ok,ok,timeout,ok,ok,ok,ok,timeout,ok,ok,timeout,ok,ok,ok,ok,ok,ok,ok,ok,ok,ok,ok,timeout,timeout,timeout,ok,timeout,timeout,timeout,timeout,/Users/herreran/Documents/Universidad/practica-invg/data/sat/datasets/sat_cnn_data_images/images/QG6-gensys-icl001.sat05-2695.reshuffled-07__d5fb98231a99.npy
SAT_Competition2007/crafted/Difficult/contest05/QG/QG6-gensys-icl004.sat05-2716.reshuffled-07.cnf,QG6-gensys-icl004.sat05-2716.reshuffled-07,/Users/herreran/Documents/Universidad/practica-invg/data/sat/instances/sc2012-hard-combinatorial/Hard Combinatorial SAT+UNSAT/SATCompetition2007/crafted/Difficult/contest05/QG/QG6-gensys-icl004.sat05-2716.reshuffled-07.cnf,5000.0,glueminisat,29.24,31.15,14.57,1200.0,67.21,63.28,42.5,13.01,1200.0,60.24,124.29,1200.0,64.37,58.63,53.66,64.3,110.26,248.61,20.26,21.53,92.96,54.08,218.38,1200.0,1200.0,1200.0,107.03,1200.0,412.0,1200.0,1200.0,ok,ok,ok,timeout,ok,ok,ok,ok,timeout,ok,ok,timeout,ok,ok,ok,ok,ok,ok,ok,ok,ok,ok,ok,timeout,timeout,timeout,ok,timeout,ok,timeout,timeout,/Users/herreran/Documents/Universidad/practica-invg/data/sat/datasets/sat_cnn_data_images/images/QG6-gensys-icl004.sat05-2716.reshuffled-07__b96057ff08f0.npy
SAT_Competition2007/crafted/Difficult/contest05/QG/QG6-gensys-icl006.sat05-2718.reshuffled-07.cnf,QG6-gensys-icl006.sat05-2718.reshuffled-07,/Users/herreran/Documents/Universidad/practica-invg/data/sat/instances/sc2012-hard-combinatorial/Hard Combinatorial SAT+UNSAT/SATCompetition2007/crafted/Difficult/contest05/QG/QG6-gensys-icl006.sat05-2718.reshuffled-07.cnf,5000.0,glueminisat,38.7,42.8,13.22,1200.0,35.04,63.22,20.57,11.5,1200.0,24.61,147.43,1200.0,34.85,64.13,49.63,63.56,136.54,80.3,17.25,35.17,56.68,52.83,144.35,1200.0,1200.0,1200.0,54.77,1200.0,1200.0,1200.0,1200.0,ok,ok,ok,timeout,ok,ok,ok,ok,timeout,ok,ok,timeout,ok,ok,ok,ok,ok,ok,ok,ok,ok,ok,ok,timeout,timeout,timeout,ok,timeout,timeout,timeout,timeout,/Users/herreran/Documents/Universidad/practica-invg/data/sat/datasets/sat_cnn_data_images/images/QG6-gensys-icl006.sat05-2718.reshuffled-07__caf33b4d75b3.npy
SAT_Competition2007/crafted/Difficult/contest05/QG/QG6-gensys-icl008.sat05-2720.reshuffled-07.cnf,QG6-gensys-icl008.sat05-2720.reshuffled-07,/Users/herreran/Documents/Universidad/practica-invg/data/sat/instances/sc2012-hard-combinatorial/Hard Combinatorial SAT+UNSAT/SATCompetition2007/crafted/Difficult/contest05/QG/QG6-gensys-icl008.sat05-2720.reshuffled-07.cnf,5000.0,glueminisat,31.85,37.03,16.05,1200.0,1200.0,59.08,402.47,10.3,1200.0,1200.0,106.08,1200.0,1200.0,64.18,50.52,53.59,92.46,1200.0,14.1,22.45,1200.0,51.92,845.35,1200.0,1200.0,1200.0,1200.0,1200.0,1200.0,1200.0,1200.0,ok,ok,ok,timeout,timeout,ok,ok,ok,timeout,timeout,ok,timeout,timeout,ok,ok,ok,ok,timeout,ok,ok,timeout,ok,ok,timeout,timeout,timeout,timeout,timeout,timeout,timeout,timeout,/Users/herreran/Documents/Universidad/practica-invg/data/sat/datasets/sat_cnn_data_images/images/QG6-gensys-icl008.sat05-2720.reshuffled-07__e2409b6dbd55.npy
SAT_Competition2007/crafted/Difficult/contest05/QG/QG6-gensys-icl009.sat05-2721.reshuffled-07.cnf,QG6-gensys-icl009.sat05-2721.reshuffled-07,/Users/herreran/Documents/Universidad/practica-invg/data/sat/instances/sc2012-hard-combinatorial/Hard Combinatorial SAT+UNSAT/SATCompetition2007/crafted/Difficult/contest05/QG/QG6-gensys-icl009.sat05-2721.reshuffled-07.cnf,5000.0,glueminisat,29.82,35.03,19.15,1200.0,108.14,71.23,147.72,16.63,1200.0,141.47,84.01,1200.0,399.62,55.34,1200.0,54.72,112.8,592.51,21.27,38.12,260.94,78.62,179.2,1200.0,1200.0,1200.0,103.16,1200.0,1200.0,1200.0,1200.0,ok,ok,ok,timeout,ok,ok,ok,ok,timeout,ok,ok,timeout,ok,ok,timeout,ok,ok,ok,ok,ok,ok,ok,ok,timeout,timeout,timeout,ok,timeout,timeout,timeout,timeout,/Users/herreran/Documents/Universidad/practica-invg/data/sat/datasets/sat_cnn_data_images/images/QG6-gensys-icl009.sat05-2721.reshuffled-07__41648c0490db.npy
SAT_Competition2007/crafted/Difficult/contest05/QG/QG6-gensys-ukn003.sat05-2726.reshuffled-07.cnf,QG6-gensys-ukn003.sat05-2726.reshuffled-07,/Users/herreran/Documents/Universidad/practica-invg/data/sat/instances/sc2012-hard-combinatorial/Hard Combinatorial SAT+UNSAT/SATCompetition2007/crafted/Difficult/contest05/QG/QG6-gensys-ukn003.sat05-2726.reshuffled-07.cnf,5000.0,glueminisat,43.68,56.1,14.99,1200.0,64.19,127.64,71.99,12.87,1200.0,75.37,265.84,1200.0,74.37,62.0,1200.0,61.99,220.04,1166.61,16.28,44.66,115.95,79.37,383.55,1200.0,1200.0,1200.0,1200.0,1200.0,1200.0,1200.0,1200.0,ok,ok,ok,timeout,ok,ok,ok,ok,timeout,ok,ok,timeout,ok,ok,timeout,ok,ok,ok,ok,ok,ok,ok,ok,timeout,timeout,timeout,timeout,timeout,timeout,timeout,timeout,/Users/herreran/Documents/Universidad/practica-invg/data/sat/datasets/sat_cnn_data_images/images/QG6-gensys-ukn003.sat05-2726.reshuffled-07__1a8d9b6ccad7.npy
SAT_Competition2007/crafted/Difficult/contest05/QG/QG7-gensys-icl006.sat05-3132.reshuffled-07.cnf,QG7-gensys-icl006.sat05-3132.reshuffled-07,/Users/herreran/Documents/Universidad/practica-invg/data/sat/instances/sc2012-hard-combinatorial/Hard Combinatorial SAT+UNSAT/SATCompetition2007/crafted/Difficult/contest05/QG/QG7-gensys-icl006.sat05-3132.reshuffled-07.cnf,5000.0,clasp2,170.75,160.84,377.22,1200.0,788.68,1200.0,415.3,1200.0,1200.0,1200.0,1200.0,1200.0,1200.0,930.83,1200.0,1077.92,1200.0,1200.0,1200.0,556.64,1200.0,1200.0,1200.0,1200.0,1200.0,1200.0,1123.82,1200.0,798.21,1200.0,1200.0,ok,ok,ok,timeout,ok,timeout,ok,timeout,timeout,timeout,timeout,timeout,timeout,ok,timeout,ok,timeout,timeout,timeout,ok,timeout,timeout,timeout,timeout,timeout,timeout,ok,timeout,ok,timeout,timeout,/Users/herreran/Documents/Universidad/practica-invg/data/sat/datasets/sat_cnn_data_images/images/QG7-gensys-icl006.sat05-3132.reshuffled-07__3cf6bbb20001.npy
SAT_Competition2007/crafted/Difficult/contest05/jarvisalo/mod2-rand3bip-sat-270-1.sat05-2248.reshuffled-07.cnf,mod2-rand3bip-sat-270-1.sat05-2248.reshuffled-07,/Users/herreran/Documents/Universidad/practica-invg/data/sat/instances/sc2012-hard-combinatorial/Hard Combinatorial SAT+UNSAT/SATCompetition2007/crafted/Difficult/contest05/jarvisalo/mod2-rand3bip-sat-270-1.sat05-2248.reshuffled-07.cnf,5000.0,mphaseSAT,1200.0,1200.0,1200.0,1200.0,1200.0,1200.0,1200.0,1200.0,1200.0,1200.0,1200.0,0.01,1200.0,0.0,0.0,0.0,1200.0,1200.0,1200.0,1200.0,1200.0,1200.0,1200.0,1200.0,1200.0,1200.0,1200.0,1200.0,1200.0,1200.0,1200.0,timeout,timeout,timeout,timeout,timeout,timeout,timeout,timeout,timeout,timeout,timeout,ok,timeout,ok,ok,ok,timeout,timeout,timeout,timeout,timeout,timeout,timeout,timeout,timeout,timeout,timeout,timeout,timeout,timeout,timeout,/Users/herreran/Documents/Universidad/practica-invg/data/sat/datasets/sat_cnn_data_images/images/mod2-rand3bip-sat-270-1.sat05-2248.reshuffled-07__634f708e5b30.npy
SAT_Competition2007/crafted/Difficult/contest05/jarvisalo/mod2-rand3bip-sat-270-2.sat05-2249.reshuffled-07.cnf,mod2-rand3bip-sat-270-2.sat05-2249.reshuffled-07,/Users/herreran/Documents/Universidad/practica-invg/data/sat/instances/sc2012-hard-combinatorial/Hard Combinatorial SAT+UNSAT/SATCompetition2007/crafted/Difficult/contest05/jarvisalo/mod2-rand3bip-sat-270-2.sat05-2249.reshuffled-07.cnf,5000.0,mphaseSAT,875.59,937.54,1200.0,1200.0,1200.0,1200.0,1200.0,1200.0,1200.0,1200.0,1200.0,0.01,1200.0,0.0,0.0,0.0,1200.0,1200.0,1200.0,1200.0,1200.0,481.13,1200.0,1200.0,1200.0,1200.0,1200.0,1200.0,1200.0,1200.0,1200.0,ok,ok,timeout,timeout,timeout,timeout,timeout,timeout,timeout,timeout,timeout,ok,timeout,ok,ok,ok,timeout,timeout,timeout,timeout,timeout,ok,timeout,timeout,timeout,timeout,timeout,timeout,timeout,timeout,timeout,/Users/herreran/Documents/Universidad/practica-invg/data/sat/datasets/sat_cnn_data_images/images/mod2-rand3bip-sat-270-2.sat05-2249.reshuffled-07__d1202338bde1.npy
SAT_Competition2007/crafted/Difficult/contest05/jarvisalo/mod2-rand3bip-sat-280-1.sat05-2263.reshuffled-07.cnf,mod2-rand3bip-sat-280-1.sat05-2263.reshuffled-07,/Users/herreran/Documents/Universidad/practica-invg/data/sat/instances/sc2012-hard-combinatorial/Hard Combinatorial SAT+UNSAT/SATCompetition2007/crafted/Difficult/contest05/jarvisalo/mod2-rand3bip-sat-280-1.sat05-2263.reshuffled-07.cnf,5000.0,mphaseSAT,293.48,613.07,1200.0,1200.0,1200.0,956.46,361.27,1200.0,1200.0,1200.0,1200.0,0.02,1200.0,0.0,0.0,0.0,1200.0,1200.0,1200.0,1200.0,1200.0,1200.0,1200.0,1200.0,1200.0,1200.0,1200.0,1200.0,1200.0,1200.0,1200.0,ok,ok,timeout,timeout,timeout,ok,ok,timeout,timeout,timeout,timeout,ok,timeout,ok,ok,ok,timeout,timeout,timeout,timeout,timeout,timeout,timeout,timeout,timeout,timeout,timeout,timeout,timeout,timeout,timeout,/Users/herreran/Documents/Universidad/practica-invg/data/sat/datasets/sat_cnn_data_images/images/mod2-rand3bip-sat-280-1.sat05-2263.reshuffled-07__30df9c13da96.npy
SAT_Competition2007/crafted/Difficult/contest05/jarvisalo/mod2-rand3bip-sat-280-2.sat05-2264.reshuffled-07.cnf,mod2-rand3bip-sat-280-2.sat05-2264.reshuffled-07,/Users/herreran/Documents/Universidad/practica-invg/data/sat/instances/sc2012-hard-combinatorial/Hard Combinatorial SAT+UNSAT/SATCompetition2007/crafted/Difficult/contest05/jarvisalo/mod2-rand3bip-sat-280-2.sat05-2264.reshuffled-07.cnf,5000.0,mphaseSAT,1200.0,1200.0,1200.0,1200.0,1200.0,1200.0,1200.0,1200.0,1200.0,1200.0,1200.0,0.02,677.7,0.0,0.0,0.0,1200.0,1200.0,1200.0,1200.0,1200.0,1200.0,1200.0,1200.0,1200.0,1200.0,1200.0,1200.0,1200.0,1200.0,1200.0,timeout,timeout,timeout,timeout,timeout,timeout,timeout,timeout,timeout,timeout,timeout,ok,ok,ok,ok,ok,timeout,timeout,timeout,timeout,timeout,timeout,timeout,timeout,timeout,timeout,timeout,timeout,timeout,timeout,timeout,/Users/herreran/Documents/Universidad/practica-invg/data/sat/datasets/sat_cnn_data_images/images/mod2-rand3bip-sat-280-2.sat05-2264.reshuffled-07__faf4d7e8ab42.npy
SAT_Competition2007/crafted/Difficult/contest05/jarvisalo/mod2-rand3bip-sat-280-3.sat05-2265.reshuffled-07.cnf,mod2-rand3bip-sat-280-3.sat05-2265.reshuffled-07,/Users/herreran/Documents/Universidad/practica-invg/data/sat/instances/sc2012-hard-combinatorial/Hard Combinatorial SAT+UNSAT/SATCompetition2007/crafted/Difficult/contest05/jarvisalo/mod2-rand3bip-sat-280-3.sat05-2265.reshuffled-07.cnf,5000.0,mphaseSAT,1200.0,316.14,221.78,1200.0,1200.0,5.9,1200.0,1110.39,1200.0,1200.0,1200.0,0.02,1200.0,0.0,0.0,0.0,1200.0,1200.0,685.79,1200.0,1200.0,499.89,1200.0,1200.0,1200.0,1200.0,1200.0,1200.0,1200.0,1200.0,1200.0,timeout,ok,ok,timeout,timeout,ok,timeout,ok,timeout,timeout,timeout,ok,timeout,ok,ok,ok,timeout,timeout,ok,timeout,timeout,ok,timeout,timeout,timeout,timeout,timeout,timeout,timeout,timeout,timeout,/Users/herreran/Documents/Universidad/practica-invg/data/sat/datasets/sat_cnn_data_images/images/mod2-rand3bip-sat-280-3.sat05-2265.reshuffled-07__999e4f35373c.npy
SAT_Competition2007/crafted/Difficult/contest05/jarvisalo/mod2c-3cage-unsat-10-2.sat05-2567.reshuffled-07.cnf,mod2c-3cage-unsat-10-2.sat05-2567.reshuffled-07,/Users/herreran/Documents/Universidad/practica-invg/data/sat/instances/sc2012-hard-combinatorial/Hard Combinatorial SAT+UNSAT/SATCompetition2007/crafted/Difficult/contest05/jarvisalo/mod2c-3cage-unsat-10-2.sat05-2567.reshuffled-07.cnf,5000.0,glucose2,1200.0,940.72,1200.0,1200.0,1200.0,1200.0,504.77,1200.0,1200.0,1200.0,1200.0,1200.0,1200.0,1200.0,1200.0,1200.0,612.75,629.36,1200.0,1200.0,1200.0,1200.0,1200.0,1200.0,1200.0,1200.0,1200.0,1200.0,1200.0,1200.0,1200.0,timeout,ok,timeout,timeout,timeout,timeout,ok,timeout,timeout,timeout,timeout,timeout,timeout,timeout,timeout,timeout,ok,ok,timeout,timeout,timeout,timeout,timeout,timeout,timeout,timeout,timeout,timeout,timeout,timeout,timeout,/Users/herreran/Documents/Universidad/practica-invg/data/sat/datasets/sat_cnn_data_images/images/mod2c-3cage-unsat-10-2.sat05-2567.reshuffled-07__369ac1a113aa.npy
SAT_Competition2007/crafted/Difficult/contest05/jarvisalo/mod2c-3cage-unsat-10-3.sat05-2568.reshuffled-07.cnf,mod2c-3cage-unsat-10-3.sat05-2568.reshuffled-07,/Users/herreran/Documents/Universidad/practica-invg/data/sat/instances/sc2012-hard-combinatorial/Hard Combinatorial SAT+UNSAT/SATCompetition2007/crafted/Difficult/contest05/jarvisalo/mod2c-3cage-unsat-10-3.sat05-2568.reshuffled-07.cnf,5000.0,precosat,1200.0,773.66,1200.0,1200.0,1200.0,1200.0,491.34,1200.0,1200.0,1200.0,1200.0,1200.0,1200.0,1200.0,1200.0,1200.0,892.38,524.68,289.42,1200.0,1200.0,1200.0,1200.0,1200.0,1200.0,1200.0,1200.0,1200.0,1200.0,1200.0,1200.0,timeout,ok,timeout,timeout,timeout,timeout,ok,timeout,timeout,timeout,timeout,timeout,timeout,timeout,timeout,timeout,ok,ok,ok,timeout,timeout,timeout,timeout,timeout,timeout,timeout,timeout,timeout,timeout,timeout,timeout,/Users/herreran/Documents/Universidad/practica-invg/data/sat/datasets/sat_cnn_data_images/images/mod2c-3cage-unsat-10-3.sat05-2568.reshuffled-07__bb28be63cc61.npy
SAT_Competition2007/crafted/Difficult/contest05/jarvisalo/mod2c-rand3bip-sat-210-3.sat05-2475.reshuffled-07.cnf,mod2c-rand3bip-sat-210-3.sat05-2475.reshuffled-07,/Users/herreran/Documents/Universidad/practica-invg/data/sat/instances/sc2012-hard-combinatorial/Hard Combinatorial SAT+UNSAT/SATCompetition2007/crafted/Difficult/contest05/jarvisalo/mod2c-rand3bip-sat-210-3.sat05-2475.reshuffled-07.cnf,5000.0,glueminisat,334.2,360.99,119.26,1200.0,335.39,174.85,77.83,19.5,1200.0,359.17,120.96,1200.0,808.66,50.73,57.95,50.82,31.75,326.14,23.61,96.41,1200.0,135.62,1200.0,1200.0,1200.0,1200.0,1200.0,1200.0,1200.0,1200.0,1200.0,ok,ok,ok,timeout,ok,ok,ok,ok,timeout,ok,ok,timeout,ok,ok,ok,ok,ok,ok,ok,ok,timeout,ok,timeout,timeout,timeout,timeout,timeout,timeout,timeout,timeout,timeout,/Users/herreran/Documents/Universidad/practica-invg/data/sat/datasets/sat_cnn_data_images/images/mod2c-rand3bip-sat-210-3.sat05-2475.reshuffled-07__9943b1c45c29.npy
SAT_Competition2007/crafted/Difficult/contest05/jarvisalo/mod2c-rand3bip-unsat-120-3.sat05-2340.reshuffled-07.cnf,mod2c-rand3bip-unsat-120-3.sat05-2340.reshuffled-07,/Users/herreran/Documents/Universidad/practica-invg/data/sat/instances/sc2012-hard-combinatorial/Hard Combinatorial SAT+UNSAT/SATCompetition2007/crafted/Difficult/contest05/jarvisalo/mod2c-rand3bip-unsat-120-3.sat05-2340.reshuffled-07.cnf,5000.0,glucose2,267.91,86.29,1200.0,1200.0,25.99,274.46,9.36,11.54,1200.0,1200.0,1200.0,1200.0,103.94,63.36,1200.0,59.97,49.87,63.61,79.4,1200.0,70.38,864.45,1200.0,1200.0,1200.0,1200.0,94.45,1200.0,1200.0,585.84,1200.0,ok,ok,timeout,timeout,ok,ok,ok,ok,timeout,timeout,timeout,timeout,ok,ok,timeout,ok,ok,ok,ok,timeout,ok,ok,timeout,timeout,timeout,timeout,ok,timeout,timeout,ok,timeout,/Users/herreran/Documents/Universidad/practica-invg/data/sat/datasets/sat_cnn_data_images/images/mod2c-rand3bip-unsat-120-3.sat05-2340.reshuffled-07__ebd1f81f2a83.npy
SAT_Competition2007/crafted/Difficult/contest05/jarvisalo/mod2c-rand3bip-unsat-135-2.sat05-2354.reshuffled-07.cnf,mod2c-rand3bip-unsat-135-2.sat05-2354.reshuffled-07,/Users/herreran/Documents/Universidad/practica-invg/data/sat/instances/sc2012-hard-combinatorial/Hard Combinatorial SAT+UNSAT/SATCompetition2007/crafted/Difficult/contest05/jarvisalo/mod2c-rand3bip-unsat-135-2.sat05-2354.reshuffled-07.cnf,5000.0,precosat,1080.45,222.38,1200.0,1200.0,126.93,804.87,244.66,207.6,1200.0,1200.0,1200.0,1200.0,618.72,1200.0,1200.0,1200.0,137.91,267.67,38.22,193.88,1200.0,1200.0,1200.0,1200.0,1200.0,1200.0,1200.0,1200.0,1200.0,1200.0,1200.0,ok,ok,timeout,timeout,ok,ok,ok,ok,timeout,timeout,timeout,timeout,ok,timeout,timeout,timeout,ok,ok,ok,ok,timeout,timeout,timeout,timeout,timeout,timeout,timeout,timeout,timeout,timeout,timeout,/Users/herreran/Documents/Universidad/practica-invg/data/sat/datasets/sat_cnn_data_images/images/mod2c-rand3bip-unsat-135-2.sat05-2354.reshuffled-07__258c10b726a3.npy
SAT_Competition2007/crafted/Difficult/contest05/others/linvrinv5.sat05-564.reshuffled-07.cnf,linvrinv5.sat05-564.reshuffled-07,/Users/herreran/Documents/Universidad/practica-invg/data/sat/instances/sc2012-hard-combinatorial/Hard Combinatorial SAT+UNSAT/SATCompetition2007/crafted/Difficult/contest05/others/linvrinv5.sat05-564.reshuffled-07.cnf,5000.0,marchrw,831.33,849.14,1200.0,1200.0,1200.0,1200.0,1200.0,1200.0,1200.0,1200.0,1200.0,543.23,1200.0,908.24,935.81,1010.57,838.6,1060.34,1200.0,1200.0,1200.0,1200.0,1200.0,1200.0,1200.0,1200.0,1200.0,1200.0,1200.0,1200.0,1200.0,ok,ok,timeout,timeout,timeout,timeout,timeout,timeout,timeout,timeout,timeout,ok,timeout,ok,ok,ok,ok,ok,timeout,timeout,timeout,timeout,timeout,timeout,timeout,timeout,timeout,timeout,timeout,timeout,timeout,/Users/herreran/Documents/Universidad/practica-invg/data/sat/datasets/sat_cnn_data_images/images/linvrinv5.sat05-564.reshuffled-07__ec001d21fa44.npy
SAT_Competition2007/crafted/Difficult/contest05/others/pmg-12-UNSAT.sat05-3940.reshuffled-07.cnf,pmg-12-UNSAT.sat05-3940.reshuffled-07,/Users/herreran/Documents/Universidad/practica-invg/data/sat/instances/sc2012-hard-combinatorial/Hard Combinatorial SAT+UNSAT/SATCompetition2007/crafted/Difficult/contest05/others/pmg-12-UNSAT.sat05-3940.reshuffled-07.cnf,5000.0,clasp1,903.99,1153.43,1200.0,1200.0,1200.0,1200.0,1200.0,1200.0,1200.0,1200.0,1200.0,1200.0,1200.0,1200.0,1200.0,1200.0,1053.43,1200.0,1200.0,1200.0,1200.0,1200.0,1200.0,1200.0,1200.0,1200.0,1200.0,1200.0,1200.0,1200.0,1200.0,ok,ok,timeout,timeout,timeout,timeout,timeout,timeout,timeout,timeout,timeout,timeout,timeout,timeout,timeout,timeout,ok,timeout,timeout,timeout,timeout,timeout,timeout,timeout,timeout,timeout,timeout,timeout,timeout,timeout,timeout,/Users/herreran/Documents/Universidad/practica-invg/data/sat/datasets/sat_cnn_data_images/images/pmg-12-UNSAT.sat05-3940.reshuffled-07__5b1054c8e326.npy
SAT_Competition2007/crafted/Difficult/contest05/others/pmg-13-UNSAT.sat05-3941.reshuffled-07.cnf,pmg-13-UNSAT.sat05-3941.reshuffled-07,,5000.0,clasp1,1200.0,1200.0,1200.0,1200.0,1200.0,1200.0,1200.0,1200.0,1200.0,1200.0,1200.0,1200.0,1200.0,1200.0,1200.0,1200.0,1200.0,1200.0,1200.0,1200.0,1200.0,1200.0,1200.0,1200.0,1200.0,1200.0,1200.0,1200.0,1200.0,1200.0,1200.0,timeout,timeout,timeout,timeout,timeout,timeout,timeout,timeout,timeout,timeout,timeout,timeout,timeout,timeout,timeout,timeout,timeout,timeout,timeout,timeout,timeout,timeout,timeout,timeout,timeout,timeout,timeout,timeout,timeout,timeout,timeout,
SAT_Competition2007/crafted/Difficult/contest05/others/pmg-14-UNSAT.sat05-3942.reshuffled-07.cnf,pmg-14-UNSAT.sat05-3942.reshuffled-07,,5000.0,clasp1,1200.0,1200.0,1200.0,1200.0,1200.0,1200.0,1200.0,1200.0,1200.0,1200.0,1200.0,1200.0,1200.0,1200.0,1200.0,1200.0,1200.0,1200.0,1200.0,1200.0,1200.0,1200.0,1200.0,1200.0,1200.0,1200.0,1200.0,1200.0,1200.0,1200.0,1200.0,timeout,timeout,timeout,timeout,timeout,timeout,timeout,timeout,timeout,timeout,timeout,timeout,timeout,timeout,timeout,timeout,timeout,timeout,timeout,timeout,timeout,timeout,timeout,timeout,timeout,timeout,timeout,timeout,timeout,timeout,timeout,
SAT_Competition2007/crafted/Difficult/contest05/others/sgp_5-5-6.sat05-2675.reshuffled-07.cnf,sgp_5-5-6.sat05-2675.reshuffled-07,/Users/herreran/Documents/Universidad/practica-invg/data/sat/instances/sc2012-hard-combinatorial/Hard Combinatorial SAT+UNSAT/SATCompetition2007/crafted/Difficult/contest05/others/sgp_5-5-6.sat05-2675.reshuffled-07.cnf,5000.0,sol,1200.0,1200.0,1200.0,1200.0,1200.0,1200.0,1200.0,1200.0,1200.0,1200.0,1200.0,1200.0,1200.0,1200.0,1200.0,1200.0,1200.0,1200.0,1200.0,1200.0,1200.0,1200.0,1200.0,1200.0,1200.0,1200.0,38.7,1200.0,1200.0,1200.0,1200.0,timeout,timeout,timeout,timeout,timeout,timeout,timeout,timeout,timeout,timeout,timeout,timeout,timeout,timeout,timeout,timeout,timeout,timeout,timeout,timeout,timeout,timeout,timeout,timeout,timeout,timeout,ok,timeout,timeout,timeout,timeout,/Users/herreran/Documents/Universidad/practica-invg/data/sat/datasets/sat_cnn_data_images/images/sgp_5-5-6.sat05-2675.reshuffled-07__cb269f4f9db4.npy
SAT_Competition2007/crafted/Difficult/contest05/others/sgp_6-6-10.sat05-2670.reshuffled-07.cnf,sgp_6-6-10.sat05-2670.reshuffled-07,,5000.0,clasp1,1200.0,1200.0,1200.0,1200.0,1200.0,1200.0,1200.0,1200.0,1200.0,1200.0,1200.0,1200.0,1200.0,1200.0,1200.0,1200.0,1200.0,1200.0,1200.0,1200.0,1200.0,1200.0,1200.0,1200.0,1200.0,1200.0,1200.0,1200.0,1200.0,1200.0,1200.0,timeout,timeout,timeout,timeout,timeout,timeout,timeout,timeout,timeout,timeout,timeout,timeout,timeout,timeout,timeout,timeout,timeout,timeout,timeout,timeout,timeout,timeout,timeout,timeout,timeout,timeout,timeout,timeout,timeout,timeout,timeout,
SAT_Competition2007/crafted/Difficult/contest05/sabharwal/counting-easier-fphp-014-012.sat05-1215.reshuffled-07.cnf,counting-easier-fphp-014-012.sat05-1215.reshuffled-07,,5000.0,sol,1200.0,1200.0,1200.0,1200.0,1200.0,1200.0,1200.0,1200.0,1200.0,1200.0,1200.0,1200.0,1200.0,1200.0,1200.0,1200.0,1200.0,1200.0,1200.0,1200.0,1200.0,1200.0,1200.0,1200.0,1200.0,1200.0,0.44,1200.0,1200.0,1200.0,1200.0,timeout,timeout,timeout,timeout,timeout,timeout,timeout,timeout,timeout,timeout,timeout,timeout,timeout,timeout,timeout,timeout,timeout,timeout,timeout,timeout,timeout,timeout,timeout,timeout,timeout,timeout,ok,timeout,timeout,timeout,timeout,
SAT_Competition2007/crafted/Difficult/contest05/sabharwal/counting-easier-php-018-014.sat05-1175.reshuffled-07.cnf,counting-easier-php-018-014.sat05-1175.reshuffled-07,,5000.0,sol,1200.0,1200.0,1200.0,1200.0,1200.0,1200.0,1200.0,1200.0,1200.0,1200.0,1200.0,1200.0,1200.0,1200.0,1200.0,1200.0,1200.0,1200.0,1200.0,1200.0,1200.0,1200.0,1200.0,1200.0,1200.0,1200.0,0.79,1200.0,1200.0,1200.0,1200.0,timeout,timeout,timeout,timeout,timeout,timeout,timeout,timeout,timeout,timeout,timeout,timeout,timeout,timeout,timeout,timeout,timeout,timeout,timeout,timeout,timeout,timeout,timeout,timeout,timeout,timeout,ok,timeout,timeout,timeout,timeout,
SAT_Competition2007/crafted/Difficult/contest05/sabharwal/counting-harder-php-014-013.sat05-1187.reshuffled-07.cnf,counting-harder-php-014-013.sat05-1187.reshuffled-07,,5000.0,sol,1200.0,1200.0,1200.0,1200.0,1200.0,1200.0,1200.0,1200.0,1200.0,1200.0,1200.0,1200.0,1200.0,1200.0,1200.0,1200.0,1200.0,1200.0,1200.0,1200.0,1200.0,1200.0,1200.0,1200.0,1200.0,1200.0,0.35,1200.0,1200.0,1200.0,1200.0,timeout,timeout,timeout,timeout,timeout,timeout,timeout,timeout,timeout,timeout,timeout,timeout,timeout,timeout,timeout,timeout,timeout,timeout,timeout,timeout,timeout,timeout,timeout,timeout,timeout,timeout,ok,timeout,timeout,timeout,timeout,
SAT_Competition2007/crafted/Difficult/contest05/sabharwal/counting-harder-php-018-017.sat05-1189.reshuffled-07.cnf,counting-harder-php-018-017.sat05-1189.reshuffled-07,,5000.0,sol,1200.0,1200.0,1200.0,1200.0,1200.0,1200.0,1200.0,1200.0,1200.0,1200.0,1200.0,1200.0,1200.0,1200.0,1200.0,1200.0,1200.0,1200.0,1200.0,1200.0,1200.0,1200.0,1200.0,1200.0,1200.0,1200.0,1.01,1200.0,1200.0,1200.0,1200.0,timeout,timeout,timeout,timeout,timeout,timeout,timeout,timeout,timeout,timeout,timeout,timeout,timeout,timeout,timeout,timeout,timeout,timeout,timeout,timeout,timeout,timeout,timeout,timeout,timeout,timeout,ok,timeout,timeout,timeout,timeout,
SAT_Competition2007/crafted/Difficult/contest05/sabharwal/gt-ordering-sat-gt-040.sat05-1297.reshuffled-07.cnf,gt-ordering-sat-gt-040.sat05-1297.reshuffled-07,/Users/herreran/Documents/Universidad/practica-invg/data/sat/instances/sc2012-hard-combinatorial/Hard Combinatorial SAT+UNSAT/SATCompetition2007/crafted/Difficult/contest05/sabharwal/gt-ordering-sat-gt-040.sat05-1297.reshuffled-07.cnf,5000.0,precosat,1200.0,1200.0,377.87,1200.0,1200.0,1200.0,1200.0,87.29,1200.0,0.62,0.82,1200.0,1200.0,1.99,2.81,2.31,1200.0,1200.0,0.29,479.3,1200.0,1200.0,12.89,1200.0,1200.0,1200.0,1200.0,1200.0,1200.0,212.15,1200.0,timeout,timeout,ok,timeout,timeout,timeout,timeout,ok,timeout,ok,ok,timeout,timeout,ok,ok,ok,timeout,timeout,ok,ok,timeout,timeout,ok,timeout,timeout,timeout,timeout,timeout,timeout,ok,timeout,/Users/herreran/Documents/Universidad/practica-invg/data/sat/datasets/sat_cnn_data_images/images/gt-ordering-sat-gt-040.sat05-1297.reshuffled-07__85de67588d23.npy
SAT_Competition2007/crafted/Difficult/contest05/sabharwal/gt-ordering-unsat-gt-045.sat05-1310.reshuffled-07.cnf,gt-ordering-unsat-gt-045.sat05-1310.reshuffled-07,/Users/herreran/Documents/Universidad/practica-invg/data/sat/instances/sc2012-hard-combinatorial/Hard Combinatorial SAT+UNSAT/SATCompetition2007/crafted/Difficult/contest05/sabharwal/gt-ordering-unsat-gt-045.sat05-1310.reshuffled-07.cnf,5000.0,lingeling,1200.0,1200.0,255.68,1200.0,1200.0,1200.0,1200.0,38.9,1200.0,0.83,1.22,1200.0,1200.0,2.05,24.5,1.88,1200.0,1200.0,0.84,29.13,1200.0,1200.0,61.0,1200.0,1200.0,1200.0,1200.0,1200.0,1200.0,1200.0,1200.0,timeout,timeout,ok,timeout,timeout,timeout,timeout,ok,timeout,ok,ok,timeout,timeout,ok,ok,ok,timeout,timeout,ok,ok,timeout,timeout,ok,timeout,timeout,timeout,timeout,timeout,timeout,timeout,timeout,/Users/herreran/Documents/Universidad/practica-invg/data/sat/datasets/sat_cnn_data_images/images/gt-ordering-unsat-gt-045.sat05-1310.reshuffled-07__46c8110195c1.npy
SAT_Competition2007/crafted/Difficult/contest05/sabharwal/gt-ordering-unsat-gt-060.sat05-1312.reshuffled-07.cnf,gt-ordering-unsat-gt-060.sat05-1312.reshuffled-07,/Users/herreran/Documents/Universidad/practica-invg/data/sat/instances/sc2012-hard-combinatorial/Hard Combinatorial SAT+UNSAT/SATCompetition2007/crafted/Difficult/contest05/sabharwal/gt-ordering-unsat-gt-060.sat05-1312.reshuffled-07.cnf,5000.0,lingeling,1200.0,1200.0,376.76,1200.0,1200.0,1200.0,1200.0,695.98,1200.0,2.52,6.6,1200.0,1200.0,21.53,6.23,31.96,1200.0,1200.0,2.66,172.77,1200.0,1200.0,616.36,1200.0,1200.0,1200.0,1200.0,1200.0,1200.0,1200.0,1200.0,timeout,timeout,ok,timeout,timeout,timeout,timeout,ok,timeout,ok,ok,timeout,timeout,ok,ok,ok,timeout,timeout,ok,ok,timeout,timeout,ok,timeout,timeout,timeout,timeout,timeout,timeout,timeout,timeout,/Users/herreran/Documents/Universidad/practica-invg/data/sat/datasets/sat_cnn_data_images/images/gt-ordering-unsat-gt-060.sat05-1312.reshuffled-07__a44e9dd8f029.npy
SAT_Competition2007/crafted/Hard/contest02/ezfact256_1.sat05-464.reshuffled-07.cnf,ezfact256_1.sat05-464.reshuffled-07,,5000.0,clasp1,1200.0,1200.0,1200.0,1200.0,1200.0,1200.0,1200.0,1200.0,1200.0,1200.0,1200.0,1200.0,1200.0,1200.0,1200.0,1200.0,1200.0,1200.0,1200.0,1200.0,1200.0,1200.0,1200.0,1200.0,1200.0,1200.0,1200.0,1200.0,1200.0,1200.0,1200.0,timeout,timeout,timeout,timeout,timeout,timeout,timeout,timeout,timeout,timeout,timeout,timeout,timeout,timeout,timeout,timeout,timeout,timeout,timeout,timeout,timeout,timeout,timeout,timeout,timeout,timeout,timeout,timeout,timeout,timeout,timeout,
SAT_Competition2007/crafted/Hard/contest02/ezfact64_3.sat05-450.reshuffled-07.cnf,ezfact64_3.sat05-450.reshuffled-07,/Users/herreran/Documents/Universidad/practica-invg/data/sat/instances/sc2012-hard-combinatorial/Hard Combinatorial SAT+UNSAT/SATCompetition2007/crafted/Hard/contest02/ezfact64_3.sat05-450.reshuffled-07.cnf,5000.0,clasp2,448.93,70.28,1070.25,1200.0,1200.0,1200.0,890.46,1200.0,1200.0,276.86,1200.0,1200.0,1200.0,187.72,75.92,925.04,1040.53,1200.0,1200.0,1189.81,1200.0,721.93,602.04,1200.0,1200.0,1200.0,1200.0,1200.0,1200.0,1200.0,1200.0,ok,ok,ok,timeout,timeout,timeout,ok,timeout,timeout,ok,timeout,timeout,timeout,ok,ok,ok,ok,timeout,timeout,ok,timeout,ok,ok,timeout,timeout,timeout,timeout,timeout,timeout,timeout,timeout,/Users/herreran/Documents/Universidad/practica-invg/data/sat/datasets/sat_cnn_data_images/images/ezfact64_3.sat05-450.reshuffled-07__08e1e9a4f8c5.npy
SAT_Competition2007/crafted/Hard/contest02/ezfact64_4.sat05-451.reshuffled-07.cnf,ezfact64_4.sat05-451.reshuffled-07,/Users/herreran/Documents/Universidad/practica-invg/data/sat/instances/sc2012-hard-combinatorial/Hard Combinatorial SAT+UNSAT/SATCompetition2007/crafted/Hard/contest02/ezfact64_4.sat05-451.reshuffled-07.cnf,5000.0,lingeling,587.83,309.74,1200.0,1200.0,1200.0,899.92,1200.0,1200.0,1200.0,52.09,1200.0,1200.0,1200.0,266.7,207.13,248.68,1200.0,1200.0,1200.0,423.57,1200.0,1112.29,1200.0,1200.0,1200.0,1200.0,1200.0,1200.0,1200.0,1200.0,1200.0,ok,ok,timeout,timeout,timeout,ok,timeout,timeout,timeout,ok,timeout,timeout,timeout,ok,ok,ok,timeout,timeout,timeout,ok,timeout,ok,timeout,timeout,timeout,timeout,timeout,timeout,timeout,timeout,timeout,/Users/herreran/Documents/Universidad/practica-invg/data/sat/datasets/sat_cnn_data_images/images/ezfact64_4.sat05-451.reshuffled-07__7f795ef281bc.npy
SAT_Competition2007/crafted/Hard/contest02/ezfact64_5.sat05-452.reshuffled-07.cnf,ezfact64_5.sat05-452.reshuffled-07,/Users/herreran/Documents/Universidad/practica-invg/data/sat/instances/sc2012-hard-combinatorial/Hard Combinatorial SAT+UNSAT/SATCompetition2007/crafted/Hard/contest02/ezfact64_5.sat05-452.reshuffled-07.cnf,5000.0,mphaseSAT64,1200.0,1200.0,1200.0,1200.0,1200.0,1200.0,1200.0,1200.0,1200.0,427.5,1200.0,1200.0,1200.0,505.08,213.69,513.27,1200.0,1200.0,1200.0,1200.0,1200.0,1200.0,1200.0,1200.0,1200.0,1200.0,1200.0,1200.0,1200.0,1200.0,1200.0,timeout,timeout,timeout,timeout,timeout,timeout,timeout,timeout,timeout,ok,timeout,timeout,timeout,ok,ok,ok,timeout,timeout,timeout,timeout,timeout,timeout,timeout,timeout,timeout,timeout,timeout,timeout,timeout,timeout,timeout,/Users/herreran/Documents/Universidad/practica-invg/data/sat/datasets/sat_cnn_data_images/images/ezfact64_5.sat05-452.reshuffled-07__8ad7a24328fe.npy
SAT_Competition2007/crafted/Hard/contest02/ezfact64_6.sat05-453.reshuffled-07.cnf,ezfact64_6.sat05-453.reshuffled-07,/Users/herreran/Documents/Universidad/practica-invg/data/sat/instances/sc2012-hard-combinatorial/Hard Combinatorial SAT+UNSAT/SATCompetition2007/crafted/Hard/contest02/ezfact64_6.sat05-453.reshuffled-07.cnf,5000.0,mphaseSAT64,1200.0,804.81,1200.0,1200.0,1200.0,1200.0,1200.0,1200.0,1200.0,1200.0,551.2,1200.0,1200.0,1090.02,324.65,1069.67,1200.0,1200.0,1200.0,1200.0,1200.0,1182.3,751.93,1200.0,1200.0,1200.0,1200.0,1200.0,1200.0,1200.0,1200.0,timeout,ok,timeout,timeout,timeout,timeout,timeout,timeout,timeout,timeout,ok,timeout,timeout,ok,ok,ok,timeout,timeout,timeout,timeout,timeout,ok,ok,timeout,timeout,timeout,timeout,timeout,timeout,timeout,timeout,/Users/herreran/Documents/Universidad/practica-invg/data/sat/datasets/sat_cnn_data_images/images/ezfact64_6.sat05-453.reshuffled-07__56b98a6b3c59.npy
SAT_Competition2007/crafted/Hard/contest02/hgen2-v500-s1216665065.sat05-467.reshuffled-07.cnf,hgen2-v500-s1216665065.sat05-467.reshuffled-07,,5000.0,clasp1,1200.0,1200.0,1200.0,1200.0,1200.0,1200.0,1200.0,1200.0,1200.0,1200.0,1200.0,1200.0,1200.0,1200.0,1200.0,1200.0,1200.0,1200.0,1200.0,1200.0,1200.0,1200.0,1200.0,1200.0,1200.0,1200.0,1200.0,1200.0,1200.0,1200.0,1200.0,timeout,timeout,timeout,timeout,timeout,timeout,timeout,timeout,timeout,timeout,timeout,timeout,timeout,timeout,timeout,timeout,timeout,timeout,timeout,timeout,timeout,timeout,timeout,timeout,timeout,timeout,timeout,timeout,timeout,timeout,timeout,
SAT_Competition2007/crafted/Hard/contest02/hgen3-v400-s344840348.sat05-470.reshuffled-07.cnf,hgen3-v400-s344840348.sat05-470.reshuffled-07,,5000.0,clasp1,1200.0,1200.0,1200.0,1200.0,1200.0,1200.0,1200.0,1200.0,1200.0,1200.0,1200.0,1200.0,1200.0,1200.0,1200.0,1200.0,1200.0,1200.0,1200.0,1200.0,1200.0,1200.0,1200.0,1200.0,1200.0,1200.0,1200.0,1200.0,1200.0,1200.0,1200.0,timeout,timeout,timeout,timeout,timeout,timeout,timeout,timeout,timeout,timeout,timeout,timeout,timeout,timeout,timeout,timeout,timeout,timeout,timeout,timeout,timeout,timeout,timeout,timeout,timeout,timeout,timeout,timeout,timeout,timeout,timeout,
SAT_Competition2007/crafted/Hard/contest02/hgen3-v400-s553296708.sat05-471.reshuffled-07.cnf,hgen3-v400-s553296708.sat05-471.reshuffled-07,,5000.0,clasp1,1200.0,1200.0,1200.0,1200.0,1200.0,1200.0,1200.0,1200.0,1200.0,1200.0,1200.0,1200.0,1200.0,1200.0,1200.0,1200.0,1200.0,1200.0,1200.0,1200.0,1200.0,1200.0,1200.0,1200.0,1200.0,1200.0,1200.0,1200.0,1200.0,1200.0,1200.0,timeout,timeout,timeout,timeout,timeout,timeout,timeout,timeout,timeout,timeout,timeout,timeout,timeout,timeout,timeout,timeout,timeout,timeout,timeout,timeout,timeout,timeout,timeout,timeout,timeout,timeout,timeout,timeout,timeout,timeout,timeout,
SAT_Competition2007/crafted/Hard/contest02/hgen3-v500-s1349121860.sat05-473.reshuffled-07.cnf,hgen3-v500-s1349121860.sat05-473.reshuffled-07,,5000.0,clasp1,1200.0,1200.0,1200.0,1200.0,1200.0,1200.0,1200.0,1200.0,1200.0,1200.0,1200.0,1200.0,1200.0,1200.0,1200.0,1200.0,1200.0,1200.0,1200.0,1200.0,1200.0,1200.0,1200.0,1200.0,1200.0,1200.0,1200.0,1200.0,1200.0,1200.0,1200.0,timeout,timeout,timeout,timeout,timeout,timeout,timeout,timeout,timeout,timeout,timeout,timeout,timeout,timeout,timeout,timeout,timeout,timeout,timeout,timeout,timeout,timeout,timeout,timeout,timeout,timeout,timeout,timeout,timeout,timeout,timeout,
SAT_Competition2007/crafted/Hard/contest02/pyhala-braun-unsat-40-4-02.sat05-459.reshuffled-07.cnf,pyhala-braun-unsat-40-4-02.sat05-459.reshuffled-07,/Users/herreran/Documents/Universidad/practica-invg/data/sat/instances/sc2012-hard-combinatorial/Hard Combinatorial SAT+UNSAT/SATCompetition2007/crafted/Hard/contest02/pyhala-braun-unsat-40-4-02.sat05-459.reshuffled-07.cnf,5000.0,mphaseSAT64,573.17,492.11,587.5,1200.0,1200.0,769.07,457.62,900.74,1200.0,389.24,1200.0,417.21,660.0,397.62,273.2,392.75,968.61,649.45,1182.7,1200.0,1200.0,625.36,1200.0,1200.0,1200.0,1200.0,1200.0,1200.0,848.45,1200.0,1200.0,ok,ok,ok,timeout,timeout,ok,ok,ok,timeout,ok,timeout,ok,ok,ok,ok,ok,ok,ok,ok,timeout,timeout,ok,timeout,timeout,timeout,timeout,timeout,timeout,ok,timeout,timeout,/Users/herreran/Documents/Universidad/practica-invg/data/sat/datasets/sat_cnn_data_images/images/pyhala-braun-unsat-40-4-02.sat05-459.reshuffled-07__bd52acf0626b.npy
SAT_Competition2007/crafted/Hard/contest03/looksrandom/hgen6-4-24-n650-03-S528656311.sat05-477.reshuffled-07.cnf,hgen6-4-24-n650-03-S528656311.sat05-477.reshuffled-07,/Users/herreran/Documents/Universidad/practica-invg/data/sat/instances/sc2012-hard-combinatorial/Hard Combinatorial SAT+UNSAT/SATCompetition2007/crafted/Hard/contest03/looksrandom/hgen6-4-24-n650-03-S528656311.sat05-477.reshuffled-07.cnf,5000.0,sparrow,1200.0,1200.0,1200.0,1200.0,1200.0,1200.0,1200.0,1200.0,1200.0,1200.0,1200.0,1200.0,1200.0,1200.0,1200.0,1200.0,1200.0,1200.0,1200.0,1200.0,1200.0,1200.0,1200.0,1200.0,1200.0,1200.0,1200.0,904.77,1200.0,1200.0,1200.0,timeout,timeout,timeout,timeout,timeout,timeout,timeout,timeout,timeout,timeout,timeout,timeout,timeout,timeout,timeout,timeout,timeout,timeout,timeout,timeout,timeout,timeout,timeout,timeout,timeout,timeout,timeout,ok,timeout,timeout,timeout,/Users/herreran/Documents/Universidad/practica-invg/data/sat/datasets/sat_cnn_data_images/images/hgen6-4-24-n650-03-S528656311.sat05-477.reshuffled-07__6b5a0c1594cb.npy
SAT_Competition2007/crafted/Hard/contest03/looksrandom/hgen7-n390-01-S248216171.sat05-478.reshuffled-07.cnf,hgen7-n390-01-S248216171.sat05-478.reshuffled-07,,5000.0,clasp1,1200.0,1200.0,1200.0,1200.0,1200.0,1200.0,1200.0,1200.0,1200.0,1200.0,1200.0,1200.0,1200.0,1200.0,1200.0,1200.0,1200.0,1200.0,1200.0,1200.0,1200.0,1200.0,1200.0,1200.0,1200.0,1200.0,1200.0,1200.0,1200.0,1200.0,1200.0,timeout,timeout,timeout,timeout,timeout,timeout,timeout,timeout,timeout,timeout,timeout,timeout,timeout,timeout,timeout,timeout,timeout,timeout,timeout,timeout,timeout,timeout,timeout,timeout,timeout,timeout,timeout,timeout,timeout,timeout,timeout,
SAT_Competition2007/crafted/Hard/contest03/looksrandom/hgen7-n390-02-S178568232.sat05-479.reshuffled-07.cnf,hgen7-n390-02-S178568232.sat05-479.reshuffled-07,,5000.0,clasp1,1200.0,1200.0,1200.0,1200.0,1200.0,1200.0,1200.0,1200.0,1200.0,1200.0,1200.0,1200.0,1200.0,1200.0,1200.0,1200.0,1200.0,1200.0,1200.0,1200.0,1200.0,1200.0,1200.0,1200.0,1200.0,1200.0,1200.0,1200.0,1200.0,1200.0,1200.0,timeout,timeout,timeout,timeout,timeout,timeout,timeout,timeout,timeout,timeout,timeout,timeout,timeout,timeout,timeout,timeout,timeout,timeout,timeout,timeout,timeout,timeout,timeout,timeout,timeout,timeout,timeout,timeout,timeout,timeout,timeout,
SAT_Competition2007/crafted/Hard/contest03/looksrandom/hgen8-n260-03-S722413478.sat05-482.reshuffled-07.cnf,hgen8-n260-03-S722413478.sat05-482.reshuffled-07,,5000.0,clasp1,1200.0,1200.0,1200.0,1200.0,1200.0,1200.0,1200.0,1200.0,1200.0,1200.0,1200.0,1200.0,1200.0,1200.0,1200.0,1200.0,1200.0,1200.0,1200.0,1200.0,1200.0,1200.0,1200.0,1200.0,1200.0,1200.0,1200.0,1200.0,1200.0,1200.0,1200.0,timeout,timeout,timeout,timeout,timeout,timeout,timeout,timeout,timeout,timeout,timeout,timeout,timeout,timeout,timeout,timeout,timeout,timeout,timeout,timeout,timeout,timeout,timeout,timeout,timeout,timeout,timeout,timeout,timeout,timeout,timeout,
SAT_Competition2007/crafted/Hard/contest03/looksrandom/hgen8-n320-01-S1432474240.sat05-483.reshuffled-07.cnf,hgen8-n320-01-S1432474240.sat05-483.reshuffled-07,,5000.0,clasp1,1200.0,1200.0,1200.0,1200.0,1200.0,1200.0,1200.0,1200.0,1200.0,1200.0,1200.0,1200.0,1200.0,1200.0,1200.0,1200.0,1200.0,1200.0,1200.0,1200.0,1200.0,1200.0,1200.0,1200.0,1200.0,1200.0,1200.0,1200.0,1200.0,1200.0,1200.0,timeout,timeout,timeout,timeout,timeout,timeout,timeout,timeout,timeout,timeout,timeout,timeout,timeout,timeout,timeout,timeout,timeout,timeout,timeout,timeout,timeout,timeout,timeout,timeout,timeout,timeout,timeout,timeout,timeout,timeout,timeout,
SAT_Competition2007/crafted/Hard/contest03/looksrandom/hgen8-n320-02-S1127428711.sat05-484.reshuffled-07.cnf,hgen8-n320-02-S1127428711.sat05-484.reshuffled-07,,5000.0,clasp1,1200.0,1200.0,1200.0,1200.0,1200.0,1200.0,1200.0,1200.0,1200.0,1200.0,1200.0,1200.0,1200.0,1200.0,1200.0,1200.0,1200.0,1200.0,1200.0,1200.0,1200.0,1200.0,1200.0,1200.0,1200.0,1200.0,1200.0,1200.0,1200.0,1200.0,1200.0,timeout,timeout,timeout,timeout,timeout,timeout,timeout,timeout,timeout,timeout,timeout,timeout,timeout,timeout,timeout,timeout,timeout,timeout,timeout,timeout,timeout,timeout,timeout,timeout,timeout,timeout,timeout,timeout,timeout,timeout,timeout,
SAT_Competition2007/crafted/Hard/contest03/looksrandom/hgen8-n320-03-S1572374531.sat05-485.reshuffled-07.cnf,hgen8-n320-03-S1572374531.sat05-485.reshuffled-07,,5000.0,clasp1,1200.0,1200.0,1200.0,1200.0,1200.0,1200.0,1200.0,1200.0,1200.0,1200.0,1200.0,1200.0,1200.0,1200.0,1200.0,1200.0,1200.0,1200.0,1200.0,1200.0,1200.0,1200.0,1200.0,1200.0,1200.0,1200.0,1200.0,1200.0,1200.0,1200.0,1200.0,timeout,timeout,timeout,timeout,timeout,timeout,timeout,timeout,timeout,timeout,timeout,timeout,timeout,timeout,timeout,timeout,timeout,timeout,timeout,timeout,timeout,timeout,timeout,timeout,timeout,timeout,timeout,timeout,timeout,timeout,timeout,
SAT_Competition2007/crafted/Hard/contest03/looksrandom/hidden-k3-s0-r5-n700-01-S2069048075.sat05-488.reshuffled-07.cnf,hidden-k3-s0-r5-n700-01-S2069048075.sat05-488.reshuffled-07,,5000.0,clasp1,1200.0,1200.0,1200.0,1200.0,1200.0,1200.0,1200.0,1200.0,1200.0,1200.0,1200.0,1200.0,1200.0,1200.0,1200.0,1200.0,1200.0,1200.0,1200.0,1200.0,1200.0,1200.0,1200.0,1200.0,1200.0,1200.0,1200.0,1200.0,1200.0,1200.0,1200.0,timeout,timeout,timeout,timeout,timeout,timeout,timeout,timeout,timeout,timeout,timeout,timeout,timeout,timeout,timeout,timeout,timeout,timeout,timeout,timeout,timeout,timeout,timeout,timeout,timeout,timeout,timeout,timeout,timeout,timeout,timeout,
SAT_Competition2007/crafted/Hard/contest03/looksrandom/hidden-k3-s0-r5-n700-02-S350203913.sat05-486.reshuffled-07.cnf,hidden-k3-s0-r5-n700-02-S350203913.sat05-486.reshuffled-07,,5000.0,clasp1,1200.0,1200.0,1200.0,1200.0,1200.0,1200.0,1200.0,1200.0,1200.0,1200.0,1200.0,1200.0,1200.0,1200.0,1200.0,1200.0,1200.0,1200.0,1200.0,1200.0,1200.0,1200.0,1200.0,1200.0,1200.0,1200.0,1200.0,1200.0,1200.0,1200.0,1200.0,timeout,timeout,timeout,timeout,timeout,timeout,timeout,timeout,timeout,timeout,timeout,timeout,timeout,timeout,timeout,timeout,timeout,timeout,timeout,timeout,timeout,timeout,timeout,timeout,timeout,timeout,timeout,timeout,timeout,timeout,timeout,
SAT_Competition2007/crafted/Hard/contest03/looksrandom/hidden-k3-s0-r5-n700-03-S1609878926.sat05-487.reshuffled-07.cnf,hidden-k3-s0-r5-n700-03-S1609878926.sat05-487.reshuffled-07,,5000.0,clasp1,1200.0,1200.0,1200.0,1200.0,1200.0,1200.0,1200.0,1200.0,1200.0,1200.0,1200.0,1200.0,1200.0,1200.0,1200.0,1200.0,1200.0,1200.0,1200.0,1200.0,1200.0,1200.0,1200.0,1200.0,1200.0,1200.0,1200.0,1200.0,1200.0,1200.0,1200.0,timeout,timeout,timeout,timeout,timeout,timeout,timeout,timeout,timeout,timeout,timeout,timeout,timeout,timeout,timeout,timeout,timeout,timeout,timeout,timeout,timeout,timeout,timeout,timeout,timeout,timeout,timeout,timeout,timeout,timeout,timeout,
SAT_Competition2007/crafted/Hard/contest03/others/999999000001nw.sat05-447.reshuffled-07.cnf,999999000001nw.sat05-447.reshuffled-07,/Users/herreran/Documents/Universidad/practica-invg/data/sat/instances/sc2012-hard-combinatorial/Hard Combinatorial SAT+UNSAT/SATCompetition2007/crafted/Hard/contest03/others/999999000001nw.sat05-447.reshuffled-07.cnf,5000.0,qutersat,438.81,352.34,342.32,1200.0,1200.0,399.33,1200.999,492.73,1200.0,259.98,1200.0,1200.0,367.92,255.32,324.19,273.34,536.21,932.03,854.58,225.94,1089.83,350.66,965.31,1200.0,1200.0,1200.0,1200.0,1200.0,575.92,905.07,1200.0,ok,ok,ok,timeout,timeout,ok,timeout,ok,timeout,ok,timeout,timeout,ok,ok,ok,ok,ok,ok,ok,ok,ok,ok,ok,timeout,timeout,timeout,timeout,timeout,ok,ok,timeout,/Users/herreran/Documents/Universidad/practica-invg/data/sat/datasets/sat_cnn_data_images/images/999999000001nw.sat05-447.reshuffled-07__0969cfa9ea81.npy
SAT_Competition2007/crafted/Hard/contest03/others/bqwh.40.reg.520.sat05-433.reshuffled-07.cnf,bqwh.40.reg.520.sat05-433.reshuffled-07,,5000.0,sparrow,1200.0,1200.0,1200.0,1200.0,1200.0,1200.0,1200.0,1200.0,1200.0,1200.0,1200.0,1200.0,1200.0,1200.0,1200.0,1200.0,1200.0,1200.0,1200.0,1200.0,1200.0,1200.0,1200.0,1200.0,1200.0,1200.0,1200.0,623.35,1200.0,1200.0,1200.0,timeout,timeout,timeout,timeout,timeout,timeout,timeout,timeout,timeout,timeout,timeout,timeout,timeout,timeout,timeout,timeout,timeout,timeout,timeout,timeout,timeout,timeout,timeout,timeout,timeout,timeout,timeout,ok,timeout,timeout,timeout,
SAT_Competition2007/crafted/Hard/contest03/others/bqwh.60.1080.sat05-436.reshuffled-07.cnf,bqwh.60.1080.sat05-436.reshuffled-07,,5000.0,clasp1,1200.0,1200.0,1200.0,1200.0,1200.0,1200.0,1200.0,1200.0,1200.0,1200.0,1200.0,1200.0,1200.0,1200.0,1200.0,1200.0,1200.0,1200.0,1200.0,1200.0,1200.0,1200.0,1200.0,1200.0,1200.0,1200.0,1200.0,1200.0,1200.0,1200.0,1200.0,timeout,timeout,timeout,timeout,timeout,timeout,timeout,timeout,timeout,timeout,timeout,timeout,timeout,timeout,timeout,timeout,timeout,timeout,timeout,timeout,timeout,timeout,timeout,timeout,timeout,timeout,timeout,timeout,timeout,timeout,timeout,
SAT_Competition2007/crafted/Hard/contest03/others/color-11-3.sat05-445.reshuffled-07.cnf,color-11-3.sat05-445.reshuffled-07,,5000.0,clasp1,1200.0,1200.0,1200.0,1200.0,1200.0,1200.0,1200.0,1200.0,1200.0,1200.0,1200.0,1200.0,1200.0,1200.0,1200.0,1200.0,1200.0,1200.0,1200.0,1200.0,1200.0,1200.0,1200.0,1200.0,1200.0,1200.0,1200.0,1200.0,1200.0,1200.0,1200.0,timeout,timeout,timeout,timeout,timeout,timeout,timeout,timeout,timeout,timeout,timeout,timeout,timeout,timeout,timeout,timeout,timeout,timeout,timeout,timeout,timeout,timeout,timeout,timeout,timeout,timeout,timeout,timeout,timeout,timeout,timeout,
SAT_Competition2007/crafted/Hard/contest03/others/color-18-4.sat05-443.reshuffled-07.cnf,color-18-4.sat05-443.reshuffled-07,,5000.0,clasp1,1200.0,1200.0,1200.0,1200.0,1200.0,1200.0,1200.0,1200.0,1200.0,1200.0,1200.0,1200.0,1200.0,1200.0,1200.0,1200.0,1200.0,1200.0,1200.0,1200.0,1200.0,1200.0,1200.0,1200.0,1200.0,1200.0,1200.0,1200.0,1200.0,1200.0,1200.0,timeout,timeout,timeout,timeout,timeout,timeout,timeout,timeout,timeout,timeout,timeout,timeout,timeout,timeout,timeout,timeout,timeout,timeout,timeout,timeout,timeout,timeout,timeout,timeout,timeout,timeout,timeout,timeout,timeout,timeout,timeout,
SAT_Competition2007/crafted/Hard/contest03/others/hwb-n26-03-S540351185.sat05-490.reshuffled-07.cnf,hwb-n26-03-S540351185.sat05-490.reshuffled-07,/Users/herreran/Documents/Universidad/practica-invg/data/sat/instances/sc2012-hard-combinatorial/Hard Combinatorial SAT+UNSAT/SATCompetition2007/crafted/Hard/contest03/others/hwb-n26-03-S540351185.sat05-490.reshuffled-07.cnf,5000.0,picosat,958.02,781.59,1200.0,1200.0,1200.0,1200.0,1200.0,1200.0,1200.0,1200.0,1200.0,856.34,1200.0,1200.0,1134.73,1200.0,458.96,450.9,1200.0,1200.0,1200.0,1200.0,1200.0,1200.0,1200.0,1200.0,1200.0,1200.0,1200.0,1200.0,1200.0,ok,ok,timeout,timeout,timeout,timeout,timeout,timeout,timeout,timeout,timeout,ok,timeout,timeout,ok,timeout,ok,ok,timeout,timeout,timeout,timeout,timeout,timeout,timeout,timeout,timeout,timeout,timeout,timeout,timeout,/Users/herreran/Documents/Universidad/practica-invg/data/sat/datasets/sat_cnn_data_images/images/hwb-n26-03-S540351185.sat05-490.reshuffled-07__5e7ffc54f98d.npy
SAT_Competition2007/crafted/Hard/contest03/others/hwb-n28-01-S136611085.sat05-491.reshuffled-07.cnf,hwb-n28-01-S136611085.sat05-491.reshuffled-07,/Users/herreran/Documents/Universidad/practica-invg/data/sat/instances/sc2012-hard-combinatorial/Hard Combinatorial SAT+UNSAT/SATCompetition2007/crafted/Hard/contest03/others/hwb-n28-01-S136611085.sat05-491.reshuffled-07.cnf,5000.0,picosat,1200.0,1200.0,1200.0,1200.0,1200.0,1200.0,1200.0,1200.0,1200.0,1200.0,1200.0,1200.0,1200.0,1200.0,1200.0,1200.0,786.69,562.76,1200.0,1200.0,1200.0,1200.0,1200.0,1200.0,1200.0,1200.0,1200.0,1200.0,1200.0,1200.0,1200.0,timeout,timeout,timeout,timeout,timeout,timeout,timeout,timeout,timeout,timeout,timeout,timeout,timeout,timeout,timeout,timeout,ok,ok,timeout,timeout,timeout,timeout,timeout,timeout,timeout,timeout,timeout,timeout,timeout,timeout,timeout,/Users/herreran/Documents/Universidad/practica-invg/data/sat/datasets/sat_cnn_data_images/images/hwb-n28-01-S136611085.sat05-491.reshuffled-07__e2c02a9e0109.npy
SAT_Competition2007/crafted/Hard/contest03/others/hwb-n28-02-S818962541.sat05-492.reshuffled-07.cnf,hwb-n28-02-S818962541.sat05-492.reshuffled-07,,5000.0,clasp1,1200.0,1200.0,1200.0,1200.0,1200.0,1200.0,1200.0,1200.0,1200.0,1200.0,1200.0,1200.0,1200.0,1200.0,1200.0,1200.0,1200.0,1200.0,1200.0,1200.0,1200.0,1200.0,1200.0,1200.0,1200.0,1200.0,1200.0,1200.0,1200.0,1200.0,1200.0,timeout,timeout,timeout,timeout,timeout,timeout,timeout,timeout,timeout,timeout,timeout,timeout,timeout,timeout,timeout,timeout,timeout,timeout,timeout,timeout,timeout,timeout,timeout,timeout,timeout,timeout,timeout,timeout,timeout,timeout,timeout,
SAT_Competition2007/crafted/Hard/contest03/others/hwb-n32-01-S1491788039.sat05-497.reshuffled-07.cnf,hwb-n32-01-S1491788039.sat05-497.reshuffled-07,,5000.0,clasp1,1200.0,1200.0,1200.0,1200.0,1200.0,1200.0,1200.0,1200.0,1200.0,1200.0,1200.0,1200.0,1200.0,1200.0,1200.0,1200.0,1200.0,1200.0,1200.0,1200.0,1200.0,1200.0,1200.0,1200.0,1200.0,1200.0,1200.0,1200.0,1200.0,1200.0,1200.0,timeout,timeout,timeout,timeout,timeout,timeout,timeout,timeout,timeout,timeout,timeout,timeout,timeout,timeout,timeout,timeout,timeout,timeout,timeout,timeout,timeout,timeout,timeout,timeout,timeout,timeout,timeout,timeout,timeout,timeout,timeout,
SAT_Competition2007/crafted/Hard/contest03/others/mm-2x3-8-8-sb.1.sat05-475.reshuffled-07.cnf,mm-2x3-8-8-sb.1.sat05-475.reshuffled-07,,5000.0,clasp1,1200.0,1200.0,1200.0,1200.0,1200.0,1200.0,1200.0,1200.0,1200.0,1200.0,1200.0,1200.0,1200.0,1200.0,1200.0,1200.0,1200.0,1200.0,1200.0,1200.0,1200.0,1200.0,1200.0,1200.0,1200.0,1200.0,1200.0,1200.0,1200.0,1200.0,1200.0,timeout,timeout,timeout,timeout,timeout,timeout,timeout,timeout,timeout,timeout,timeout,timeout,timeout,timeout,timeout,timeout,timeout,timeout,timeout,timeout,timeout,timeout,timeout,timeout,timeout,timeout,timeout,timeout,timeout,timeout,timeout,
SAT_Competition2007/crafted/Hard/contest04/connamacher/connm-ue-csp-sat-n1200-d-0.02-s383740539.sat05-534.reshuffled-07.cnf,connm-ue-csp-sat-n1200-d-0.02-s383740539.sat05-534.reshuffled-07,,5000.0,clasp1,1200.0,1200.0,1200.0,1200.0,1200.0,1200.0,1200.0,1200.0,1200.0,1200.0,1200.0,1200.0,1200.0,1200.0,1200.0,1200.0,1200.0,1200.0,1200.0,1200.0,1200.0,1200.0,1200.0,1200.0,1200.0,1200.0,1200.0,1200.0,1200.0,1200.0,1200.0,timeout,timeout,timeout,timeout,timeout,timeout,timeout,timeout,timeout,timeout,timeout,timeout,timeout,timeout,timeout,timeout,timeout,timeout,timeout,timeout,timeout,timeout,timeout,timeout,timeout,timeout,timeout,timeout,timeout,timeout,timeout,
SAT_Competition2007/crafted/Hard/contest04/connamacher/connm-ue-csp-sat-n1200-d-0.02-s405595518.sat05-531.reshuffled-07.cnf,connm-ue-csp-sat-n1200-d-0.02-s405595518.sat05-531.reshuffled-07,,5000.0,cryptominisat2011,1200.0,1200.0,895.11,1200.0,1200.0,1200.0,1200.0,1200.0,1200.0,1200.0,1200.0,1200.0,1200.0,1200.0,1200.0,1200.0,1200.0,1200.0,1200.0,1200.0,1200.0,1200.0,1200.0,1200.0,1200.0,1200.0,1200.0,1200.0,1200.0,1200.0,1200.0,timeout,timeout,ok,timeout,timeout,timeout,timeout,timeout,timeout,timeout,timeout,timeout,timeout,timeout,timeout,timeout,timeout,timeout,timeout,timeout,timeout,timeout,timeout,timeout,timeout,timeout,timeout,timeout,timeout,timeout,timeout,
SAT_Competition2007/crafted/Hard/contest04/connamacher/connm-ue-csp-sat-n1200-d0.00-s1756632460.sat05-526.reshuffled-07.cnf,connm-ue-csp-sat-n1200-d0.00-s1756632460.sat05-526.reshuffled-07,,5000.0,clasp1,1200.0,1200.0,1200.0,1200.0,1200.0,1200.0,1200.0,1200.0,1200.0,1200.0,1200.0,1200.0,1200.0,1200.0,1200.0,1200.0,1200.0,1200.0,1200.0,1200.0,1200.0,1200.0,1200.0,1200.0,1200.0,1200.0,1200.0,1200.0,1200.0,1200.0,1200.0,timeout,timeout,timeout,timeout,timeout,timeout,timeout,timeout,timeout,timeout,timeout,timeout,timeout,timeout,timeout,timeout,timeout,timeout,timeout,timeout,timeout,timeout,timeout,timeout,timeout,timeout,timeout,timeout,timeout,timeout,timeout,
SAT_Competition2007/crafted/Hard/contest04/connamacher/connm-ue-csp-sat-n1200-d0.00-s1875077647.sat05-530.reshuffled-07.cnf,connm-ue-csp-sat-n1200-d0.00-s1875077647.sat05-530.reshuffled-07,,5000.0,clasp1,1200.0,1200.0,1200.0,1200.0,1200.0,1200.0,1200.0,1200.0,1200.0,1200.0,1200.0,1200.0,1200.0,1200.0,1200.0,1200.0,1200.0,1200.0,1200.0,1200.0,1200.0,1200.0,1200.0,1200.0,1200.0,1200.0,1200.0,1200.0,1200.0,1200.0,1200.0,timeout,timeout,timeout,timeout,timeout,timeout,timeout,timeout,timeout,timeout,timeout,timeout,timeout,timeout,timeout,timeout,timeout,timeout,timeout,timeout,timeout,timeout,timeout,timeout,timeout,timeout,timeout,timeout,timeout,timeout,timeout,
SAT_Competition2007/crafted/Hard/contest04/connamacher/connm-ue-csp-sat-n1200-d0.02-s1099787414.sat05-542.reshuffled-07.cnf,connm-ue-csp-sat-n1200-d0.02-s1099787414.sat05-542.reshuffled-07,,5000.0,clasp1,1200.0,1200.0,1200.0,1200.0,1200.0,1200.0,1200.0,1200.0,1200.0,1200.0,1200.0,1200.0,1200.0,1200.0,1200.0,1200.0,1200.0,1200.0,1200.0,1200.0,1200.0,1200.0,1200.0,1200.0,1200.0,1200.0,1200.0,1200.0,1200.0,1200.0,1200.0,timeout,timeout,timeout,timeout,timeout,timeout,timeout,timeout,timeout,timeout,timeout,timeout,timeout,timeout,timeout,timeout,timeout,timeout,timeout,timeout,timeout,timeout,timeout,timeout,timeout,timeout,timeout,timeout,timeout,timeout,timeout,
SAT_Competition2007/crafted/Hard/contest04/connamacher/connm-ue-csp-sat-n1200-d0.04-s736572600.sat05-546.reshuffled-07.cnf,connm-ue-csp-sat-n1200-d0.04-s736572600.sat05-546.reshuffled-07,,5000.0,clasp1,1200.0,1200.0,1200.0,1200.0,1200.0,1200.0,1200.0,1200.0,1200.0,1200.0,1200.0,1200.0,1200.0,1200.0,1200.0,1200.0,1200.0,1200.0,1200.0,1200.0,1200.0,1200.0,1200.0,1200.0,1200.0,1200.0,1200.0,1200.0,1200.0,1200.0,1200.0,timeout,timeout,timeout,timeout,timeout,timeout,timeout,timeout,timeout,timeout,timeout,timeout,timeout,timeout,timeout,timeout,timeout,timeout,timeout,timeout,timeout,timeout,timeout,timeout,timeout,timeout,timeout,timeout,timeout,timeout,timeout,
SAT_Competition2007/crafted/Hard/contest04/connamacher/connm-ue-csp-sat-n800-d-0.02-s1542454144.sat05-533.reshuffled-07.cnf,connm-ue-csp-sat-n800-d-0.02-s1542454144.sat05-533.reshuffled-07,/Users/herreran/Documents/Universidad/practica-invg/data/sat/instances/sc2012-hard-combinatorial/Hard Combinatorial SAT+UNSAT/SATCompetition2007/crafted/Hard/contest04/connamacher/connm-ue-csp-sat-n800-d-0.02-s1542454144.sat05-533.reshuffled-07.cnf,5000.0,clasp1,1200.0,1200.0,1200.0,1200.0,1200.0,1200.0,1200.0,1200.0,1200.0,1200.0,1200.0,1200.0,1200.0,1200.0,1200.0,1200.0,1200.0,1200.0,1200.0,1200.0,1200.0,1200.0,1200.0,1200.0,1200.0,1200.0,1200.0,1200.0,1200.0,1200.0,1200.0,timeout,timeout,timeout,timeout,timeout,timeout,timeout,timeout,timeout,timeout,timeout,timeout,timeout,timeout,timeout,timeout,timeout,timeout,timeout,timeout,timeout,timeout,timeout,timeout,timeout,timeout,timeout,timeout,timeout,timeout,timeout,/Users/herreran/Documents/Universidad/practica-invg/data/sat/datasets/sat_cnn_data_images/images/connm-ue-csp-sat-n800-d-0.02-s1542454144.sat05-533.reshuffled-07__ebbf09c809e2.npy
SAT_Competition2007/crafted/Hard/contest04/connamacher/connm-ue-csp-sat-n800-d0.02-s111845174.sat05-536.reshuffled-07.cnf,connm-ue-csp-sat-n800-d0.02-s111845174.sat05-536.reshuffled-07,,5000.0,clasp1,1200.0,1200.0,1200.0,1200.0,1200.0,1200.0,1200.0,1200.0,1200.0,1200.0,1200.0,1200.0,1200.0,1200.0,1200.0,1200.0,1200.0,1200.0,1200.0,1200.0,1200.0,1200.0,1200.0,1200.0,1200.0,1200.0,1200.0,1200.0,1200.0,1200.0,1200.0,timeout,timeout,timeout,timeout,timeout,timeout,timeout,timeout,timeout,timeout,timeout,timeout,timeout,timeout,timeout,timeout,timeout,timeout,timeout,timeout,timeout,timeout,timeout,timeout,timeout,timeout,timeout,timeout,timeout,timeout,timeout,
SAT_Competition2007/crafted/Hard/contest04/connamacher/connm-ue-csp-sat-n800-d0.02-s925928766.sat05-538.reshuffled-07.cnf,connm-ue-csp-sat-n800-d0.02-s925928766.sat05-538.reshuffled-07,/Users/herreran/Documents/Universidad/practica-invg/data/sat/instances/sc2012-hard-combinatorial/Hard Combinatorial SAT+UNSAT/SATCompetition2007/crafted/Hard/contest04/connamacher/connm-ue-csp-sat-n800-d0.02-s925928766.sat05-538.reshuffled-07.cnf,5000.0,mxc09,567.59,430.96,697.62,1200.0,1200.0,1200.0,969.48,1200.0,1200.0,1200.0,1200.0,1200.0,1200.0,596.38,756.97,495.44,345.2,365.04,1200.0,586.62,1200.0,1200.0,1200.0,1200.0,1200.0,1200.0,1200.0,1200.0,1200.0,1200.0,1200.0,ok,ok,ok,timeout,timeout,timeout,ok,timeout,timeout,timeout,timeout,timeout,timeout,ok,ok,ok,ok,ok,timeout,ok,timeout,timeout,timeout,timeout,timeout,timeout,timeout,timeout,timeout,timeout,timeout,/Users/herreran/Documents/Universidad/practica-invg/data/sat/datasets/sat_cnn_data_images/images/connm-ue-csp-sat-n800-d0.02-s925928766.sat05-538.reshuffled-07__5580210c2aac.npy
SAT_Competition2007/crafted/Hard/contest04/connamacher/connm-ue-csp-sat-n800-d0.04-s1788334438.sat05-543.reshuffled-07.cnf,connm-ue-csp-sat-n800-d0.04-s1788334438.sat05-543.reshuffled-07,,5000.0,clasp1,1200.0,1200.0,1200.0,1200.0,1200.0,1200.0,1200.0,1200.0,1200.0,1200.0,1200.0,1200.0,1200.0,1200.0,1200.0,1200.0,1200.0,1200.0,1200.0,1200.0,1200.0,1200.0,1200.0,1200.0,1200.0,1200.0,1200.0,1200.0,1200.0,1200.0,1200.0,timeout,timeout,timeout,timeout,timeout,timeout,timeout,timeout,timeout,timeout,timeout,timeout,timeout,timeout,timeout,timeout,timeout,timeout,timeout,timeout,timeout,timeout,timeout,timeout,timeout,timeout,timeout,timeout,timeout,timeout,timeout,
SAT_Competition2007/crafted/Hard/contest04/others/Composite-048BitPrimes-0.sat05-503.reshuffled-07.cnf,Composite-048BitPrimes-0.sat05-503.reshuffled-07,,5000.0,clasp1,1200.0,1200.0,1200.0,1200.0,1200.0,1200.0,1200.0,1200.0,1200.0,1200.0,1200.0,1200.0,1200.0,1200.0,1200.0,1200.0,1200.0,1200.0,1200.0,1200.0,1200.0,1200.0,1200.0,1200.0,1200.0,1200.0,1200.0,1200.0,1200.0,1200.0,1200.0,timeout,timeout,timeout,timeout,timeout,timeout,timeout,timeout,timeout,timeout,timeout,timeout,timeout,timeout,timeout,timeout,timeout,timeout,timeout,timeout,timeout,timeout,timeout,timeout,timeout,timeout,timeout,timeout,timeout,timeout,timeout,
SAT_Competition2007/crafted/Hard/contest04/others/Composite-048BitPrimes-1.sat05-504.reshuffled-07.cnf,Composite-048BitPrimes-1.sat05-504.reshuffled-07,,5000.0,clasp1,1200.0,1200.0,1200.0,1200.0,1200.0,1200.0,1200.0,1200.0,1200.0,1200.0,1200.0,1200.0,1200.0,1200.0,1200.0,1200.0,1200.0,1200.0,1200.0,1200.0,1200.0,1200.0,1200.0,1200.0,1200.0,1200.0,1200.0,1200.0,1200.0,1200.0,1200.0,timeout,timeout,timeout,timeout,timeout,timeout,timeout,timeout,timeout,timeout,timeout,timeout,timeout,timeout,timeout,timeout,timeout,timeout,timeout,timeout,timeout,timeout,timeout,timeout,timeout,timeout,timeout,timeout,timeout,timeout,timeout,
SAT_Competition2007/crafted/Hard/contest04/others/Composite-064BitPrimes-1.sat05-506.reshuffled-07.cnf,Composite-064BitPrimes-1.sat05-506.reshuffled-07,,5000.0,clasp1,1200.0,1200.0,1200.0,1200.0,1200.0,1200.0,1200.0,1200.0,1200.0,1200.0,1200.0,1200.0,1200.0,1200.0,1200.0,1200.0,1200.0,1200.0,1200.0,1200.0,1200.0,1200.0,1200.0,1200.0,1200.0,1200.0,1200.0,1200.0,1200.0,1200.0,1200.0,timeout,timeout,timeout,timeout,timeout,timeout,timeout,timeout,timeout,timeout,timeout,timeout,timeout,timeout,timeout,timeout,timeout,timeout,timeout,timeout,timeout,timeout,timeout,timeout,timeout,timeout,timeout,timeout,timeout,timeout,timeout,
SAT_Competition2007/crafted/Hard/contest04/others/Composite-096BitPrimes-0.sat05-507.reshuffled-07.cnf,Composite-096BitPrimes-0.sat05-507.reshuffled-07,,5000.0,clasp1,1200.0,1200.0,1200.0,1200.0,1200.0,1200.0,1200.0,1200.0,1200.0,1200.0,1200.0,1200.0,1200.0,1200.0,1200.0,1200.0,1200.0,1200.0,1200.0,1200.0,1200.0,1200.0,1200.0,1200.0,1200.0,1200.0,1200.0,1200.0,1200.0,1200.0,1200.0,timeout,timeout,timeout,timeout,timeout,timeout,timeout,timeout,timeout,timeout,timeout,timeout,timeout,timeout,timeout,timeout,timeout,timeout,timeout,timeout,timeout,timeout,timeout,timeout,timeout,timeout,timeout,timeout,timeout,timeout,timeout,
SAT_Competition2007/crafted/Hard/contest04/others/CompositeRSA576.sat05-509.reshuffled-07.cnf,CompositeRSA576.sat05-509.reshuffled-07,,5000.0,clasp1,1200.0,1200.0,1200.0,1200.0,1200.0,1200.0,1200.0,1200.0,1200.0,1200.0,1200.0,1200.0,1200.0,1200.0,1200.0,1200.0,1200.0,1200.0,1200.0,1200.0,1200.0,1200.0,1200.0,1200.0,1200.0,1200.0,1200.0,1200.0,1200.0,1200.0,1200.0,timeout,timeout,timeout,timeout,timeout,timeout,timeout,timeout,timeout,timeout,timeout,timeout,timeout,timeout,timeout,timeout,timeout,timeout,timeout,timeout,timeout,timeout,timeout,timeout,timeout,timeout,timeout,timeout,timeout,timeout,timeout,
SAT_Competition2007/crafted/Hard/contest04/others/equilarge_l2.sat05-519.reshuffled-07.cnf,equilarge_l2.sat05-519.reshuffled-07,,5000.0,marchrw,1200.0,1200.0,1200.0,1200.0,1200.0,1200.0,1200.0,1200.0,1200.0,1200.0,1200.0,933.74,1200.0,1200.0,1200.0,1200.0,1200.0,1200.0,1200.0,1200.0,1200.0,1200.0,1200.0,1200.0,1200.0,1200.0,1200.0,1200.0,1200.0,1200.0,1200.0,timeout,timeout,timeout,timeout,timeout,timeout,timeout,timeout,timeout,timeout,timeout,ok,timeout,timeout,timeout,timeout,timeout,timeout,timeout,timeout,timeout,timeout,timeout,timeout,timeout,timeout,timeout,timeout,timeout,timeout,timeout,
SAT_Competition2007/crafted/Hard/contest04/others/equilarge_l3.sat05-520.reshuffled-07.cnf,equilarge_l3.sat05-520.reshuffled-07,,5000.0,marchrw,1200.0,1200.0,1200.0,1200.0,1200.0,1200.0,1200.0,1200.0,1200.0,1200.0,1200.0,788.82,1200.0,1200.0,1200.0,1200.0,1200.0,1200.0,1200.0,1200.0,1200.0,1200.0,1200.0,1200.0,1200.0,1200.0,1200.0,1200.0,1200.0,1200.0,1200.0,timeout,timeout,timeout,timeout,timeout,timeout,timeout,timeout,timeout,timeout,timeout,ok,timeout,timeout,timeout,timeout,timeout,timeout,timeout,timeout,timeout,timeout,timeout,timeout,timeout,timeout,timeout,timeout,timeout,timeout,timeout,
SAT_Competition2007/crafted/Hard/contest04/others/equilarge_l4.sat05-521.reshuffled-07.cnf,equilarge_l4.sat05-521.reshuffled-07,,5000.0,marchrw,1200.0,1200.0,1200.0,1200.0,1200.0,1200.0,1200.0,1200.0,1200.0,1200.0,1200.0,638.8,1200.0,1200.0,1200.0,1200.0,1200.0,1200.0,1200.0,1200.0,1200.0,1200.0,1200.0,1200.0,1200.0,1200.0,1200.0,1200.0,1200.0,1200.0,1200.0,timeout,timeout,timeout,timeout,timeout,timeout,timeout,timeout,timeout,timeout,timeout,ok,timeout,timeout,timeout,timeout,timeout,timeout,timeout,timeout,timeout,timeout,timeout,timeout,timeout,timeout,timeout,timeout,timeout,timeout,timeout,
SAT_Competition2007/crafted/Hard/contest04/others/equilarge_l5.sat05-522.reshuffled-07.cnf,equilarge_l5.sat05-522.reshuffled-07,,5000.0,clasp1,1200.0,1200.0,1200.0,1200.0,1200.0,1200.0,1200.0,1200.0,1200.0,1200.0,1200.0,1200.0,1200.0,1200.0,1200.0,1200.0,1200.0,1200.0,1200.0,1200.0,1200.0,1200.0,1200.0,1200.0,1200.0,1200.0,1200.0,1200.0,1200.0,1200.0,1200.0,timeout,timeout,timeout,timeout,timeout,timeout,timeout,timeout,timeout,timeout,timeout,timeout,timeout,timeout,timeout,timeout,timeout,timeout,timeout,timeout,timeout,timeout,timeout,timeout,timeout,timeout,timeout,timeout,timeout,timeout,timeout,
SAT_Competition2007/crafted/Hard/contest04/others/ramsey.sat05-511.reshuffled-07.cnf,ramsey.sat05-511.reshuffled-07,,5000.0,clasp1,1200.0,1200.0,1200.0,1200.0,1200.0,1200.0,1200.0,1200.0,1200.0,1200.0,1200.0,1200.0,1200.0,1200.0,1200.0,1200.0,1200.0,1200.0,1200.0,1200.0,1200.0,1200.0,1200.0,1200.0,1200.0,1200.0,1200.0,1200.0,1200.0,1200.0,1200.0,timeout,timeout,timeout,timeout,timeout,timeout,timeout,timeout,timeout,timeout,timeout,timeout,timeout,timeout,timeout,timeout,timeout,timeout,timeout,timeout,timeout,timeout,timeout,timeout,timeout,timeout,timeout,timeout,timeout,timeout,timeout,
SAT_Competition2007/crafted/Hard/contest05/QG/QG7-dead-dnd001.sat05-3419.reshuffled-07.cnf,QG7-dead-dnd001.sat05-3419.reshuffled-07,/Users/herreran/Documents/Universidad/practica-invg/data/sat/instances/sc2012-hard-combinatorial/Hard Combinatorial SAT+UNSAT/SATCompetition2007/crafted/Hard/contest05/QG/QG7-dead-dnd001.sat05-3419.reshuffled-07.cnf,5000.0,clasp1,236.3,252.74,1200.0,1200.0,1200.0,1200.0,1200.0,1200.0,1200.0,1200.0,1200.0,1200.0,1200.0,922.37,565.65,950.04,1200.0,1200.0,1200.0,1200.0,1200.0,1200.0,1200.0,1200.0,1200.0,1200.0,1200.0,1200.0,1200.0,1200.0,1200.0,ok,ok,timeout,timeout,timeout,timeout,timeout,timeout,timeout,timeout,timeout,timeout,timeout,ok,ok,ok,timeout,timeout,timeout,timeout,timeout,timeout,timeout,timeout,timeout,timeout,timeout,timeout,timeout,timeout,timeout,/Users/herreran/Documents/Universidad/practica-invg/data/sat/datasets/sat_cnn_data_images/images/QG7-dead-dnd001.sat05-3419.reshuffled-07__4508f8623c82.npy
SAT_Competition2007/crafted/Hard/contest05/QG/QG7-dead-dnd002.sat05-3108.reshuffled-07.cnf,QG7-dead-dnd002.sat05-3108.reshuffled-07,/Users/herreran/Documents/Universidad/practica-invg/data/sat/instances/sc2012-hard-combinatorial/Hard Combinatorial SAT+UNSAT/SATCompetition2007/crafted/Hard/contest05/QG/QG7-dead-dnd002.sat05-3108.reshuffled-07.cnf,5000.0,clasp2,638.87,492.79,1200.0,1200.0,1200.0,1200.0,838.87,1200.0,1200.0,1200.0,1200.0,1200.0,1200.0,1200.0,839.16,1200.0,1200.0,1200.0,1200.0,1200.0,1200.0,1200.0,1200.0,1200.0,1200.0,1200.0,1200.0,1200.0,1200.0,1200.0,1200.0,ok,ok,timeout,timeout,timeout,timeout,ok,timeout,timeout,timeout,timeout,timeout,timeout,timeout,ok,timeout,timeout,timeout,timeout,timeout,timeout,timeout,timeout,timeout,timeout,timeout,timeout,timeout,timeout,timeout,timeout,/Users/herreran/Documents/Universidad/practica-invg/data/sat/datasets/sat_cnn_data_images/images/QG7-dead-dnd002.sat05-3108.reshuffled-07__ad41b6a3d768.npy
SAT_Competition2007/crafted/Hard/contest05/QG/QG7-dead-dnd005.sat05-3111.reshuffled-07.cnf,QG7-dead-dnd005.sat05-3111.reshuffled-07,/Users/herreran/Documents/Universidad/practica-invg/data/sat/instances/sc2012-hard-combinatorial/Hard Combinatorial SAT+UNSAT/SATCompetition2007/crafted/Hard/contest05/QG/QG7-dead-dnd005.sat05-3111.reshuffled-07.cnf,5000.0,clasp1,340.32,362.69,1200.0,1200.0,1200.0,568.47,1200.0,1200.0,1200.0,1200.0,1200.0,1200.0,1200.0,1200.0,628.15,1200.0,1200.0,1200.0,1200.0,1200.0,1200.0,735.73,763.57,1200.0,1200.0,1200.0,1200.0,1200.0,646.26,1200.0,1200.0,ok,ok,timeout,timeout,timeout,ok,timeout,timeout,timeout,timeout,timeout,timeout,timeout,timeout,ok,timeout,timeout,timeout,timeout,timeout,timeout,ok,ok,timeout,timeout,timeout,timeout,timeout,ok,timeout,timeout,/Users/herreran/Documents/Universidad/practica-invg/data/sat/datasets/sat_cnn_data_images/images/QG7-dead-dnd005.sat05-3111.reshuffled-07__add4765ed090.npy
SAT_Competition2007/crafted/Hard/contest05/QG/QG7-gensys-icl100.sat05-3226.reshuffled-07.cnf,QG7-gensys-icl100.sat05-3226.reshuffled-07,/Users/herreran/Documents/Universidad/practica-invg/data/sat/instances/sc2012-hard-combinatorial/Hard Combinatorial SAT+UNSAT/SATCompetition2007/crafted/Hard/contest05/QG/QG7-gensys-icl100.sat05-3226.reshuffled-07.cnf,5000.0,clasp2,604.42,477.97,1200.0,1200.0,1200.0,1200.0,1200.0,1200.0,1200.0,1200.0,1200.0,1200.0,1200.0,1200.0,1200.0,1200.0,1200.0,1200.0,1200.0,1200.0,1200.0,1200.0,1200.0,1200.0,1200.0,1200.0,1200.0,1200.0,1200.0,1200.0,1200.0,ok,ok,timeout,timeout,timeout,timeout,timeout,timeout,timeout,timeout,timeout,timeout,timeout,timeout,timeout,timeout,timeout,timeout,timeout,timeout,timeout,timeout,timeout,timeout,timeout,timeout,timeout,timeout,timeout,timeout,timeout,/Users/herreran/Documents/Universidad/practica-invg/data/sat/datasets/sat_cnn_data_images/images/QG7-gensys-icl100.sat05-3226.reshuffled-07__29a5bbf3195e.npy
SAT_Competition2007/crafted/Hard/contest05/QG/QG7-gensys-ukn003.sat05-3346.reshuffled-07.cnf,QG7-gensys-ukn003.sat05-3346.reshuffled-07,/Users/herreran/Documents/Universidad/practica-invg/data/sat/instances/sc2012-hard-combinatorial/Hard Combinatorial SAT+UNSAT/SATCompetition2007/crafted/Hard/contest05/QG/QG7-gensys-ukn003.sat05-3346.reshuffled-07.cnf,5000.0,clasp1,280.87,323.69,1200.0,1200.0,1200.0,1200.0,1200.0,1200.0,1200.0,1200.0,1200.0,1200.0,1200.0,1200.0,1200.0,1200.0,1200.0,1200.0,1200.0,1200.0,1200.0,1200.0,1200.0,1200.0,1200.0,1200.0,1200.0,1200.0,1200.0,1200.0,1200.0,ok,ok,timeout,timeout,timeout,timeout,timeout,timeout,timeout,timeout,timeout,timeout,timeout,timeout,timeout,timeout,timeout,timeout,timeout,timeout,timeout,timeout,timeout,timeout,timeout,timeout,timeout,timeout,timeout,timeout,timeout,/Users/herreran/Documents/Universidad/practica-invg/data/sat/datasets/sat_cnn_data_images/images/QG7-gensys-ukn003.sat05-3346.reshuffled-07__3bbf1bfefb4d.npy
SAT_Competition2007/crafted/Hard/contest05/QG/QG7a-gensys-icl001.sat05-3822.reshuffled-07.cnf,QG7a-gensys-icl001.sat05-3822.reshuffled-07,/Users/herreran/Documents/Universidad/practica-invg/data/sat/instances/sc2012-hard-combinatorial/Hard Combinatorial SAT+UNSAT/SATCompetition2007/crafted/Hard/contest05/QG/QG7a-gensys-icl001.sat05-3822.reshuffled-07.cnf,5000.0,cryptominisat2011,193.38,153.82,145.35,1200.0,920.12,1200.0,209.73,206.23,1200.0,1200.0,1200.0,1200.0,1200.0,448.29,766.33,587.82,1200.0,1200.0,562.05,183.5,1178.25,1200.0,1200.0,1200.0,1200.0,1200.0,419.21,1200.0,1200.0,1200.0,1200.0,ok,ok,ok,timeout,ok,timeout,ok,ok,timeout,timeout,timeout,timeout,timeout,ok,ok,ok,timeout,timeout,ok,ok,ok,timeout,timeout,timeout,timeout,timeout,ok,timeout,timeout,timeout,timeout,/Users/herreran/Documents/Universidad/practica-invg/data/sat/datasets/sat_cnn_data_images/images/QG7a-gensys-icl001.sat05-3822.reshuffled-07__3c3537df5a02.npy
SAT_Competition2007/crafted/Hard/contest05/QG/QG7a-gensys-icl004.sat05-3825.reshuffled-07.cnf,QG7a-gensys-icl004.sat05-3825.reshuffled-07,/Users/herreran/Documents/Universidad/practica-invg/data/sat/instances/sc2012-hard-combinatorial/Hard Combinatorial SAT+UNSAT/SATCompetition2007/crafted/Hard/contest05/QG/QG7a-gensys-icl004.sat05-3825.reshuffled-07.cnf,5000.0,qutersat,36.56,38.96,37.25,1200.0,166.56,159.75,95.9,35.56,1200.0,610.63,401.99,1200.0,244.82,186.61,562.32,187.25,611.99,623.32,119.84,34.65,686.62,63.67,1139.62,1200.0,1200.0,1200.0,280.4,1200.0,1200.0,1200.0,1200.0,ok,ok,ok,timeout,ok,ok,ok,ok,timeout,ok,ok,timeout,ok,ok,ok,ok,ok,ok,ok,ok,ok,ok,ok,timeout,timeout,timeout,ok,timeout,timeout,timeout,timeout,/Users/herreran/Documents/Universidad/practica-invg/data/sat/datasets/sat_cnn_data_images/images/QG7a-gensys-icl004.sat05-3825.reshuffled-07__395188997b66.npy
SAT_Competition2007/crafted/Hard/contest05/QG/QG7a-gensys-icl009.sat05-3830.reshuffled-07.cnf,QG7a-gensys-icl009.sat05-3830.reshuffled-07,/Users/herreran/Documents/Universidad/practica-invg/data/sat/instances/sc2012-hard-combinatorial/Hard Combinatorial SAT+UNSAT/SATCompetition2007/crafted/Hard/contest05/QG/QG7a-gensys-icl009.sat05-3830.reshuffled-07.cnf,5000.0,cryptominisat2011,1072.88,850.85,732.11,1200.0,1200.0,1200.0,1200.0,1200.0,1200.0,1200.0,1200.0,1200.0,1200.0,1200.0,1200.0,1200.0,1200.0,1200.0,1200.0,1065.87,1200.0,1200.0,1200.0,1200.0,1200.0,1200.0,1200.0,1200.0,1200.0,1200.0,1200.0,ok,ok,ok,timeout,timeout,timeout,timeout,timeout,timeout,timeout,timeout,timeout,timeout,timeout,timeout,timeout,timeout,timeout,timeout,ok,timeout,timeout,timeout,timeout,timeout,timeout,timeout,timeout,timeout,timeout,timeout,/Users/herreran/Documents/Universidad/practica-invg/data/sat/datasets/sat_cnn_data_images/images/QG7a-gensys-icl009.sat05-3830.reshuffled-07__95cbde410050.npy
SAT_Competition2007/crafted/Hard/contest05/QG/QG7a-gensys-ukn002.sat05-3842.reshuffled-07.cnf,QG7a-gensys-ukn002.sat05-3842.reshuffled-07,/Users/herreran/Documents/Universidad/practica-invg/data/sat/instances/sc2012-hard-combinatorial/Hard Combinatorial SAT+UNSAT/SATCompetition2007/crafted/Hard/contest05/QG/QG7a-gensys-ukn002.sat05-3842.reshuffled-07.cnf,5000.0,clasp2,749.38,709.76,732.24,1200.0,1200.0,1200.0,1200.0,1200.0,1200.0,1200.0,1200.0,1200.0,1200.0,1200.0,1200.0,1200.0,1200.0,1200.0,1200.0,721.97,1200.0,1200.0,1200.0,1200.0,1200.0,1200.0,1200.0,1200.0,1200.0,1200.0,1200.0,ok,ok,ok,timeout,timeout,timeout,timeout,timeout,timeout,timeout,timeout,timeout,timeout,timeout,timeout,timeout,timeout,timeout,timeout,ok,timeout,timeout,timeout,timeout,timeout,timeout,timeout,timeout,timeout,timeout,timeout,/Users/herreran/Documents/Universidad/practica-invg/data/sat/datasets/sat_cnn_data_images/images/QG7a-gensys-ukn002.sat05-3842.reshuffled-07__50d09930e1de.npy
SAT_Competition2007/crafted/Hard/contest05/QG/QG7a-gensys-ukn009.sat05-3849.reshuffled-07.cnf,QG7a-gensys-ukn009.sat05-3849.reshuffled-07,/Users/herreran/Documents/Universidad/practica-invg/data/sat/instances/sc2012-hard-combinatorial/Hard Combinatorial SAT+UNSAT/SATCompetition2007/crafted/Hard/contest05/QG/QG7a-gensys-ukn009.sat05-3849.reshuffled-07.cnf,5000.0,clasp1,1099.57,1140.57,1200.0,1200.0,1200.0,1200.0,1200.0,1200.0,1200.0,1200.0,1200.0,1200.0,1200.0,1200.0,1200.0,1200.0,1200.0,1200.0,1200.0,1200.0,1200.0,1200.0,1200.0,1200.0,1200.0,1200.0,1200.0,1200.0,1200.0,1200.0,1200.0,ok,ok,timeout,timeout,timeout,timeout,timeout,timeout,timeout,timeout,timeout,timeout,timeout,timeout,timeout,timeout,timeout,timeout,timeout,timeout,timeout,timeout,timeout,timeout,timeout,timeout,timeout,timeout,timeout,timeout,timeout,/Users/herreran/Documents/Universidad/practica-invg/data/sat/datasets/sat_cnn_data_images/images/QG7a-gensys-ukn009.sat05-3849.reshuffled-07__6a618741ec31.npy
SAT_Competition2007/crafted/Hard/contest05/counting-clq/unsat-set-a-clqcolor-10-06-07.sat05-1250.reshuffled-07.cnf,unsat-set-a-clqcolor-10-06-07.sat05-1250.reshuffled-07,,5000.0,sol,1200.0,1200.0,576.4,1200.0,1009.17,1200.0,516.0,708.76,1200.0,618.61,1200.0,1200.0,480.75,1200.0,1200.0,1200.0,1200.0,1200.0,197.62,582.11,1200.0,1200.0,1200.0,1200.0,1200.0,1200.0,1.9,1200.0,1200.0,1200.0,1200.0,timeout,timeout,ok,timeout,ok,timeout,ok,ok,timeout,ok,timeout,timeout,ok,timeout,timeout,timeout,timeout,timeout,ok,ok,timeout,timeout,timeout,timeout,timeout,timeout,ok,timeout,timeout,timeout,timeout,
SAT_Competition2007/crafted/Hard/contest05/counting-clq/unsat-set-a-clqcolor-12-07-08.sat05-1251.reshuffled-07.cnf,unsat-set-a-clqcolor-12-07-08.sat05-1251.reshuffled-07,,5000.0,sol,1200.0,1200.0,1200.0,1200.0,1200.0,1200.0,1200.0,1200.0,1200.0,1200.0,1200.0,1200.0,1200.0,1200.0,1200.0,1200.0,1200.0,1200.0,1200.0,1200.0,1200.0,1200.0,1200.0,1200.0,1200.0,1200.0,16.62,1200.0,1200.0,1200.0,1200.0,timeout,timeout,timeout,timeout,timeout,timeout,timeout,timeout,timeout,timeout,timeout,timeout,timeout,timeout,timeout,timeout,timeout,timeout,timeout,timeout,timeout,timeout,timeout,timeout,timeout,timeout,ok,timeout,timeout,timeout,timeout,
SAT_Competition2007/crafted/Hard/contest05/counting-clq/unsat-set-a-clqcolor-16-10-11.sat05-1253.reshuffled-07.cnf,unsat-set-a-clqcolor-16-10-11.sat05-1253.reshuffled-07,,5000.0,clasp1,1200.0,1200.0,1200.0,1200.0,1200.0,1200.0,1200.0,1200.0,1200.0,1200.0,1200.0,1200.0,1200.0,1200.0,1200.0,1200.0,1200.0,1200.0,1200.0,1200.0,1200.0,1200.0,1200.0,1200.0,1200.0,1200.0,1200.0,1200.0,1200.0,1200.0,1200.0,timeout,timeout,timeout,timeout,timeout,timeout,timeout,timeout,timeout,timeout,timeout,timeout,timeout,timeout,timeout,timeout,timeout,timeout,timeout,timeout,timeout,timeout,timeout,timeout,timeout,timeout,timeout,timeout,timeout,timeout,timeout,
SAT_Competition2007/crafted/Hard/contest05/counting-clq/unsat-set-a-clqcolor-30-19-20.sat05-1256.reshuffled-07.cnf,unsat-set-a-clqcolor-30-19-20.sat05-1256.reshuffled-07,,5000.0,clasp1,1200.0,1200.0,1200.0,1200.0,1200.0,1200.0,1200.0,1200.0,1200.0,1200.0,1200.0,1200.0,1200.0,1200.0,1200.0,1200.0,1200.0,1200.0,1200.0,1200.0,1200.0,1200.0,1200.0,1200.0,1200.0,1200.0,1200.0,1200.0,1200.0,1200.0,1200.0,timeout,timeout,timeout,timeout,timeout,timeout,timeout,timeout,timeout,timeout,timeout,timeout,timeout,timeout,timeout,timeout,timeout,timeout,timeout,timeout,timeout,timeout,timeout,timeout,timeout,timeout,timeout,timeout,timeout,timeout,timeout,
SAT_Competition2007/crafted/Hard/contest05/counting-clq/unsat-set-a-fclqcolor-10-06-07.sat05-1274.reshuffled-07.cnf,unsat-set-a-fclqcolor-10-06-07.sat05-1274.reshuffled-07,,5000.0,sol,1200.0,1200.0,1012.21,1200.0,543.11,1200.0,258.2,421.08,1200.0,757.83,1200.0,1200.0,278.28,142.44,1200.0,146.67,1200.0,1200.0,203.01,1200.0,1200.0,1200.0,1200.0,1200.0,1200.0,1200.0,1.58,1200.0,1200.0,1200.0,1200.0,timeout,timeout,ok,timeout,ok,timeout,ok,ok,timeout,ok,timeout,timeout,ok,ok,timeout,ok,timeout,timeout,ok,timeout,timeout,timeout,timeout,timeout,timeout,timeout,ok,timeout,timeout,timeout,timeout,
SAT_Competition2007/crafted/Hard/contest05/counting-clq/unsat-set-a-fclqcolor-20-13-14.sat05-1278.reshuffled-07.cnf,unsat-set-a-fclqcolor-20-13-14.sat05-1278.reshuffled-07,,5000.0,sol,1200.0,1200.0,1200.0,1200.0,1200.0,1200.0,1200.0,1200.0,1200.0,1200.0,1200.0,1200.0,1200.0,1200.0,1200.0,1200.0,1200.0,1200.0,1200.0,1200.0,1200.0,1200.0,1200.0,1200.0,1200.0,1200.0,24.98,1200.0,1200.0,1200.0,1200.0,timeout,timeout,timeout,timeout,timeout,timeout,timeout,timeout,timeout,timeout,timeout,timeout,timeout,timeout,timeout,timeout,timeout,timeout,timeout,timeout,timeout,timeout,timeout,timeout,timeout,timeout,ok,timeout,timeout,timeout,timeout,
SAT_Competition2007/crafted/Hard/contest05/counting-clq/unsat-set-b-clqcolor-16-11-14.sat05-1261.reshuffled-07.cnf,unsat-set-b-clqcolor-16-11-14.sat05-1261.reshuffled-07,,5000.0,clasp1,1200.0,1200.0,1200.0,1200.0,1200.0,1200.0,1200.0,1200.0,1200.0,1200.0,1200.0,1200.0,1200.0,1200.0,1200.0,1200.0,1200.0,1200.0,1200.0,1200.0,1200.0,1200.0,1200.0,1200.0,1200.0,1200.0,1200.0,1200.0,1200.0,1200.0,1200.0,timeout,timeout,timeout,timeout,timeout,timeout,timeout,timeout,timeout,timeout,timeout,timeout,timeout,timeout,timeout,timeout,timeout,timeout,timeout,timeout,timeout,timeout,timeout,timeout,timeout,timeout,timeout,timeout,timeout,timeout,timeout,
SAT_Competition2007/crafted/Hard/contest05/counting-clq/unsat-set-b-clqcolor-30-20-26.sat05-1264.reshuffled-07.cnf,unsat-set-b-clqcolor-30-20-26.sat05-1264.reshuffled-07,,5000.0,clasp1,1200.0,1200.0,1200.0,1200.0,1200.0,1200.0,1200.0,1200.0,1200.0,1200.0,1200.0,1200.0,1200.0,1200.0,1200.0,1200.0,1200.0,1200.0,1200.0,1200.0,1200.0,1200.0,1200.0,1200.0,1200.0,1200.0,1200.0,1200.0,1200.0,1200.0,1200.0,timeout,timeout,timeout,timeout,timeout,timeout,timeout,timeout,timeout,timeout,timeout,timeout,timeout,timeout,timeout,timeout,timeout,timeout,timeout,timeout,timeout,timeout,timeout,timeout,timeout,timeout,timeout,timeout,timeout,timeout,timeout,
SAT_Competition2007/crafted/Hard/contest05/counting-clq/unsat-set-b-fclqcolor-10-07-09.sat05-1282.reshuffled-07.cnf,unsat-set-b-fclqcolor-10-07-09.sat05-1282.reshuffled-07,/Users/herreran/Documents/Universidad/practica-invg/data/sat/instances/sc2012-hard-combinatorial/Hard Combinatorial SAT+UNSAT/SATCompetition2007/crafted/Hard/contest05/counting-clq/unsat-set-b-fclqcolor-10-07-09.sat05-1282.reshuffled-07.cnf,5000.0,sol,178.62,304.94,1200.0,1200.0,1200.0,1200.0,1200.0,1200.0,1200.0,1200.0,1200.0,1200.0,1160.06,1095.19,1200.0,1097.32,1200.0,1200.0,1200.0,1200.0,1200.0,1200.0,1200.0,1200.0,1200.0,1200.0,1.3,1200.0,1200.0,1200.0,1200.0,ok,ok,timeout,timeout,timeout,timeout,timeout,timeout,timeout,timeout,timeout,timeout,ok,ok,timeout,ok,timeout,timeout,timeout,timeout,timeout,timeout,timeout,timeout,timeout,timeout,ok,timeout,timeout,timeout,timeout,/Users/herreran/Documents/Universidad/practica-invg/data/sat/datasets/sat_cnn_data_images/images/unsat-set-b-fclqcolor-10-07-09.sat05-1282.reshuffled-07__ca706b9b92f6.npy
SAT_Competition2007/crafted/Hard/contest05/counting-clq/unsat-set-b-fclqcolor-25-18-23.sat05-1287.reshuffled-07.cnf,unsat-set-b-fclqcolor-25-18-23.sat05-1287.reshuffled-07,,5000.0,sol,1200.0,1200.0,1200.0,1200.0,1200.0,1200.0,1200.0,1200.0,1200.0,1200.0,1200.0,1200.0,1200.0,1200.0,1200.0,1200.0,1200.0,1200.0,1200.0,1200.0,1200.0,1200.0,1200.0,1200.0,1200.0,1200.0,219.27,1200.0,1200.0,1200.0,1200.0,timeout,timeout,timeout,timeout,timeout,timeout,timeout,timeout,timeout,timeout,timeout,timeout,timeout,timeout,timeout,timeout,timeout,timeout,timeout,timeout,timeout,timeout,timeout,timeout,timeout,timeout,ok,timeout,timeout,timeout,timeout,
SAT_Competition2007/crafted/Hard/contest05/counting-php/easier-fphp-020-015.sat05-1218.reshuffled-07.cnf,easier-fphp-020-015.sat05-1218.reshuffled-07,,5000.0,sol,1200.0,1200.0,1200.0,1200.0,1200.0,1200.0,1200.0,1200.0,1200.0,1200.0,1200.0,1200.0,1200.0,1200.0,1200.0,1200.0,1200.0,1200.0,1200.0,1200.0,1200.0,1200.0,1200.0,1200.0,1200.0,1200.0,1.3,1200.0,1200.0,1200.0,1200.0,timeout,timeout,timeout,timeout,timeout,timeout,timeout,timeout,timeout,timeout,timeout,timeout,timeout,timeout,timeout,timeout,timeout,timeout,timeout,timeout,timeout,timeout,timeout,timeout,timeout,timeout,ok,timeout,timeout,timeout,timeout,
SAT_Competition2007/crafted/Hard/contest05/counting-php/easier-fphp-035-029.sat05-1221.reshuffled-07.cnf,easier-fphp-035-029.sat05-1221.reshuffled-07,,5000.0,sol,1200.0,1200.0,1200.0,1200.0,1200.0,1200.0,1200.0,1200.0,1200.0,1200.0,1200.0,1200.0,1200.0,1200.0,1200.0,1200.0,1200.0,1200.0,1200.0,1200.0,1200.0,1200.0,1200.0,1200.0,1200.0,1200.0,25.54,1200.0,1200.0,1200.0,1200.0,timeout,timeout,timeout,timeout,timeout,timeout,timeout,timeout,timeout,timeout,timeout,timeout,timeout,timeout,timeout,timeout,timeout,timeout,timeout,timeout,timeout,timeout,timeout,timeout,timeout,timeout,ok,timeout,timeout,timeout,timeout,
SAT_Competition2007/crafted/Hard/contest05/counting-php/easier-php-035-029.sat05-1179.reshuffled-07.cnf,easier-php-035-029.sat05-1179.reshuffled-07,,5000.0,sol,1200.0,1200.0,1200.0,1200.0,1200.0,1200.0,1200.0,1200.0,1200.0,1200.0,1200.0,1200.0,1200.0,1200.0,1200.0,1200.0,1200.0,1200.0,1200.0,1200.0,1200.0,1200.0,1200.0,1200.0,1200.0,1200.0,14.18,1200.0,1200.0,1200.0,1200.0,timeout,timeout,timeout,timeout,timeout,timeout,timeout,timeout,timeout,timeout,timeout,timeout,timeout,timeout,timeout,timeout,timeout,timeout,timeout,timeout,timeout,timeout,timeout,timeout,timeout,timeout,ok,timeout,timeout,timeout,timeout,
SAT_Competition2007/crafted/Hard/contest05/counting-php/harder-fphp-016-015.sat05-1230.reshuffled-07.cnf,harder-fphp-016-015.sat05-1230.reshuffled-07,,5000.0,sol,1200.0,1200.0,1200.0,1200.0,1200.0,1200.0,1200.0,1200.0,1200.0,1200.0,1200.0,1200.0,1200.0,1200.0,1200.0,1200.0,1200.0,1200.0,1200.0,1200.0,1200.0,1200.0,1200.0,1200.0,1200.0,1200.0,1.07,1200.0,1200.0,1200.0,1200.0,timeout,timeout,timeout,timeout,timeout,timeout,timeout,timeout,timeout,timeout,timeout,timeout,timeout,timeout,timeout,timeout,timeout,timeout,timeout,timeout,timeout,timeout,timeout,timeout,timeout,timeout,ok,timeout,timeout,timeout,timeout,
SAT_Competition2007/crafted/Hard/contest05/counting-php/harder-fphp-018-017.sat05-1231.reshuffled-07.cnf,harder-fphp-018-017.sat05-1231.reshuffled-07,,5000.0,sol,1200.0,1200.0,1200.0,1200.0,1200.0,1200.0,1200.0,1200.0,1200.0,1200.0,1200.0,1200.0,1200.0,1200.0,1200.0,1200.0,1200.0,1200.0,1200.0,1200.0,1200.0,1200.0,1200.0,1200.0,1200.0,1200.0,1.68,1200.0,1200.0,1200.0,1200.0,timeout,timeout,timeout,timeout,timeout,timeout,timeout,timeout,timeout,timeout,timeout,timeout,timeout,timeout,timeout,timeout,timeout,timeout,timeout,timeout,timeout,timeout,timeout,timeout,timeout,timeout,ok,timeout,timeout,timeout,timeout,
SAT_Competition2007/crafted/Hard/contest05/counting-php/harder-fphp-035-034.sat05-1235.reshuffled-07.cnf,harder-fphp-035-034.sat05-1235.reshuffled-07,,5000.0,clasp1,1200.0,1200.0,1200.0,1200.0,1200.0,1200.0,1200.0,1200.0,1200.0,1200.0,1200.0,1200.0,1200.0,1200.0,1200.0,1200.0,1200.0,1200.0,1200.0,1200.0,1200.0,1200.0,1200.0,1200.0,1200.0,1200.0,1200.0,1200.0,1200.0,1200.0,1200.0,timeout,timeout,timeout,timeout,timeout,timeout,timeout,timeout,timeout,timeout,timeout,timeout,timeout,timeout,timeout,timeout,timeout,timeout,timeout,timeout,timeout,timeout,timeout,timeout,timeout,timeout,timeout,timeout,timeout,timeout,timeout,
SAT_Competition2007/crafted/Hard/contest05/counting-php/harder-fphp-050-049.sat05-1238.reshuffled-07.cnf,harder-fphp-050-049.sat05-1238.reshuffled-07,,5000.0,clasp1,1200.0,1200.0,1200.0,1200.0,1200.0,1200.0,1200.0,1200.0,1200.0,1200.0,1200.0,1200.0,1200.0,1200.0,1200.0,1200.0,1200.0,1200.0,1200.0,1200.0,1200.0,1200.0,1200.0,1200.0,1200.0,1200.0,1200.0,1200.0,1200.0,1200.0,1200.0,timeout,timeout,timeout,timeout,timeout,timeout,timeout,timeout,timeout,timeout,timeout,timeout,timeout,timeout,timeout,timeout,timeout,timeout,timeout,timeout,timeout,timeout,timeout,timeout,timeout,timeout,timeout,timeout,timeout,timeout,timeout,
SAT_Competition2007/crafted/Hard/contest05/counting-php/harder-fphp-070-069.sat05-1240.reshuffled-07.cnf,harder-fphp-070-069.sat05-1240.reshuffled-07,,5000.0,clasp1,1200.0,1200.0,1200.0,1200.0,1200.0,1200.0,1200.0,1200.0,1200.0,1200.0,1200.0,1200.0,1200.0,1200.0,1200.0,1200.0,1200.0,1200.0,1200.0,1200.0,1200.0,1200.0,1200.0,1200.0,1200.0,1200.0,1200.0,1200.0,1200.0,1200.0,1200.0,timeout,timeout,timeout,timeout,timeout,timeout,timeout,timeout,timeout,timeout,timeout,timeout,timeout,timeout,timeout,timeout,timeout,timeout,timeout,timeout,timeout,timeout,timeout,timeout,timeout,timeout,timeout,timeout,timeout,timeout,timeout,
SAT_Competition2007/crafted/Hard/contest05/counting-php/harder-php-025-024.sat05-1191.reshuffled-07.cnf,harder-php-025-024.sat05-1191.reshuffled-07,,5000.0,sol,1200.0,1200.0,1200.0,1200.0,1200.0,1200.0,1200.0,1200.0,1200.0,1200.0,1200.0,1200.0,1200.0,1200.0,1200.0,1200.0,1200.0,1200.0,1200.0,1200.0,1200.0,1200.0,1200.0,1200.0,1200.0,1200.0,4.2,1200.0,1200.0,1200.0,1200.0,timeout,timeout,timeout,timeout,timeout,timeout,timeout,timeout,timeout,timeout,timeout,timeout,timeout,timeout,timeout,timeout,timeout,timeout,timeout,timeout,timeout,timeout,timeout,timeout,timeout,timeout,ok,timeout,timeout,timeout,timeout,
SAT_Competition2007/crafted/Hard/contest05/counting-php/harder-php-045-044.sat05-1195.reshuffled-07.cnf,harder-php-045-044.sat05-1195.reshuffled-07,,5000.0,sol,1200.0,1200.0,1200.0,1200.0,1200.0,1200.0,1200.0,1200.0,1200.0,1200.0,1200.0,1200.0,1200.0,1200.0,1200.0,1200.0,1200.0,1200.0,1200.0,1200.0,1200.0,1200.0,1200.0,1200.0,1200.0,1200.0,98.61,1200.0,1200.0,1200.0,1200.0,timeout,timeout,timeout,timeout,timeout,timeout,timeout,timeout,timeout,timeout,timeout,timeout,timeout,timeout,timeout,timeout,timeout,timeout,timeout,timeout,timeout,timeout,timeout,timeout,timeout,timeout,ok,timeout,timeout,timeout,timeout,
SAT_Competition2007/crafted/Hard/contest05/others/eulcbip-8-UNSAT.sat05-3937.reshuffled-07.cnf,eulcbip-8-UNSAT.sat05-3937.reshuffled-07,/Users/herreran/Documents/Universidad/practica-invg/data/sat/instances/sc2012-hard-combinatorial/Hard Combinatorial SAT+UNSAT/SATCompetition2007/crafted/Hard/contest05/others/eulcbip-8-UNSAT.sat05-3937.reshuffled-07.cnf,5000.0,mphaseSAT,1200.0,1200.0,1200.0,1200.0,1200.0,1200.0,1200.0,1200.0,1200.0,1200.0,1200.0,1200.0,1200.0,0.02,0.11,0.02,1200.0,1200.0,1200.0,1200.0,1200.0,1200.0,1200.0,1200.0,1200.0,1200.0,1200.0,1200.0,1200.0,1200.0,1200.0,timeout,timeout,timeout,timeout,timeout,timeout,timeout,timeout,timeout,timeout,timeout,timeout,timeout,ok,ok,ok,timeout,timeout,timeout,timeout,timeout,timeout,timeout,timeout,timeout,timeout,timeout,timeout,timeout,timeout,timeout,/Users/herreran/Documents/Universidad/practica-invg/data/sat/datasets/sat_cnn_data_images/images/eulcbip-8-UNSAT.sat05-3937.reshuffled-07__11ef25d0c43f.npy
SAT_Competition2007/crafted/Hard/contest05/others/linvrinv6.sat05-565.reshuffled-07.cnf,linvrinv6.sat05-565.reshuffled-07,,5000.0,clasp1,1200.0,1200.0,1200.0,1200.0,1200.0,1200.0,1200.0,1200.0,1200.0,1200.0,1200.0,1200.0,1200.0,1200.0,1200.0,1200.0,1200.0,1200.0,1200.0,1200.0,1200.0,1200.0,1200.0,1200.0,1200.0,1200.0,1200.0,1200.0,1200.0,1200.0,1200.0,timeout,timeout,timeout,timeout,timeout,timeout,timeout,timeout,timeout,timeout,timeout,timeout,timeout,timeout,timeout,timeout,timeout,timeout,timeout,timeout,timeout,timeout,timeout,timeout,timeout,timeout,timeout,timeout,timeout,timeout,timeout,
SAT_Competition2007/crafted/Hard/contest05/others/linvrinv8.sat05-567.reshuffled-07.cnf,linvrinv8.sat05-567.reshuffled-07,,5000.0,clasp1,1200.0,1200.0,1200.0,1200.0,1200.0,1200.0,1200.0,1200.0,1200.0,1200.0,1200.0,1200.0,1200.0,1200.0,1200.0,1200.0,1200.0,1200.0,1200.0,1200.0,1200.0,1200.0,1200.0,1200.0,1200.0,1200.0,1200.0,1200.0,1200.0,1200.0,1200.0,timeout,timeout,timeout,timeout,timeout,timeout,timeout,timeout,timeout,timeout,timeout,timeout,timeout,timeout,timeout,timeout,timeout,timeout,timeout,timeout,timeout,timeout,timeout,timeout,timeout,timeout,timeout,timeout,timeout,timeout,timeout,
SAT_Competition2007/crafted/Hard/contest05/others/linvrinv9.sat05-568.reshuffled-07.cnf,linvrinv9.sat05-568.reshuffled-07,,5000.0,clasp1,1200.0,1200.0,1200.0,1200.0,1200.0,1200.0,1200.0,1200.0,1200.0,1200.0,1200.0,1200.0,1200.0,1200.0,1200.0,1200.0,1200.0,1200.0,1200.0,1200.0,1200.0,1200.0,1200.0,1200.0,1200.0,1200.0,1200.0,1200.0,1200.0,1200.0,1200.0,timeout,timeout,timeout,timeout,timeout,timeout,timeout,timeout,timeout,timeout,timeout,timeout,timeout,timeout,timeout,timeout,timeout,timeout,timeout,timeout,timeout,timeout,timeout,timeout,timeout,timeout,timeout,timeout,timeout,timeout,timeout,
SAT_Competition2007/crafted/Hard/contest05/others/mod2c-rand3bip-sat-220-1.sat05-2488.reshuffled-07.cnf,mod2c-rand3bip-sat-220-1.sat05-2488.reshuffled-07,/Users/herreran/Documents/Universidad/practica-invg/data/sat/instances/sc2012-hard-combinatorial/Hard Combinatorial SAT+UNSAT/SATCompetition2007/crafted/Hard/contest05/others/mod2c-rand3bip-sat-220-1.sat05-2488.reshuffled-07.cnf,5000.0,glucose2,886.3,244.66,87.54,1200.0,961.42,378.07,31.71,1200.0,1200.0,128.93,407.48,1200.0,1200.0,1200.0,538.79,1200.0,367.33,1200.0,61.93,110.7,232.85,650.03,1200.0,1200.0,1200.0,1200.0,668.7,1200.0,1200.0,888.76,1200.0,ok,ok,ok,timeout,ok,ok,ok,timeout,timeout,ok,ok,timeout,timeout,timeout,ok,timeout,ok,timeout,ok,ok,ok,ok,timeout,timeout,timeout,timeout,ok,timeout,timeout,ok,timeout,/Users/herreran/Documents/Universidad/practica-invg/data/sat/datasets/sat_cnn_data_images/images/mod2c-rand3bip-sat-220-1.sat05-2488.reshuffled-07__b64006368cf6.npy
SAT_Competition2007/crafted/Hard/contest05/others/mod2c-rand3bip-sat-220-2.sat05-2489.reshuffled-07.cnf,mod2c-rand3bip-sat-220-2.sat05-2489.reshuffled-07,/Users/herreran/Documents/Universidad/practica-invg/data/sat/instances/sc2012-hard-combinatorial/Hard Combinatorial SAT+UNSAT/SATCompetition2007/crafted/Hard/contest05/others/mod2c-rand3bip-sat-220-2.sat05-2489.reshuffled-07.cnf,5000.0,mxc09,1200.0,400.0,257.88,1200.0,452.91,1200.0,784.2,249.08,1200.0,1200.0,1200.0,1200.0,1200.0,18.03,1200.0,17.86,5.72,1200.0,12.28,295.14,1200.0,608.02,1200.0,1200.0,1200.0,1200.0,1200.0,1200.0,1200.0,1200.0,1200.0,timeout,ok,ok,timeout,ok,timeout,ok,ok,timeout,timeout,timeout,timeout,timeout,ok,timeout,ok,ok,timeout,ok,ok,timeout,ok,timeout,timeout,timeout,timeout,timeout,timeout,timeout,timeout,timeout,/Users/herreran/Documents/Universidad/practica-invg/data/sat/datasets/sat_cnn_data_images/images/mod2c-rand3bip-sat-220-2.sat05-2489.reshuffled-07__915b14ffcd6d.npy
SAT_Competition2007/crafted/Hard/contest05/others/sgp_5-6-8.sat05-2669.reshuffled-07.cnf,sgp_5-6-8.sat05-2669.reshuffled-07,/Users/herreran/Documents/Universidad/practica-invg/data/sat/instances/sc2012-hard-combinatorial/Hard Combinatorial SAT+UNSAT/SATCompetition2007/crafted/Hard/contest05/others/sgp_5-6-8.sat05-2669.reshuffled-07.cnf,5000.0,clasp1,1200.0,1200.0,1200.0,1200.0,1200.0,1200.0,1200.0,1200.0,1200.0,1200.0,1200.0,1200.0,1200.0,1200.0,1200.0,1200.0,1200.0,1200.0,1200.0,1200.0,1200.0,1200.0,1200.0,1200.0,1200.0,1200.0,1200.0,1200.0,1200.0,1200.0,1200.0,timeout,timeout,timeout,timeout,timeout,timeout,timeout,timeout,timeout,timeout,timeout,timeout,timeout,timeout,timeout,timeout,timeout,timeout,timeout,timeout,timeout,timeout,timeout,timeout,timeout,timeout,timeout,timeout,timeout,timeout,timeout,/Users/herreran/Documents/Universidad/practica-invg/data/sat/datasets/sat_cnn_data_images/images/sgp_5-6-8.sat05-2669.reshuffled-07__47433794832f.npy
SAT_Competition2007/crafted/Hard/contest05/others/sgp_9-8-8.sat05-2674.reshuffled-07.cnf,sgp_9-8-8.sat05-2674.reshuffled-07,,5000.0,clasp1,1200.0,1200.0,1200.0,1200.0,1200.0,1200.0,1200.0,1200.0,1200.0,1200.0,1200.0,1200.0,1200.0,1200.0,1200.0,1200.0,1200.0,1200.0,1200.0,1200.0,1200.0,1200.0,1200.0,1200.0,1200.0,1200.0,1200.0,1200.0,1200.0,1200.0,1200.0,timeout,timeout,timeout,timeout,timeout,timeout,timeout,timeout,timeout,timeout,timeout,timeout,timeout,timeout,timeout,timeout,timeout,timeout,timeout,timeout,timeout,timeout,timeout,timeout,timeout,timeout,timeout,timeout,timeout,timeout,timeout,
SAT_Competition2007/crafted/Hard/contest05/others/strips-gripper-12t22.sat05-1151.reshuffled-07.cnf,strips-gripper-12t22.sat05-1151.reshuffled-07,/Users/herreran/Documents/Universidad/practica-invg/data/sat/instances/sc2012-hard-combinatorial/Hard Combinatorial SAT+UNSAT/SATCompetition2007/crafted/Hard/contest05/others/strips-gripper-12t22.sat05-1151.reshuffled-07.cnf,5000.0,sol,1200.0,1200.0,1200.0,1200.0,124.64,411.08,367.1,252.01,1200.0,163.4,1200.0,1200.0,167.51,303.26,613.29,368.63,1200.0,1200.0,149.12,1200.0,258.74,1200.0,902.01,1200.0,1200.0,1200.0,99.95,1200.0,1200.0,1200.0,1200.0,timeout,timeout,timeout,timeout,ok,ok,ok,ok,timeout,ok,timeout,timeout,ok,ok,ok,ok,timeout,timeout,ok,timeout,ok,timeout,ok,timeout,timeout,timeout,ok,timeout,timeout,timeout,timeout,/Users/herreran/Documents/Universidad/practica-invg/data/sat/datasets/sat_cnn_data_images/images/strips-gripper-12t22.sat05-1151.reshuffled-07__6366cd57ff63.npy
SAT_Competition2007/crafted/Hard/contest05/others/strips-gripper-18t35.sat05-1147.reshuffled-07.cnf,strips-gripper-18t35.sat05-1147.reshuffled-07,/Users/herreran/Documents/Universidad/practica-invg/data/sat/instances/sc2012-hard-combinatorial/Hard Combinatorial SAT+UNSAT/SATCompetition2007/crafted/Hard/contest05/others/strips-gripper-18t35.sat05-1147.reshuffled-07.cnf,5000.0,rcl,1200.0,1200.0,1200.0,1200.0,15.17,359.37,37.56,55.84,1200.0,35.22,16.23,1200.0,44.38,62.06,35.25,44.86,30.94,468.04,14.86,1200.0,13.33,101.26,175.5,1200.0,1200.0,1200.0,1200.0,1200.0,1200.0,1200.0,1200.0,timeout,timeout,timeout,timeout,ok,ok,ok,ok,timeout,ok,ok,timeout,ok,ok,ok,ok,ok,ok,ok,timeout,ok,ok,ok,timeout,timeout,timeout,timeout,timeout,timeout,timeout,timeout,/Users/herreran/Documents/Universidad/practica-invg/data/sat/datasets/sat_cnn_data_images/images/strips-gripper-18t35.sat05-1147.reshuffled-07__a373aa3d830f.npy
SAT_Competition2007/crafted/Hard/contest05/phnf/phnf-size10-exclusive-FIFO.used-as.sat04-991.sat05-4192.reshuffled-07.cnf,phnf-size10-exclusive-FIFO.used-as.sat04-991.sat05-4192.reshuffled-07,/Users/herreran/Documents/Universidad/practica-invg/data/sat/instances/sc2012-hard-combinatorial/Hard Combinatorial SAT+UNSAT/SATCompetition2007/crafted/Hard/contest05/phnf/phnf-size10-exclusive-FIFO.used-as.sat04-991.sat05-4192.reshuffled-07.cnf,5000.0,qutersat,1200.0,1200.0,1077.61,1200.0,1200.0,1200.0,1200.0,1122.71,1200.0,1200.0,1200.0,1200.0,1200.0,1200.0,1200.0,1200.0,1200.0,1200.0,1200.0,1000.4,1200.0,1200.0,1200.0,1200.0,1200.0,1200.0,1200.0,1200.0,1200.0,1200.0,1200.0,timeout,timeout,ok,timeout,timeout,timeout,timeout,ok,timeout,timeout,timeout,timeout,timeout,timeout,timeout,timeout,timeout,timeout,timeout,ok,timeout,timeout,timeout,timeout,timeout,timeout,timeout,timeout,timeout,timeout,timeout,/Users/herreran/Documents/Universidad/practica-invg/data/sat/datasets/sat_cnn_data_images/images/phnf-size10-exclusive-FIFO.used-as.sat04-991.sat05-4192.reshuffled-07__af9bac009f56.npy
SAT_Competition2007/crafted/Hard/contest05/phnf/phnf-size10-exclusive-all.used-as.sat04-986.sat05-4198.reshuffled-07.cnf,phnf-size10-exclusive-all.used-as.sat04-986.sat05-4198.reshuffled-07,,5000.0,clasp1,1200.0,1200.0,1200.0,1200.0,1200.0,1200.0,1200.0,1200.0,1200.0,1200.0,1200.0,1200.0,1200.0,1200.0,1200.0,1200.0,1200.0,1200.0,1200.0,1200.0,1200.0,1200.0,1200.0,1200.0,1200.0,1200.0,1200.0,1200.0,1200.0,1200.0,1200.0,timeout,timeout,timeout,timeout,timeout,timeout,timeout,timeout,timeout,timeout,timeout,timeout,timeout,timeout,timeout,timeout,timeout,timeout,timeout,timeout,timeout,timeout,timeout,timeout,timeout,timeout,timeout,timeout,timeout,timeout,timeout,
SAT_Competition2007/crafted/Hard/contest05/phnf/phnf-size10-exclusive-philo.used-as.sat04-988.sat05-4195.reshuffled-07.cnf,phnf-size10-exclusive-philo.used-as.sat04-988.sat05-4195.reshuffled-07,,5000.0,clasp1,1200.0,1200.0,1200.0,1200.0,1200.0,1200.0,1200.0,1200.0,1200.0,1200.0,1200.0,1200.0,1200.0,1200.0,1200.0,1200.0,1200.0,1200.0,1200.0,1200.0,1200.0,1200.0,1200.0,1200.0,1200.0,1200.0,1200.0,1200.0,1200.0,1200.0,1200.0,timeout,timeout,timeout,timeout,timeout,timeout,timeout,timeout,timeout,timeout,timeout,timeout,timeout,timeout,timeout,timeout,timeout,timeout,timeout,timeout,timeout,timeout,timeout,timeout,timeout,timeout,timeout,timeout,timeout,timeout,timeout,
SAT_Competition2007/crafted/Medium/contest05/jarvisalo/mod2-3cage-unsat-9-12.sat05-2587.reshuffled-07.cnf,mod2-3cage-unsat-9-12.sat05-2587.reshuffled-07,/Users/herreran/Documents/Universidad/practica-invg/data/sat/instances/sc2012-hard-combinatorial/Hard Combinatorial SAT+UNSAT/SATCompetition2007/crafted/Medium/contest05/jarvisalo/mod2-3cage-unsat-9-12.sat05-2587.reshuffled-07.cnf,5000.0,marchrw,124.12,34.46,1.01,1200.0,191.13,177.34,18.46,189.53,1200.0,144.97,1200.0,0.0,761.38,0.0,0.0,0.0,50.99,20.8,124.33,0.98,1052.8,191.96,496.32,1200.0,1200.0,1200.0,0.09,1200.0,233.84,805.91,1200.0,ok,ok,ok,timeout,ok,ok,ok,ok,timeout,ok,timeout,ok,ok,ok,ok,ok,ok,ok,ok,ok,ok,ok,ok,timeout,timeout,timeout,ok,timeout,ok,ok,timeout,/Users/herreran/Documents/Universidad/practica-invg/data/sat/datasets/sat_cnn_data_images/images/mod2-3cage-unsat-9-12.sat05-2587.reshuffled-07__52a90162bb90.npy
SAT_Competition2007/crafted/Medium/contest05/jarvisalo/mod2-3cage-unsat-9-14.sat05-2589.reshuffled-07.cnf,mod2-3cage-unsat-9-14.sat05-2589.reshuffled-07,/Users/herreran/Documents/Universidad/practica-invg/data/sat/instances/sc2012-hard-combinatorial/Hard Combinatorial SAT+UNSAT/SATCompetition2007/crafted/Medium/contest05/jarvisalo/mod2-3cage-unsat-9-14.sat05-2589.reshuffled-07.cnf,5000.0,marchrw,90.04,47.67,1.13,1200.0,317.07,181.91,76.35,180.35,1200.0,267.78,1200.0,0.0,378.17,0.0,0.0,0.0,27.24,21.95,31.4,1.17,1200.0,336.52,715.66,1200.0,1200.0,1200.0,0.08,1200.0,244.01,1200.0,1200.0,ok,ok,ok,timeout,ok,ok,ok,ok,timeout,ok,timeout,ok,ok,ok,ok,ok,ok,ok,ok,ok,timeout,ok,ok,timeout,timeout,timeout,ok,timeout,ok,timeout,timeout,/Users/herreran/Documents/Universidad/practica-invg/data/sat/datasets/sat_cnn_data_images/images/mod2-3cage-unsat-9-14.sat05-2589.reshuffled-07__69e791df9b54.npy
SAT_Competition2007/crafted/Medium/contest05/jarvisalo/mod2-rand3bip-sat-210-1.sat05-2158.reshuffled-07.cnf,mod2-rand3bip-sat-210-1.sat05-2158.reshuffled-07,/Users/herreran/Documents/Universidad/practica-invg/data/sat/instances/sc2012-hard-combinatorial/Hard Combinatorial SAT+UNSAT/SATCompetition2007/crafted/Medium/contest05/jarvisalo/mod2-rand3bip-sat-210-1.sat05-2158.reshuffled-07.cnf,5000.0,mphaseSAT,50.79,11.42,374.61,1200.0,429.35,11.87,788.35,302.5,1200.0,38.96,34.36,0.01,140.15,0.0,0.0,0.0,10.61,84.4,55.73,398.97,44.68,60.01,7.69,1200.0,1200.0,1200.0,1200.0,1200.0,85.76,144.2,1200.0,ok,ok,ok,timeout,ok,ok,ok,ok,timeout,ok,ok,ok,ok,ok,ok,ok,ok,ok,ok,ok,ok,ok,ok,timeout,timeout,timeout,timeout,timeout,ok,ok,timeout,/Users/herreran/Documents/Universidad/practica-invg/data/sat/datasets/sat_cnn_data_images/images/mod2-rand3bip-sat-210-1.sat05-2158.reshuffled-07__dd4b5034f781.npy
SAT_Competition2007/crafted/Medium/contest05/jarvisalo/mod2-rand3bip-sat-210-2.sat05-2159.reshuffled-07.cnf,mod2-rand3bip-sat-210-2.sat05-2159.reshuffled-07,/Users/herreran/Documents/Universidad/practica-invg/data/sat/instances/sc2012-hard-combinatorial/Hard Combinatorial SAT+UNSAT/SATCompetition2007/crafted/Medium/contest05/jarvisalo/mod2-rand3bip-sat-210-2.sat05-2159.reshuffled-07.cnf,5000.0,marchrw,20.66,1.48,0.21,1200.0,44.45,13.02,59.21,40.7,1200.0,11.07,9.91,0.0,13.52,0.0,0.0,0.0,20.93,14.66,36.01,106.61,8.04,16.68,40.04,1200.0,1200.0,1200.0,1200.0,1200.0,21.43,897.98,1200.0,ok,ok,ok,timeout,ok,ok,ok,ok,timeout,ok,ok,ok,ok,ok,ok,ok,ok,ok,ok,ok,ok,ok,ok,timeout,timeout,timeout,timeout,timeout,ok,ok,timeout,/Users/herreran/Documents/Universidad/practica-invg/data/sat/datasets/sat_cnn_data_images/images/mod2-rand3bip-sat-210-2.sat05-2159.reshuffled-07__9f419484d212.npy
SAT_Competition2007/crafted/Medium/contest05/jarvisalo/mod2-rand3bip-sat-220-1.sat05-2173.reshuffled-07.cnf,mod2-rand3bip-sat-220-1.sat05-2173.reshuffled-07,/Users/herreran/Documents/Universidad/practica-invg/data/sat/instances/sc2012-hard-combinatorial/Hard Combinatorial SAT+UNSAT/SATCompetition2007/crafted/Medium/contest05/jarvisalo/mod2-rand3bip-sat-220-1.sat05-2173.reshuffled-07.cnf,5000.0,marchrw,91.69,117.34,93.16,1200.0,77.64,103.73,3.93,590.36,1200.0,72.7,84.11,0.0,327.97,15.4,45.11,15.32,6.01,74.23,5.34,8.34,426.07,133.06,82.7,1200.0,1200.0,1200.0,1200.0,1200.0,409.24,1200.0,1200.0,ok,ok,ok,timeout,ok,ok,ok,ok,timeout,ok,ok,ok,ok,ok,ok,ok,ok,ok,ok,ok,ok,ok,ok,timeout,timeout,timeout,timeout,timeout,ok,timeout,timeout,/Users/herreran/Documents/Universidad/practica-invg/data/sat/datasets/sat_cnn_data_images/images/mod2-rand3bip-sat-220-1.sat05-2173.reshuffled-07__c0555ad592f6.npy
SAT_Competition2007/crafted/Medium/contest05/jarvisalo/mod2-rand3bip-sat-220-2.sat05-2174.reshuffled-07.cnf,mod2-rand3bip-sat-220-2.sat05-2174.reshuffled-07,/Users/herreran/Documents/Universidad/practica-invg/data/sat/instances/sc2012-hard-combinatorial/Hard Combinatorial SAT+UNSAT/SATCompetition2007/crafted/Medium/contest05/jarvisalo/mod2-rand3bip-sat-220-2.sat05-2174.reshuffled-07.cnf,5000.0,mphaseSAT,211.57,20.85,1200.0,1200.0,739.47,198.71,451.21,1200.0,1200.0,55.05,12.44,0.01,135.03,0.0,0.0,0.0,115.7,74.58,268.02,814.02,1200.0,107.48,368.55,1200.0,1200.0,1200.0,1200.0,1200.0,197.55,1200.0,1200.0,ok,ok,timeout,timeout,ok,ok,ok,timeout,timeout,ok,ok,ok,ok,ok,ok,ok,ok,ok,ok,ok,timeout,ok,ok,timeout,timeout,timeout,timeout,timeout,ok,timeout,timeout,/Users/herreran/Documents/Universidad/practica-invg/data/sat/datasets/sat_cnn_data_images/images/mod2-rand3bip-sat-220-2.sat05-2174.reshuffled-07__bc7d83c2ce46.npy
SAT_Competition2007/crafted/Medium/contest05/jarvisalo/mod2-rand3bip-sat-230-2.sat05-2189.reshuffled-07.cnf,mod2-rand3bip-sat-230-2.sat05-2189.reshuffled-07,/Users/herreran/Documents/Universidad/practica-invg/data/sat/instances/sc2012-hard-combinatorial/Hard Combinatorial SAT+UNSAT/SATCompetition2007/crafted/Medium/contest05/jarvisalo/mod2-rand3bip-sat-230-2.sat05-2189.reshuffled-07.cnf,5000.0,mphaseSAT,177.37,376.2,49.13,1200.0,564.5,263.32,513.86,192.52,1200.0,34.41,4.53,0.01,1200.0,0.0,0.0,0.0,49.51,310.98,1200.0,368.93,1200.0,98.27,810.24,1200.0,1200.0,1200.0,1200.0,1200.0,1200.0,781.17,1200.0,ok,ok,ok,timeout,ok,ok,ok,ok,timeout,ok,ok,ok,timeout,ok,ok,ok,ok,ok,timeout,ok,timeout,ok,ok,timeout,timeout,timeout,timeout,timeout,timeout,ok,timeout,/Users/herreran/Documents/Universidad/practica-invg/data/sat/datasets/sat_cnn_data_images/images/mod2-rand3bip-sat-230-2.sat05-2189.reshuffled-07__1d8340f68cfe.npy
SAT_Competition2007/crafted/Medium/contest05/jarvisalo/mod2-rand3bip-sat-240-3.sat05-2205.reshuffled-07.cnf,mod2-rand3bip-sat-240-3.sat05-2205.reshuffled-07,/Users/herreran/Documents/Universidad/practica-invg/data/sat/instances/sc2012-hard-combinatorial/Hard Combinatorial SAT+UNSAT/SATCompetition2007/crafted/Medium/contest05/jarvisalo/mod2-rand3bip-sat-240-3.sat05-2205.reshuffled-07.cnf,5000.0,mphaseSAT,41.62,197.92,8.46,1200.0,191.61,375.58,675.69,47.39,1200.0,263.55,432.57,0.01,35.84,0.0,0.0,0.0,91.06,69.41,779.97,807.16,222.93,143.83,414.71,1200.0,1200.0,1200.0,1200.0,1200.0,311.69,1200.0,1200.0,ok,ok,ok,timeout,ok,ok,ok,ok,timeout,ok,ok,ok,ok,ok,ok,ok,ok,ok,ok,ok,ok,ok,ok,timeout,timeout,timeout,timeout,timeout,ok,timeout,timeout,/Users/herreran/Documents/Universidad/practica-invg/data/sat/datasets/sat_cnn_data_images/images/mod2-rand3bip-sat-240-3.sat05-2205.reshuffled-07__4c5728445564.npy
SAT_Competition2007/crafted/Medium/contest05/jarvisalo/mod2-rand3bip-sat-250-3.sat05-2220.reshuffled-07.cnf,mod2-rand3bip-sat-250-3.sat05-2220.reshuffled-07,/Users/herreran/Documents/Universidad/practica-invg/data/sat/instances/sc2012-hard-combinatorial/Hard Combinatorial SAT+UNSAT/SATCompetition2007/crafted/Medium/contest05/jarvisalo/mod2-rand3bip-sat-250-3.sat05-2220.reshuffled-07.cnf,5000.0,mphaseSAT,536.57,164.03,1200.0,1200.0,1200.0,1184.01,1200.0,1200.0,1200.0,938.65,1200.0,0.02,1200.0,0.0,0.0,0.0,415.91,431.68,1200.0,1200.0,1200.0,676.25,1200.0,1200.0,1200.0,1200.0,1200.0,1200.0,1200.0,1200.0,1200.0,ok,ok,timeout,timeout,timeout,ok,timeout,timeout,timeout,ok,timeout,ok,timeout,ok,ok,ok,ok,ok,timeout,timeout,timeout,ok,timeout,timeout,timeout,timeout,timeout,timeout,timeout,timeout,timeout,/Users/herreran/Documents/Universidad/practica-invg/data/sat/datasets/sat_cnn_data_images/images/mod2-rand3bip-sat-250-3.sat05-2220.reshuffled-07__17b8d225cfe7.npy
SAT_Competition2007/crafted/Medium/contest05/jarvisalo/mod2c-rand3bip-sat-190-3.sat05-2445.reshuffled-07.cnf,mod2c-rand3bip-sat-190-3.sat05-2445.reshuffled-07,/Users/herreran/Documents/Universidad/practica-invg/data/sat/instances/sc2012-hard-combinatorial/Hard Combinatorial SAT+UNSAT/SATCompetition2007/crafted/Medium/contest05/jarvisalo/mod2c-rand3bip-sat-190-3.sat05-2445.reshuffled-07.cnf,5000.0,precosat,51.26,42.98,17.14,1200.0,16.36,1.32,27.42,4.34,1200.0,19.08,23.13,1200.0,39.61,18.85,45.26,18.51,12.23,97.18,1.2,10.63,63.63,8.7,216.37,1200.0,1200.0,1200.0,492.26,1200.0,92.14,298.99,1200.0,ok,ok,ok,timeout,ok,ok,ok,ok,timeout,ok,ok,timeout,ok,ok,ok,ok,ok,ok,ok,ok,ok,ok,ok,timeout,timeout,timeout,ok,timeout,ok,ok,timeout,/Users/herreran/Documents/Universidad/practica-invg/data/sat/datasets/sat_cnn_data_images/images/mod2c-rand3bip-sat-190-3.sat05-2445.reshuffled-07__7b49b595ffba.npy
SAT_Competition2007/crafted/Medium/contest05/others/QG-gensys-brn008.sat05-2685.reshuffled-07.cnf,QG-gensys-brn008.sat05-2685.reshuffled-07,/Users/herreran/Documents/Universidad/practica-invg/data/sat/instances/sc2012-hard-combinatorial/Hard Combinatorial SAT+UNSAT/SATCompetition2007/crafted/Medium/contest05/others/QG-gensys-brn008.sat05-2685.reshuffled-07.cnf,5000.0,cryptominisat2011,35.81,33.48,18.06,1200.0,49.33,79.05,30.61,18.61,1200.0,41.87,134.91,1200.0,64.96,62.06,50.77,62.83,118.66,110.45,26.17,30.19,92.9,82.31,147.36,1200.0,1200.0,1200.0,81.62,1200.0,720.49,881.37,1200.0,ok,ok,ok,timeout,ok,ok,ok,ok,timeout,ok,ok,timeout,ok,ok,ok,ok,ok,ok,ok,ok,ok,ok,ok,timeout,timeout,timeout,ok,timeout,ok,ok,timeout,/Users/herreran/Documents/Universidad/practica-invg/data/sat/datasets/sat_cnn_data_images/images/QG-gensys-brn008.sat05-2685.reshuffled-07__95bdbfe6c796.npy
SAT_Competition2007/crafted/Medium/contest05/others/QG-gensys-icl003.sat05-2715.reshuffled-07.cnf,QG-gensys-icl003.sat05-2715.reshuffled-07,/Users/herreran/Documents/Universidad/practica-invg/data/sat/instances/sc2012-hard-combinatorial/Hard Combinatorial SAT+UNSAT/SATCompetition2007/crafted/Medium/contest05/others/QG-gensys-icl003.sat05-2715.reshuffled-07.cnf,5000.0,glueminisat,44.68,30.45,14.41,1200.0,36.22,62.65,29.52,11.65,1200.0,29.4,114.56,1200.0,46.02,53.27,40.74,53.36,98.97,83.33,15.79,16.66,45.92,51.49,131.47,1200.0,1200.0,1200.0,100.68,1200.0,1200.0,756.58,1200.0,ok,ok,ok,timeout,ok,ok,ok,ok,timeout,ok,ok,timeout,ok,ok,ok,ok,ok,ok,ok,ok,ok,ok,ok,timeout,timeout,timeout,ok,timeout,timeout,ok,timeout,/Users/herreran/Documents/Universidad/practica-invg/data/sat/datasets/sat_cnn_data_images/images/QG-gensys-icl003.sat05-2715.reshuffled-07__87021c6b4419.npy
SAT_Competition2007/crafted/Medium/contest05/others/QG7-gensys-icl001.sat05-2926.reshuffled-07.cnf,QG7-gensys-icl001.sat05-2926.reshuffled-07,/Users/herreran/Documents/Universidad/practica-invg/data/sat/instances/sc2012-hard-combinatorial/Hard Combinatorial SAT+UNSAT/SATCompetition2007/crafted/Medium/contest05/others/QG7-gensys-icl001.sat05-2926.reshuffled-07.cnf,5000.0,clasp2,14.41,12.99,69.73,1200.0,23.48,23.8,13.6,32.59,1200.0,62.02,62.16,1200.0,22.79,96.57,47.08,79.86,49.23,31.58,46.17,46.16,29.11,32.22,65.26,1200.0,1200.0,1200.0,26.44,1200.0,54.72,428.18,1200.0,ok,ok,ok,timeout,ok,ok,ok,ok,timeout,ok,ok,timeout,ok,ok,ok,ok,ok,ok,ok,ok,ok,ok,ok,timeout,timeout,timeout,ok,timeout,ok,ok,timeout,/Users/herreran/Documents/Universidad/practica-invg/data/sat/datasets/sat_cnn_data_images/images/QG7-gensys-icl001.sat05-2926.reshuffled-07__d3c1ab0e6878.npy
SAT_Competition2007/crafted/Medium/contest05/others/QG7a-gensys-brn004.sat05-3669.reshuffled-07.cnf,QG7a-gensys-brn004.sat05-3669.reshuffled-07,/Users/herreran/Documents/Universidad/practica-invg/data/sat/instances/sc2012-hard-combinatorial/Hard Combinatorial SAT+UNSAT/SATCompetition2007/crafted/Medium/contest05/others/QG7a-gensys-brn004.sat05-3669.reshuffled-07.cnf,5000.0,glueminisat,1.0,3.77,1.8,1200.0,34.21,0.97,17.64,0.81,1200.0,45.08,5.22,1200.0,14.71,38.01,44.86,38.81,1.2,73.62,3.06,5.13,24.59,1.23,28.6,8.06,24.53,30.31,9.92,1200.0,35.16,137.82,1200.0,ok,ok,ok,timeout,ok,ok,ok,ok,timeout,ok,ok,timeout,ok,ok,ok,ok,ok,ok,ok,ok,ok,ok,ok,ok,ok,ok,ok,timeout,ok,ok,timeout,/Users/herreran/Documents/Universidad/practica-invg/data/sat/datasets/sat_cnn_data_images/images/QG7a-gensys-brn004.sat05-3669.reshuffled-07__6806a827828b.npy
SAT_Competition2007/crafted/Medium/contest05/others/QG7a-gensys-brn100.sat05-3765.reshuffled-07.cnf,QG7a-gensys-brn100.sat05-3765.reshuffled-07,/Users/herreran/Documents/Universidad/practica-invg/data/sat/instances/sc2012-hard-combinatorial/Hard Combinatorial SAT+UNSAT/SATCompetition2007/crafted/Medium/contest05/others/QG7a-gensys-brn100.sat05-3765.reshuffled-07.cnf,5000.0,glueminisat,1.24,1.07,2.04,1200.0,35.09,1.33,16.35,0.6,729.34,10.05,8.65,1200.0,31.05,43.78,41.31,56.55,1.0,19.22,3.41,7.76,122.36,1.42,15.23,24.66,22.93,14.56,29.08,1200.0,277.94,295.5,733.52,ok,ok,ok,timeout,ok,ok,ok,ok,ok,ok,ok,timeout,ok,ok,ok,ok,ok,ok,ok,ok,ok,ok,ok,ok,ok,ok,ok,timeout,ok,ok,ok,/Users/herreran/Documents/Universidad/practica-invg/data/sat/datasets/sat_cnn_data_images/images/QG7a-gensys-brn100.sat05-3765.reshuffled-07__e4bc763b7c5a.npy
SAT_Competition2007/crafted/Medium/contest05/others/QG7a-gensys-ukn001.sat05-3841.reshuffled-07.cnf,QG7a-gensys-ukn001.sat05-3841.reshuffled-07,/Users/herreran/Documents/Universidad/practica-invg/data/sat/instances/sc2012-hard-combinatorial/Hard Combinatorial SAT+UNSAT/SATCompetition2007/crafted/Medium/contest05/others/QG7a-gensys-ukn001.sat05-3841.reshuffled-07.cnf,5000.0,ebminisat,1.4,1.37,1.4,1200.0,19.88,0.47,15.44,1.13,1200.0,11.18,6.74,1200.0,34.18,40.8,51.16,40.97,1.79,44.75,3.35,6.62,26.42,0.77,22.5,35.65,4.32,114.74,46.04,135.69,133.48,126.6,21.87,ok,ok,ok,timeout,ok,ok,ok,ok,timeout,ok,ok,timeout,ok,ok,ok,ok,ok,ok,ok,ok,ok,ok,ok,ok,ok,ok,ok,ok,ok,ok,ok,/Users/herreran/Documents/Universidad/practica-invg/data/sat/datasets/sat_cnn_data_images/images/QG7a-gensys-ukn001.sat05-3841.reshuffled-07__3407021a4692.npy
SAT_Competition2007/crafted/Medium/contest05/others/QG7a-gensys-ukn005.sat05-3845.reshuffled-07.cnf,QG7a-gensys-ukn005.sat05-3845.reshuffled-07,/Users/herreran/Documents/Universidad/practica-invg/data/sat/instances/sc2012-hard-combinatorial/Hard Combinatorial SAT+UNSAT/SATCompetition2007/crafted/Medium/contest05/others/QG7a-gensys-ukn005.sat05-3845.reshuffled-07.cnf,5000.0,ebminisat,1.78,2.71,5.57,1200.0,33.26,1.01,20.8,1.31,24.11,19.78,11.89,1200.0,28.75,48.19,32.92,50.06,1.46,56.69,3.54,7.5,11.93,2.26,24.08,104.15,27.28,68.77,36.66,647.27,71.75,236.81,360.16,ok,ok,ok,timeout,ok,ok,ok,ok,ok,ok,ok,timeout,ok,ok,ok,ok,ok,ok,ok,ok,ok,ok,ok,ok,ok,ok,ok,ok,ok,ok,ok,/Users/herreran/Documents/Universidad/practica-invg/data/sat/datasets/sat_cnn_data_images/images/QG7a-gensys-ukn005.sat05-3845.reshuffled-07__5de2d311ca04.npy
SAT_Competition2007/crafted/Medium/contest05/others/QG8-gensys-ukn005.sat05-3584.reshuffled-07.cnf,QG8-gensys-ukn005.sat05-3584.reshuffled-07,/Users/herreran/Documents/Universidad/practica-invg/data/sat/instances/sc2012-hard-combinatorial/Hard Combinatorial SAT+UNSAT/SATCompetition2007/crafted/Medium/contest05/others/QG8-gensys-ukn005.sat05-3584.reshuffled-07.cnf,5000.0,precosat,106.49,29.72,21.6,1200.0,78.08,44.13,79.82,82.71,1200.0,14.94,92.14,253.69,79.58,113.12,22.1,107.4,32.63,94.7,10.18,47.54,118.94,58.34,68.24,1200.0,1200.0,1200.0,267.1,1200.0,124.34,134.07,1200.0,ok,ok,ok,timeout,ok,ok,ok,ok,timeout,ok,ok,ok,ok,ok,ok,ok,ok,ok,ok,ok,ok,ok,ok,timeout,timeout,timeout,ok,timeout,ok,ok,timeout,/Users/herreran/Documents/Universidad/practica-invg/data/sat/datasets/sat_cnn_data_images/images/QG8-gensys-ukn005.sat05-3584.reshuffled-07__52a09f4b41ea.npy
SAT_Competition2007/crafted/Medium/contest05/others/gensys-ukn002.sat05-2744.reshuffled-07.cnf,gensys-ukn002.sat05-2744.reshuffled-07,/Users/herreran/Documents/Universidad/practica-invg/data/sat/instances/sc2012-hard-combinatorial/Hard Combinatorial SAT+UNSAT/SATCompetition2007/crafted/Medium/contest05/others/gensys-ukn002.sat05-2744.reshuffled-07.cnf,5000.0,glueminisat,44.9,31.88,13.56,1200.0,35.32,59.91,25.26,13.43,1200.0,24.14,76.45,1200.0,32.27,61.66,50.9,55.19,86.36,67.16,16.78,26.7,39.97,43.77,155.25,1200.0,1200.0,1200.0,1200.0,1200.0,1200.0,1062.74,1200.0,ok,ok,ok,timeout,ok,ok,ok,ok,timeout,ok,ok,timeout,ok,ok,ok,ok,ok,ok,ok,ok,ok,ok,ok,timeout,timeout,timeout,timeout,timeout,timeout,ok,timeout,/Users/herreran/Documents/Universidad/practica-invg/data/sat/datasets/sat_cnn_data_images/images/gensys-ukn002.sat05-2744.reshuffled-07__9d2a32ca3e47.npy
SAT_Competition2007/crafted/Medium/contest05/others/pmg-11-UNSAT.sat05-3939.reshuffled-07.cnf,pmg-11-UNSAT.sat05-3939.reshuffled-07,/Users/herreran/Documents/Universidad/practica-invg/data/sat/instances/sc2012-hard-combinatorial/Hard Combinatorial SAT+UNSAT/SATCompetition2007/crafted/Medium/contest05/others/pmg-11-UNSAT.sat05-3939.reshuffled-07.cnf,5000.0,mphaseSAT,172.9,231.33,1200.0,1200.0,1200.0,897.01,1200.0,1200.0,1200.0,1200.0,1200.0,138.7,1200.0,0.02,0.1,0.02,217.1,234.08,1200.0,1200.0,1200.0,1135.41,1200.0,1200.0,1200.0,1200.0,1200.0,1200.0,766.41,1200.0,1200.0,ok,ok,timeout,timeout,timeout,ok,timeout,timeout,timeout,timeout,timeout,ok,timeout,ok,ok,ok,ok,ok,timeout,timeout,timeout,ok,timeout,timeout,timeout,timeout,timeout,timeout,ok,timeout,timeout,/Users/herreran/Documents/Universidad/practica-invg/data/sat/datasets/sat_cnn_data_images/images/pmg-11-UNSAT.sat05-3939.reshuffled-07__a11febf7d5a6.npy
SAT_Competition2007/crafted/Medium/contest05/pebbling/sat-grid-pbl-0070.sat05-1334.reshuffled-07.cnf,sat-grid-pbl-0070.sat05-1334.reshuffled-07,/Users/herreran/Documents/Universidad/practica-invg/data/sat/instances/sc2012-hard-combinatorial/Hard Combinatorial SAT+UNSAT/SATCompetition2007/crafted/Medium/contest05/pebbling/sat-grid-pbl-0070.sat05-1334.reshuffled-07.cnf,5000.0,clasp1,0.01,0.01,0.22,915.9,6.04,0.02,6.51,0.01,1200.0,0.08,0.01,1200.0,7.04,0.05,0.09,0.04,0.01,0.56,0.04,0.51,7.37,0.01,0.13,21.48,1200.0,8.16,45.64,989.5,2.87,2.55,1200.0,ok,ok,ok,ok,ok,ok,ok,ok,timeout,ok,ok,timeout,ok,ok,ok,ok,ok,ok,ok,ok,ok,ok,ok,ok,timeout,ok,ok,ok,ok,ok,timeout,/Users/herreran/Documents/Universidad/practica-invg/data/sat/datasets/sat_cnn_data_images/images/sat-grid-pbl-0070.sat05-1334.reshuffled-07__abf4159512e3.npy
SAT_Competition2007/crafted/Medium/contest05/pebbling/sat-grid-pbl-0200.sat05-1339.reshuffled-07.cnf,sat-grid-pbl-0200.sat05-1339.reshuffled-07,/Users/herreran/Documents/Universidad/practica-invg/data/sat/instances/sc2012-hard-combinatorial/Hard Combinatorial SAT+UNSAT/SATCompetition2007/crafted/Medium/contest05/pebbling/sat-grid-pbl-0200.sat05-1339.reshuffled-07.cnf,5000.0,mxc09,0.24,0.24,4.05,0.31,652.02,0.28,538.13,0.25,36.12,0.93,0.25,1200.0,522.85,0.55,0.58,0.51,0.2,43.88,0.89,35.06,525.92,0.24,0.57,12.32,10.03,1200.0,1200.0,0.26,452.28,491.77,0.87,ok,ok,ok,ok,ok,ok,ok,ok,ok,ok,ok,timeout,ok,ok,ok,ok,ok,ok,ok,ok,ok,ok,ok,ok,ok,timeout,timeout,ok,ok,ok,ok,/Users/herreran/Documents/Universidad/practica-invg/data/sat/datasets/sat_cnn_data_images/images/sat-grid-pbl-0200.sat05-1339.reshuffled-07__d6c217d2f9b4.npy
SAT_Competition2007/crafted/Medium/contest05/pebbling/sat-pbl-00400.sat05-1322.reshuffled-07.cnf,sat-pbl-00400.sat05-1322.reshuffled-07,/Users/herreran/Documents/Universidad/practica-invg/data/sat/instances/sc2012-hard-combinatorial/Hard Combinatorial SAT+UNSAT/SATCompetition2007/crafted/Medium/contest05/pebbling/sat-pbl-00400.sat05-1322.reshuffled-07.cnf,5000.0,picosat,1.2,1.2,3.36,1.52,2.72,2.14,2.84,2.12,458.77,2.21,2.19,1200.0,2.12,25.01,14.04,25.13,4.73,0.66,1.12,7.53,2.57,2.16,1.64,1200.0,1200.0,1200.0,53.73,1200.0,86.78,11.88,1200.0,ok,ok,ok,ok,ok,ok,ok,ok,ok,ok,ok,timeout,ok,ok,ok,ok,ok,ok,ok,ok,ok,ok,ok,timeout,timeout,timeout,ok,timeout,ok,ok,timeout,/Users/herreran/Documents/Universidad/practica-invg/data/sat/datasets/sat_cnn_data_images/images/sat-pbl-00400.sat05-1322.reshuffled-07__1ff654363c51.npy
SAT_Competition2007/crafted/Medium/contest05/pebbling/unsat-grid-pbl-0080.sat05-1344.reshuffled-07.cnf,unsat-grid-pbl-0080.sat05-1344.reshuffled-07,/Users/herreran/Documents/Universidad/practica-invg/data/sat/instances/sc2012-hard-combinatorial/Hard Combinatorial SAT+UNSAT/SATCompetition2007/crafted/Medium/contest05/pebbling/unsat-grid-pbl-0080.sat05-1344.reshuffled-07.cnf,5000.0,ebminisat,0.04,0.04,0.52,1200.0,0.23,0.02,0.21,0.03,1200.0,0.21,0.03,1200.0,0.27,0.08,0.18,0.05,0.03,3.71,0.06,0.95,0.34,0.03,0.59,1200.0,1200.0,1200.0,394.15,1200.0,1094.99,646.2,1200.0,ok,ok,ok,timeout,ok,ok,ok,ok,timeout,ok,ok,timeout,ok,ok,ok,ok,ok,ok,ok,ok,ok,ok,ok,timeout,timeout,timeout,ok,timeout,ok,ok,timeout,/Users/herreran/Documents/Universidad/practica-invg/data/sat/datasets/sat_cnn_data_images/images/unsat-grid-pbl-0080.sat05-1344.reshuffled-07__7ec944ddd44f.npy
SAT_Competition2007/crafted/Medium/contest05/pebbling/unsat-pbl-00070.sat05-1324.reshuffled-07.cnf,unsat-pbl-00070.sat05-1324.reshuffled-07,/Users/herreran/Documents/Universidad/practica-invg/data/sat/instances/sc2012-hard-combinatorial/Hard Combinatorial SAT+UNSAT/SATCompetition2007/crafted/Medium/contest05/pebbling/unsat-pbl-00070.sat05-1324.reshuffled-07.cnf,5000.0,clasp2,0.06,0.05,0.26,1200.0,3.1,0.13,32.89,0.09,1200.0,0.84,0.1,1200.0,0.18,3.45,4.61,3.46,0.11,0.1,0.15,0.52,0.35,0.1,0.17,1200.0,1200.0,1200.0,2.49,1200.0,1200.0,239.96,1200.0,ok,ok,ok,timeout,ok,ok,ok,ok,timeout,ok,ok,timeout,ok,ok,ok,ok,ok,ok,ok,ok,ok,ok,ok,timeout,timeout,timeout,ok,timeout,timeout,ok,timeout,/Users/herreran/Documents/Universidad/practica-invg/data/sat/datasets/sat_cnn_data_images/images/unsat-pbl-00070.sat05-1324.reshuffled-07__213be29be2bb.npy
SAT_Competition2007/crafted/Medium/contest05/pebbling/unsat-pbl-00080.sat05-1325.reshuffled-07.cnf,unsat-pbl-00080.sat05-1325.reshuffled-07,/Users/herreran/Documents/Universidad/practica-invg/data/sat/instances/sc2012-hard-combinatorial/Hard Combinatorial SAT+UNSAT/SATCompetition2007/crafted/Medium/contest05/pebbling/unsat-pbl-00080.sat05-1325.reshuffled-07.cnf,5000.0,clasp2,0.11,0.1,0.48,1200.0,12.57,0.21,5.58,0.17,1200.0,0.6,0.18,1200.0,0.28,5.66,7.16,5.79,0.28,0.34,0.19,0.71,0.86,0.18,0.19,1200.0,1200.0,1200.0,31.87,1200.0,1200.0,13.17,1200.0,ok,ok,ok,timeout,ok,ok,ok,ok,timeout,ok,ok,timeout,ok,ok,ok,ok,ok,ok,ok,ok,ok,ok,ok,timeout,timeout,timeout,ok,timeout,timeout,ok,timeout,/Users/herreran/Documents/Universidad/practica-invg/data/sat/datasets/sat_cnn_data_images/images/unsat-pbl-00080.sat05-1325.reshuffled-07__ff2cd4f0abcd.npy
SAT_Competition2007/crafted/Medium/contest05/pebbling/unsat-pbl-00090.sat05-1326.reshuffled-07.cnf,unsat-pbl-00090.sat05-1326.reshuffled-07,/Users/herreran/Documents/Universidad/practica-invg/data/sat/instances/sc2012-hard-combinatorial/Hard Combinatorial SAT+UNSAT/SATCompetition2007/crafted/Medium/contest05/pebbling/unsat-pbl-00090.sat05-1326.reshuffled-07.cnf,5000.0,clasp2,0.1,0.09,0.35,1200.0,1.19,0.14,0.33,0.14,1200.0,0.58,0.14,1200.0,0.27,2.24,3.12,2.3,0.17,0.1,0.32,0.59,0.31,0.14,0.15,1200.0,1200.0,1200.0,2.92,1200.0,1200.0,63.93,1200.0,ok,ok,ok,timeout,ok,ok,ok,ok,timeout,ok,ok,timeout,ok,ok,ok,ok,ok,ok,ok,ok,ok,ok,ok,timeout,timeout,timeout,ok,timeout,timeout,ok,timeout,/Users/herreran/Documents/Universidad/practica-invg/data/sat/datasets/sat_cnn_data_images/images/unsat-pbl-00090.sat05-1326.reshuffled-07__30a0cb1b61d4.npy
SAT_Competition2007/crafted/Medium/contest05/pebbling/unsat-pbl-00150.sat05-1328.reshuffled-07.cnf,unsat-pbl-00150.sat05-1328.reshuffled-07,/Users/herreran/Documents/Universidad/practica-invg/data/sat/instances/sc2012-hard-combinatorial/Hard Combinatorial SAT+UNSAT/SATCompetition2007/crafted/Medium/contest05/pebbling/unsat-pbl-00150.sat05-1328.reshuffled-07.cnf,5000.0,precosat,0.54,0.5,1.41,1200.0,4.12,0.73,2.82,0.72,1200.0,1.41,0.75,1200.0,0.51,0.54,4.78,0.54,1.0,0.68,0.48,2.39,0.69,0.73,0.64,1200.0,1200.0,1200.0,1200.0,1200.0,1200.0,1200.0,1200.0,ok,ok,ok,timeout,ok,ok,ok,ok,timeout,ok,ok,timeout,ok,ok,ok,ok,ok,ok,ok,ok,ok,ok,ok,timeout,timeout,timeout,timeout,timeout,timeout,timeout,timeout,/Users/herreran/Documents/Universidad/practica-invg/data/sat/datasets/sat_cnn_data_images/images/unsat-pbl-00150.sat05-1328.reshuffled-07__42729b251002.npy
SAT_Competition2007/crafted/Medium/contest05/pebbling/unsat-pbl-00200.sat05-1329.reshuffled-07.cnf,unsat-pbl-00200.sat05-1329.reshuffled-07,/Users/herreran/Documents/Universidad/practica-invg/data/sat/instances/sc2012-hard-combinatorial/Hard Combinatorial SAT+UNSAT/SATCompetition2007/crafted/Medium/contest05/pebbling/unsat-pbl-00200.sat05-1329.reshuffled-07.cnf,5000.0,clasp2,0.2,0.18,0.75,1200.0,1.49,0.35,4.9,0.35,1200.0,1.32,0.36,1200.0,0.52,0.4,2.23,0.43,0.46,0.25,0.48,1.68,0.6,0.36,0.32,1200.0,1200.0,1200.0,702.8,1200.0,1200.0,1200.0,1200.0,ok,ok,ok,timeout,ok,ok,ok,ok,timeout,ok,ok,timeout,ok,ok,ok,ok,ok,ok,ok,ok,ok,ok,ok,timeout,timeout,timeout,ok,timeout,timeout,timeout,timeout,/Users/herreran/Documents/Universidad/practica-invg/data/sat/datasets/sat_cnn_data_images/images/unsat-pbl-00200.sat05-1329.reshuffled-07__3beef54ca6f0.npy
SAT_Competition2007/crafted/Medium/contest05/pebbling/unsat-pbl-00250.sat05-1330.reshuffled-07.cnf,unsat-pbl-00250.sat05-1330.reshuffled-07,/Users/herreran/Documents/Universidad/practica-invg/data/sat/instances/sc2012-hard-combinatorial/Hard Combinatorial SAT+UNSAT/SATCompetition2007/crafted/Medium/contest05/pebbling/unsat-pbl-00250.sat05-1330.reshuffled-07.cnf,5000.0,clasp2,0.31,0.28,1.3,1200.0,4.2,0.61,1.73,0.6,1200.0,1.42,0.62,1200.0,0.86,4.01,2.4,3.91,0.79,1.67,0.57,2.5,1.65,0.64,0.52,1200.0,1200.0,1200.0,1200.0,1200.0,1200.0,1200.0,1200.0,ok,ok,ok,timeout,ok,ok,ok,ok,timeout,ok,ok,timeout,ok,ok,ok,ok,ok,ok,ok,ok,ok,ok,ok,timeout,timeout,timeout,timeout,timeout,timeout,timeout,timeout,/Users/herreran/Documents/Universidad/practica-invg/data/sat/datasets/sat_cnn_data_images/images/unsat-pbl-00250.sat05-1330.reshuffled-07__55a04fac5b17.npy
SAT_Competition2007/crafted/Medium/contest05/sabharwal/counting-easier-fphp-012-010.sat05-1214.reshuffled-07.cnf,counting-easier-fphp-012-010.sat05-1214.reshuffled-07,/Users/herreran/Documents/Universidad/practica-invg/data/sat/instances/sc2012-hard-combinatorial/Hard Combinatorial SAT+UNSAT/SATCompetition2007/crafted/Medium/contest05/sabharwal/counting-easier-fphp-012-010.sat05-1214.reshuffled-07.cnf,5000.0,sol,39.95,58.02,126.71,1200.0,224.58,228.34,117.16,641.07,1200.0,1200.0,516.1,31.05,383.36,212.26,1200.0,407.04,359.34,399.27,796.5,181.01,680.49,606.76,441.06,1200.0,1200.0,1200.0,0.19,1200.0,135.75,1088.99,1200.0,ok,ok,ok,timeout,ok,ok,ok,ok,timeout,timeout,ok,ok,ok,ok,timeout,ok,ok,ok,ok,ok,ok,ok,ok,timeout,timeout,timeout,ok,timeout,ok,ok,timeout,/Users/herreran/Documents/Universidad/practica-invg/data/sat/datasets/sat_cnn_data_images/images/counting-easier-fphp-012-010.sat05-1214.reshuffled-07__e980e84f348e.npy
SAT_Competition2007/crafted/Medium/contest05/sabharwal/counting-easier-php-012-010.sat05-1172.reshuffled-07.cnf,counting-easier-php-012-010.sat05-1172.reshuffled-07,/Users/herreran/Documents/Universidad/practica-invg/data/sat/instances/sc2012-hard-combinatorial/Hard Combinatorial SAT+UNSAT/SATCompetition2007/crafted/Medium/contest05/sabharwal/counting-easier-php-012-010.sat05-1172.reshuffled-07.cnf,5000.0,sol,46.57,62.42,260.45,1200.0,262.12,405.75,147.91,1180.39,1200.0,1200.0,1124.81,28.44,653.68,161.77,177.11,186.97,607.56,880.43,988.53,144.34,662.43,503.68,444.69,1200.0,1200.0,1200.0,0.25,1200.0,141.11,296.34,1200.0,ok,ok,ok,timeout,ok,ok,ok,ok,timeout,timeout,ok,ok,ok,ok,ok,ok,ok,ok,ok,ok,ok,ok,ok,timeout,timeout,timeout,ok,timeout,ok,ok,timeout,/Users/herreran/Documents/Universidad/practica-invg/data/sat/datasets/sat_cnn_data_images/images/counting-easier-php-012-010.sat05-1172.reshuffled-07__9380bc096f43.npy
SAT_Competition2007/crafted/Medium/contest05/sabharwal/gt-ordering-sat-gt-030.sat05-1295.reshuffled-07.cnf,gt-ordering-sat-gt-030.sat05-1295.reshuffled-07,/Users/herreran/Documents/Universidad/practica-invg/data/sat/instances/sc2012-hard-combinatorial/Hard Combinatorial SAT+UNSAT/SATCompetition2007/crafted/Medium/contest05/sabharwal/gt-ordering-sat-gt-030.sat05-1295.reshuffled-07.cnf,5000.0,precosat,1200.0,1200.0,9.58,1200.0,1200.0,30.82,1200.0,5.19,1200.0,0.28,0.3,1200.0,473.78,1200.0,1200.0,1200.0,1200.0,1200.0,0.14,104.27,1200.0,509.42,0.8,1200.0,1200.0,1200.0,1200.0,1200.0,1200.0,2.73,1200.0,timeout,timeout,ok,timeout,timeout,ok,timeout,ok,timeout,ok,ok,timeout,ok,timeout,timeout,timeout,timeout,timeout,ok,ok,timeout,ok,ok,timeout,timeout,timeout,timeout,timeout,timeout,ok,timeout,/Users/herreran/Documents/Universidad/practica-invg/data/sat/datasets/sat_cnn_data_images/images/gt-ordering-sat-gt-030.sat05-1295.reshuffled-07__189ffcfd9f29.npy
SAT_Competition2007/crafted/Medium/contest05/sabharwal/gt-ordering-unsat-gt-025.sat05-1306.reshuffled-07.cnf,gt-ordering-unsat-gt-025.sat05-1306.reshuffled-07,/Users/herreran/Documents/Universidad/practica-invg/data/sat/instances/sc2012-hard-combinatorial/Hard Combinatorial SAT+UNSAT/SATCompetition2007/crafted/Medium/contest05/sabharwal/gt-ordering-unsat-gt-025.sat05-1306.reshuffled-07.cnf,5000.0,precosat,1200.0,3.09,3.76,1200.0,595.47,69.69,1200.0,3.4,1200.0,0.14,0.22,1200.0,31.7,19.19,9.14,19.02,1200.0,1200.0,0.05,7.69,5.0,1.68,3.01,1200.0,1200.0,1200.0,1200.0,1200.0,15.3,0.68,1200.0,timeout,ok,ok,timeout,ok,ok,timeout,ok,timeout,ok,ok,timeout,ok,ok,ok,ok,timeout,timeout,ok,ok,ok,ok,ok,timeout,timeout,timeout,timeout,timeout,ok,ok,timeout,/Users/herreran/Documents/Universidad/practica-invg/data/sat/datasets/sat_cnn_data_images/images/gt-ordering-unsat-gt-025.sat05-1306.reshuffled-07__90f7ad67708f.npy
SAT_Competition2007/crafted/Medium/contest05/sabharwal/gt-ordering-unsat-gt-030.sat05-1307.reshuffled-07.cnf,gt-ordering-unsat-gt-030.sat05-1307.reshuffled-07,/Users/herreran/Documents/Universidad/practica-invg/data/sat/instances/sc2012-hard-combinatorial/Hard Combinatorial SAT+UNSAT/SATCompetition2007/crafted/Medium/contest05/sabharwal/gt-ordering-unsat-gt-030.sat05-1307.reshuffled-07.cnf,5000.0,precosat,1200.0,1200.0,11.54,1200.0,1200.0,281.02,1200.0,12.99,1200.0,0.28,0.32,1200.0,225.48,1200.0,1200.0,1200.0,1200.0,1200.0,0.14,27.71,1200.0,741.57,0.95,1200.0,1200.0,1200.0,1200.0,1200.0,1200.0,2.29,1200.0,timeout,timeout,ok,timeout,timeout,ok,timeout,ok,timeout,ok,ok,timeout,ok,timeout,timeout,timeout,timeout,timeout,ok,ok,timeout,ok,ok,timeout,timeout,timeout,timeout,timeout,timeout,ok,timeout,/Users/herreran/Documents/Universidad/practica-invg/data/sat/datasets/sat_cnn_data_images/images/gt-ordering-unsat-gt-030.sat05-1307.reshuffled-07__8483b7e73cef.npy
SAT_Competition2007/crafted/Medium/contest05/sabharwal/gt-ordering-unsat-gt-035.sat05-1308.reshuffled-07.cnf,gt-ordering-unsat-gt-035.sat05-1308.reshuffled-07,/Users/herreran/Documents/Universidad/practica-invg/data/sat/instances/sc2012-hard-combinatorial/Hard Combinatorial SAT+UNSAT/SATCompetition2007/crafted/Medium/contest05/sabharwal/gt-ordering-unsat-gt-035.sat05-1308.reshuffled-07.cnf,5000.0,precosat,1200.0,1200.0,25.09,1200.0,1200.0,1200.0,1200.0,40.03,1200.0,0.45,0.86,1200.0,1200.0,0.28,851.39,0.26,1200.0,1200.0,0.19,7.89,1200.0,1200.0,66.55,1200.0,1200.0,1200.0,1200.0,1200.0,1200.0,471.02,1200.0,timeout,timeout,ok,timeout,timeout,timeout,timeout,ok,timeout,ok,ok,timeout,timeout,ok,ok,ok,timeout,timeout,ok,ok,timeout,timeout,ok,timeout,timeout,timeout,timeout,timeout,timeout,ok,timeout,/Users/herreran/Documents/Universidad/practica-invg/data/sat/datasets/sat_cnn_data_images/images/gt-ordering-unsat-gt-035.sat05-1308.reshuffled-07__72d7b03012a9.npy
SAT_Competition2007/crafted/Medium/contest05/sabharwal/sat-strips-gripper-10t19.sat05-1143.reshuffled-07.cnf,sat-strips-gripper-10t19.sat05-1143.reshuffled-07,/Users/herreran/Documents/Universidad/practica-invg/data/sat/instances/sc2012-hard-combinatorial/Hard Combinatorial SAT+UNSAT/SATCompetition2007/crafted/Medium/contest05/sabharwal/sat-strips-gripper-10t19.sat05-1143.reshuffled-07.cnf,5000.0,ebminisat,1.4,1.17,0.74,1200.0,0.52,0.26,0.34,0.39,1200.0,1.51,0.46,1200.0,0.31,0.31,1.19,0.32,0.48,0.37,0.28,0.32,0.32,1.2,2.9,1200.0,1200.0,1200.0,32.13,1200.0,26.89,35.44,1200.0,ok,ok,ok,timeout,ok,ok,ok,ok,timeout,ok,ok,timeout,ok,ok,ok,ok,ok,ok,ok,ok,ok,ok,ok,timeout,timeout,timeout,ok,timeout,ok,ok,timeout,/Users/herreran/Documents/Universidad/practica-invg/data/sat/datasets/sat_cnn_data_images/images/sat-strips-gripper-10t19.sat05-1143.reshuffled-07__3aa1b4b7d08b.npy
SAT_Competition2007/crafted/Medium/contest05/sabharwal/sat-strips-gripper-12t23.sat05-1144.reshuffled-07.cnf,sat-strips-gripper-12t23.sat05-1144.reshuffled-07,/Users/herreran/Documents/Universidad/practica-invg/data/sat/instances/sc2012-hard-combinatorial/Hard Combinatorial SAT+UNSAT/SATCompetition2007/crafted/Medium/contest05/sabharwal/sat-strips-gripper-12t23.sat05-1144.reshuffled-07.cnf,5000.0,lrglshr,4.88,10.59,1.76,1200.0,1.52,1.48,1.04,1.6,1200.0,2.33,1.03,1200.0,1.04,2.58,2.28,2.81,1.61,1.44,2.24,1.76,1.21,1.41,5.15,1200.0,1200.0,1200.0,248.42,1200.0,291.3,1200.0,1200.0,ok,ok,ok,timeout,ok,ok,ok,ok,timeout,ok,ok,timeout,ok,ok,ok,ok,ok,ok,ok,ok,ok,ok,ok,timeout,timeout,timeout,ok,timeout,ok,timeout,timeout,/Users/herreran/Documents/Universidad/practica-invg/data/sat/datasets/sat_cnn_data_images/images/sat-strips-gripper-12t23.sat05-1144.reshuffled-07__9d5e29bc43e0.npy
SAT_Competition2007/crafted/Medium/contest05/sabharwal/unsat-logistics-rotate-09t5.sat05-1139.reshuffled-07.cnf,unsat-logistics-rotate-09t5.sat05-1139.reshuffled-07,/Users/herreran/Documents/Universidad/practica-invg/data/sat/instances/sc2012-hard-combinatorial/Hard Combinatorial SAT+UNSAT/SATCompetition2007/crafted/Medium/contest05/sabharwal/unsat-logistics-rotate-09t5.sat05-1139.reshuffled-07.cnf,5000.0,qutersat,16.55,6.11,8.05,1200.0,21.92,32.72,9.79,13.51,1200.0,10.93,7.64,1200.0,7.62,16.63,25.04,16.95,17.71,12.79,24.77,2.53,11.63,37.95,33.77,1200.0,1200.0,1200.0,28.63,1200.0,40.62,18.14,1200.0,ok,ok,ok,timeout,ok,ok,ok,ok,timeout,ok,ok,timeout,ok,ok,ok,ok,ok,ok,ok,ok,ok,ok,ok,timeout,timeout,timeout,ok,timeout,ok,ok,timeout,/Users/herreran/Documents/Universidad/practica-invg/data/sat/datasets/sat_cnn_data_images/images/unsat-logistics-rotate-09t5.sat05-1139.reshuffled-07__3496f6a19607.npy
SAT_Competition2007/crafted/spence/hard/s101-100.cnf,s101-100,/Users/herreran/Documents/Universidad/practica-invg/data/sat/instances/sc2012-hard-combinatorial/Hard Combinatorial SAT+UNSAT/SATCompetition2007/crafted/spence/hard/s101-100.cnf,5000.0,clasp1,1200.0,1200.0,1200.0,1200.0,1200.0,1200.0,1200.0,1200.0,1200.0,1200.0,1200.0,1200.0,1200.0,1200.0,1200.0,1200.0,1200.0,1200.0,1200.0,1200.0,1200.0,1200.0,1200.0,1200.0,1200.0,1200.0,1200.0,1200.0,1200.0,1200.0,1200.0,timeout,timeout,timeout,timeout,timeout,timeout,timeout,timeout,timeout,timeout,timeout,timeout,timeout,timeout,timeout,timeout,timeout,timeout,timeout,timeout,timeout,timeout,timeout,timeout,timeout,timeout,timeout,timeout,timeout,timeout,timeout,/Users/herreran/Documents/Universidad/practica-invg/data/sat/datasets/sat_cnn_data_images/images/s101-100__f9f6a52aaf7a.npy
SAT_Competition2007/crafted/spence/hard/s105-100.cnf,s105-100,,5000.0,clasp1,1200.0,1200.0,1200.0,1200.0,1200.0,1200.0,1200.0,1200.0,1200.0,1200.0,1200.0,1200.0,1200.0,1200.0,1200.0,1200.0,1200.0,1200.0,1200.0,1200.0,1200.0,1200.0,1200.0,1200.0,1200.0,1200.0,1200.0,1200.0,1200.0,1200.0,1200.0,timeout,timeout,timeout,timeout,timeout,timeout,timeout,timeout,timeout,timeout,timeout,timeout,timeout,timeout,timeout,timeout,timeout,timeout,timeout,timeout,timeout,timeout,timeout,timeout,timeout,timeout,timeout,timeout,timeout,timeout,timeout,
SAT_Competition2007/crafted/spence/hard/s109-100.cnf,s109-100,,5000.0,clasp1,1200.0,1200.0,1200.0,1200.0,1200.0,1200.0,1200.0,1200.0,1200.0,1200.0,1200.0,1200.0,1200.0,1200.0,1200.0,1200.0,1200.0,1200.0,1200.0,1200.0,1200.0,1200.0,1200.0,1200.0,1200.0,1200.0,1200.0,1200.0,1200.0,1200.0,1200.0,timeout,timeout,timeout,timeout,timeout,timeout,timeout,timeout,timeout,timeout,timeout,timeout,timeout,timeout,timeout,timeout,timeout,timeout,timeout,timeout,timeout,timeout,timeout,timeout,timeout,timeout,timeout,timeout,timeout,timeout,timeout,
SAT_Competition2007/crafted/spence/hard/s113-100.cnf,s113-100,,5000.0,clasp1,1200.0,1200.0,1200.0,1200.0,1200.0,1200.0,1200.0,1200.0,1200.0,1200.0,1200.0,1200.0,1200.0,1200.0,1200.0,1200.0,1200.0,1200.0,1200.0,1200.0,1200.0,1200.0,1200.0,1200.0,1200.0,1200.0,1200.0,1200.0,1200.0,1200.0,1200.0,timeout,timeout,timeout,timeout,timeout,timeout,timeout,timeout,timeout,timeout,timeout,timeout,timeout,timeout,timeout,timeout,timeout,timeout,timeout,timeout,timeout,timeout,timeout,timeout,timeout,timeout,timeout,timeout,timeout,timeout,timeout,
SAT_Competition2007/crafted/spence/hard/s117-100.cnf,s117-100,,5000.0,clasp1,1200.0,1200.0,1200.0,1200.0,1200.0,1200.0,1200.0,1200.0,1200.0,1200.0,1200.0,1200.0,1200.0,1200.0,1200.0,1200.0,1200.0,1200.0,1200.0,1200.0,1200.0,1200.0,1200.0,1200.0,1200.0,1200.0,1200.0,1200.0,1200.0,1200.0,1200.0,timeout,timeout,timeout,timeout,timeout,timeout,timeout,timeout,timeout,timeout,timeout,timeout,timeout,timeout,timeout,timeout,timeout,timeout,timeout,timeout,timeout,timeout,timeout,timeout,timeout,timeout,timeout,timeout,timeout,timeout,timeout,
SAT_Competition2007/crafted/spence/hard/s97-100.cnf,s97-100,,5000.0,clasp1,1092.98,1200.0,1200.0,1200.0,1200.0,1200.0,1200.0,1200.0,1200.0,1200.0,1200.0,1200.0,1200.0,1200.0,1200.0,1200.0,1200.0,1200.0,1200.0,1200.0,1200.0,1200.0,1200.0,1200.0,1200.0,1200.0,1200.0,1200.0,1200.0,1200.0,1200.0,ok,timeout,timeout,timeout,timeout,timeout,timeout,timeout,timeout,timeout,timeout,timeout,timeout,timeout,timeout,timeout,timeout,timeout,timeout,timeout,timeout,timeout,timeout,timeout,timeout,timeout,timeout,timeout,timeout,timeout,timeout,
SAT_Competition2007/crafted/spence/medium/s57-100.cnf,s57-100,/Users/herreran/Documents/Universidad/practica-invg/data/sat/instances/sc2012-hard-combinatorial/Hard Combinatorial SAT+UNSAT/SATCompetition2007/crafted/spence/medium/s57-100.cnf,5000.0,picosat,0.52,0.83,1.93,1200.0,2.89,1.92,1.72,2.47,1200.0,2.09,323.28,0.78,1.22,11.48,11.5,11.77,0.63,0.46,1.22,1.79,3.05,2.5,4.3,1200.0,1200.0,1200.0,1.43,1200.0,2.46,27.2,1200.0,ok,ok,ok,timeout,ok,ok,ok,ok,timeout,ok,ok,ok,ok,ok,ok,ok,ok,ok,ok,ok,ok,ok,ok,timeout,timeout,timeout,ok,timeout,ok,ok,timeout,/Users/herreran/Documents/Universidad/practica-invg/data/sat/datasets/sat_cnn_data_images/images/s57-100__4a34ac2f6673.npy
SAT_Competition2007/crafted/spence/medium/s61-100.cnf,s61-100,,5000.0,clasp1,0.85,1.84,2.92,1200.0,4.86,4.51,6.0,4.06,1200.0,3.89,1200.0,1.82,4.97,15.92,13.44,13.94,1.03,1.0,1.31,6.16,5.16,8.01,6.91,1200.0,1200.0,1200.0,4.9,1200.0,4.87,32.97,1200.0,ok,ok,ok,timeout,ok,ok,ok,ok,timeout,ok,timeout,ok,ok,ok,ok,ok,ok,ok,ok,ok,ok,ok,ok,timeout,timeout,timeout,ok,timeout,ok,ok,timeout,
SAT_Competition2007/crafted/spence/medium/s65-100.cnf,s65-100,/Users/herreran/Documents/Universidad/practica-invg/data/sat/instances/sc2012-hard-combinatorial/Hard Combinatorial SAT+UNSAT/SATCompetition2007/crafted/spence/medium/s65-100.cnf,5000.0,clasp1,1.33,3.33,9.45,1200.0,13.1,9.51,3.6,20.77,1200.0,11.54,1200.0,4.01,5.7,30.54,27.8,16.58,5.65,1.59,3.55,10.74,6.45,21.39,19.79,1200.0,1200.0,1200.0,8.76,1200.0,13.13,162.34,1200.0,ok,ok,ok,timeout,ok,ok,ok,ok,timeout,ok,timeout,ok,ok,ok,ok,ok,ok,ok,ok,ok,ok,ok,ok,timeout,timeout,timeout,ok,timeout,ok,ok,timeout,/Users/herreran/Documents/Universidad/practica-invg/data/sat/datasets/sat_cnn_data_images/images/s65-100__59cc7b63c3f4.npy
SAT_Competition2007/crafted/spence/medium/s69-100.cnf,s69-100,/Users/herreran/Documents/Universidad/practica-invg/data/sat/instances/sc2012-hard-combinatorial/Hard Combinatorial SAT+UNSAT/SATCompetition2007/crafted/spence/medium/s69-100.cnf,5000.0,picosat,4.97,6.33,14.79,1200.0,23.76,21.26,14.16,34.12,1200.0,16.62,1200.0,9.32,33.05,35.82,40.53,21.99,5.06,2.88,7.55,10.56,35.6,27.74,28.79,1200.0,1200.0,1200.0,27.4,1200.0,22.32,570.39,1200.0,ok,ok,ok,timeout,ok,ok,ok,ok,timeout,ok,timeout,ok,ok,ok,ok,ok,ok,ok,ok,ok,ok,ok,ok,timeout,timeout,timeout,ok,timeout,ok,ok,timeout,/Users/herreran/Documents/Universidad/practica-invg/data/sat/datasets/sat_cnn_data_images/images/s69-100__82a03d792add.npy
SAT_Competition2007/crafted/spence/medium/s73-100.cnf,s73-100,,5000.0,picosat,13.84,24.58,46.41,1200.0,69.91,51.01,38.03,90.56,1200.0,34.2,1200.0,21.68,65.91,59.98,59.79,36.01,19.81,8.47,31.35,47.61,115.22,84.72,117.4,1200.0,1200.0,1200.0,184.24,1200.0,71.63,1200.0,1200.0,ok,ok,ok,timeout,ok,ok,ok,ok,timeout,ok,timeout,ok,ok,ok,ok,ok,ok,ok,ok,ok,ok,ok,ok,timeout,timeout,timeout,ok,timeout,ok,timeout,timeout,
SAT_Competition2007/crafted/spence/medium/s77-100.cnf,s77-100,/Users/herreran/Documents/Universidad/practica-invg/data/sat/instances/sc2012-hard-combinatorial/Hard Combinatorial SAT+UNSAT/SATCompetition2007/crafted/spence/medium/s77-100.cnf,5000.0,picosat,20.79,37.94,50.74,1200.0,84.7,83.41,112.73,279.95,1200.0,219.8,1200.0,48.31,235.79,102.51,87.93,69.85,62.56,13.35,29.92,40.14,935.59,167.2,133.59,1200.0,1200.0,1200.0,139.54,1200.0,123.87,1200.0,1200.0,ok,ok,ok,timeout,ok,ok,ok,ok,timeout,ok,timeout,ok,ok,ok,ok,ok,ok,ok,ok,ok,ok,ok,ok,timeout,timeout,timeout,ok,timeout,ok,timeout,timeout,/Users/herreran/Documents/Universidad/practica-invg/data/sat/datasets/sat_cnn_data_images/images/s77-100__3d30d7ad4318.npy
SAT_Competition2007/crafted/spence/medium/s81-100.cnf,s81-100,/Users/herreran/Documents/Universidad/practica-invg/data/sat/instances/sc2012-hard-combinatorial/Hard Combinatorial SAT+UNSAT/SATCompetition2007/crafted/spence/medium/s81-100.cnf,5000.0,picosat,37.24,82.33,188.64,1200.0,331.78,225.67,133.89,992.53,1200.0,111.01,1200.0,112.29,884.07,214.85,162.12,237.57,154.94,25.97,266.32,139.59,1200.0,295.82,560.33,1200.0,1200.0,1200.0,1200.0,1200.0,278.82,1200.0,1200.0,ok,ok,ok,timeout,ok,ok,ok,ok,timeout,ok,timeout,ok,ok,ok,ok,ok,ok,ok,ok,ok,timeout,ok,ok,timeout,timeout,timeout,timeout,timeout,ok,timeout,timeout,/Users/herreran/Documents/Universidad/practica-invg/data/sat/datasets/sat_cnn_data_images/images/s81-100__3d77f72798c4.npy
SAT_Competition2007/crafted/spence/medium/s85-100.cnf,s85-100,,5000.0,picosat,118.58,151.97,319.58,1200.0,807.0,605.19,384.74,1200.0,1200.0,282.69,1200.0,250.34,1136.3,464.32,327.71,393.94,220.71,69.01,410.58,930.58,1200.0,645.78,1200.0,1200.0,1200.0,1200.0,1200.0,1200.0,668.17,1200.0,1200.0,ok,ok,ok,timeout,ok,ok,ok,timeout,timeout,ok,timeout,ok,ok,ok,ok,ok,ok,ok,ok,ok,timeout,ok,timeout,timeout,timeout,timeout,timeout,timeout,ok,timeout,timeout,
SAT_Competition2007/crafted/spence/medium/s89-100.cnf,s89-100,/Users/herreran/Documents/Universidad/practica-invg/data/sat/instances/sc2012-hard-combinatorial/Hard Combinatorial SAT+UNSAT/SATCompetition2007/crafted/spence/medium/s89-100.cnf,5000.0,clasp1,153.6,300.88,1200.0,1200.0,1200.0,710.94,376.08,1200.0,1200.0,847.65,1200.0,615.42,1200.0,696.03,608.9,767.25,516.61,156.96,739.31,1200.0,1200.0,1020.02,1200.0,1200.0,1200.0,1200.0,1200.0,1200.0,1177.89,1200.0,1200.0,ok,ok,timeout,timeout,timeout,ok,ok,timeout,timeout,ok,timeout,ok,timeout,ok,ok,ok,ok,ok,ok,timeout,timeout,ok,timeout,timeout,timeout,timeout,timeout,timeout,ok,timeout,timeout,/Users/herreran/Documents/Universidad/practica-invg/data/sat/datasets/sat_cnn_data_images/images/s89-100__a82b9fc66f36.npy
SAT_Competition2007/crafted/spence/medium/s93-100.cnf,s93-100,/Users/herreran/Documents/Universidad/practica-invg/data/sat/instances/sc2012-hard-combinatorial/Hard Combinatorial SAT+UNSAT/SATCompetition2007/crafted/spence/medium/s93-100.cnf,5000.0,clasp1,359.25,456.16,1200.0,1200.0,1200.0,1200.0,1200.0,1200.0,1200.0,1200.0,1200.0,1200.0,1200.0,1200.0,1200.0,1200.0,731.72,452.61,1200.0,1200.0,1200.0,1200.0,1200.0,1200.0,1200.0,1200.0,1200.0,1200.0,1200.0,1200.0,1200.0,ok,ok,timeout,timeout,timeout,timeout,timeout,timeout,timeout,timeout,timeout,timeout,timeout,timeout,timeout,timeout,ok,ok,timeout,timeout,timeout,timeout,timeout,timeout,timeout,timeout,timeout,timeout,timeout,timeout,timeout,/Users/herreran/Documents/Universidad/practica-invg/data/sat/datasets/sat_cnn_data_images/images/s93-100__ee36216e1db5.npy
SAT_Competition2009/CRAFTED/Difficult/contest-02-03-04/contest02-Mat26.sat05-457.reshuffled-07.cnf,contest02-Mat26.sat05-457.reshuffled-07,/Users/herreran/Documents/Universidad/practica-invg/data/sat/instances/sc2012-hard-combinatorial/Hard Combinatorial SAT+UNSAT/SATCompetition2007/crafted/Difficult/contest-02-03-04/contest02-Mat26.sat05-457.reshuffled-07.cnf,5000.0,lingeling,131.51,121.08,488.86,1200.0,258.99,394.35,104.5,100.53,1200.0,90.5,1200.0,1200.0,122.26,210.59,248.84,209.57,124.24,821.32,123.74,370.96,397.72,392.9,920.3,1200.0,1200.0,1200.0,299.65,1200.0,393.39,1200.0,1200.0,ok,ok,ok,timeout,ok,ok,ok,ok,timeout,ok,timeout,timeout,ok,ok,ok,ok,ok,ok,ok,ok,ok,ok,ok,timeout,timeout,timeout,ok,timeout,ok,timeout,timeout,/Users/herreran/Documents/Universidad/practica-invg/data/sat/datasets/sat_cnn_data_images/images/contest02-Mat26.sat05-457.reshuffled-07__58fce75c3ac8.npy
SAT_Competition2009/CRAFTED/Difficult/contest-02-03-04/contest02-ezfact64_10.sat05-449.reshuffled-07.cnf,contest02-ezfact64_10.sat05-449.reshuffled-07,/Users/herreran/Documents/Universidad/practica-invg/data/sat/instances/sc2012-hard-combinatorial/Hard Combinatorial SAT+UNSAT/SATCompetition2007/crafted/Difficult/contest-02-03-04/contest02-ezfact64_10.sat05-449.reshuffled-07.cnf,5000.0,ebminisat,1200.0,1200.0,1200.0,1200.0,1200.0,661.33,1200.0,1200.0,1200.0,1200.0,1200.0,1200.0,1200.0,1200.0,767.63,885.03,1200.0,1200.0,1200.0,1200.0,1200.0,1200.0,1200.0,1200.0,1200.0,1200.0,1200.0,1200.0,1200.0,1200.0,1200.0,timeout,timeout,timeout,timeout,timeout,ok,timeout,timeout,timeout,timeout,timeout,timeout,timeout,timeout,ok,ok,timeout,timeout,timeout,timeout,timeout,timeout,timeout,timeout,timeout,timeout,timeout,timeout,timeout,timeout,timeout,/Users/herreran/Documents/Universidad/practica-invg/data/sat/datasets/sat_cnn_data_images/images/contest02-ezfact64_10.sat05-449.reshuffled-07__217b1fb98e83.npy
SAT_Competition2009/CRAFTED/Difficult/contest-02-03-04/contest03-SGI_30_50_30_20_1-dir.sat05-439.reshuffled-07.cnf,contest03-SGI_30_50_30_20_1-dir.sat05-439.reshuffled-07,/Users/herreran/Documents/Universidad/practica-invg/data/sat/instances/sc2012-hard-combinatorial/Hard Combinatorial SAT+UNSAT/SATCompetition2007/crafted/Difficult/contest-02-03-04/contest03-SGI_30_50_30_20_1-dir.sat05-439.reshuffled-07.cnf,5000.0,clasp2,85.42,71.14,219.21,1200.0,879.2,1200.0,267.61,656.77,1200.0,1200.0,949.63,1200.0,333.85,667.84,719.66,752.25,497.3,1200.0,712.39,199.41,370.42,1200.0,1188.4,1200.0,1200.0,1200.0,205.85,1200.0,193.49,1200.0,1200.0,ok,ok,ok,timeout,ok,timeout,ok,ok,timeout,timeout,ok,timeout,ok,ok,ok,ok,ok,timeout,ok,ok,ok,timeout,ok,timeout,timeout,timeout,ok,timeout,ok,timeout,timeout,/Users/herreran/Documents/Universidad/practica-invg/data/sat/datasets/sat_cnn_data_images/images/contest03-SGI_30_50_30_20_1-dir.sat05-439.reshuffled-07__2726de9c99bd.npy
SAT_Competition2009/CRAFTED/Difficult/contest-02-03-04/contest03-SGI_30_50_30_20_3-dir.sat05-440.reshuffled-07.cnf,contest03-SGI_30_50_30_20_3-dir.sat05-440.reshuffled-07,/Users/herreran/Documents/Universidad/practica-invg/data/sat/instances/sc2012-hard-combinatorial/Hard Combinatorial SAT+UNSAT/SATCompetition2007/crafted/Difficult/contest-02-03-04/contest03-SGI_30_50_30_20_3-dir.sat05-440.reshuffled-07.cnf,5000.0,clasp2,147.78,119.42,286.79,1200.0,808.45,1200.0,319.12,733.29,1200.0,1200.0,1200.0,1170.39,535.23,1002.76,912.68,1006.09,530.03,1200.0,1067.58,296.11,560.09,1200.0,1200.0,1200.0,1200.0,1200.0,310.72,1200.0,512.17,1200.0,1200.0,ok,ok,ok,timeout,ok,timeout,ok,ok,timeout,timeout,timeout,ok,ok,ok,ok,ok,ok,timeout,ok,ok,ok,timeout,timeout,timeout,timeout,timeout,ok,timeout,ok,timeout,timeout,/Users/herreran/Documents/Universidad/practica-invg/data/sat/datasets/sat_cnn_data_images/images/contest03-SGI_30_50_30_20_3-dir.sat05-440.reshuffled-07__d356ede68939.npy
SAT_Competition2009/CRAFTED/Difficult/contest-02-03-04/contest04-connm-ue-csp-sat-n600-d0.02-s1676244754.sat05-535.reshuffled-07.cnf,contest04-connm-ue-csp-sat-n600-d0.02-s1676244754.sat05-535.reshuffled-07,/Users/herreran/Documents/Universidad/practica-invg/data/sat/instances/sc2012-hard-combinatorial/Hard Combinatorial SAT+UNSAT/SATCompetition2007/crafted/Difficult/contest-02-03-04/contest04-connm-ue-csp-sat-n600-d0.02-s1676244754.sat05-535.reshuffled-07.cnf,5000.0,mxc09,148.82,140.1,138.26,1200.0,236.58,372.1,166.18,508.33,1200.0,148.82,1200.0,945.21,334.07,320.71,209.55,340.96,99.15,224.33,260.21,153.23,1200.0,320.08,686.36,1200.0,1200.0,1200.0,1200.0,1200.0,343.61,1200.0,1200.0,ok,ok,ok,timeout,ok,ok,ok,ok,timeout,ok,timeout,ok,ok,ok,ok,ok,ok,ok,ok,ok,timeout,ok,ok,timeout,timeout,timeout,timeout,timeout,ok,timeout,timeout,/Users/herreran/Documents/Universidad/practica-invg/data/sat/datasets/sat_cnn_data_images/images/contest04-connm-ue-csp-sat-n600-d0.02-s1676244754.sat05-535.reshuffled-07__1ed2ac747b32.npy
SAT_Competition2009/CRAFTED/Difficult/contest-02-03-04/contest04-connm-ue-csp-sat-n800-d0.04-s362703357.sat05-548.reshuffled-07.cnf,contest04-connm-ue-csp-sat-n800-d0.04-s362703357.sat05-548.reshuffled-07,/Users/herreran/Documents/Universidad/practica-invg/data/sat/instances/sc2012-hard-combinatorial/Hard Combinatorial SAT+UNSAT/SATCompetition2007/crafted/Difficult/contest-02-03-04/contest04-connm-ue-csp-sat-n800-d0.04-s362703357.sat05-548.reshuffled-07.cnf,5000.0,mxc09,212.73,243.35,426.42,1200.0,520.69,1200.0,254.22,1200.0,1200.0,422.67,1200.0,1200.0,619.63,216.91,256.72,246.86,119.2,258.15,668.6,423.33,1200.0,719.43,813.19,1200.0,1200.0,1200.0,1200.0,1200.0,403.03,1200.0,1200.0,ok,ok,ok,timeout,ok,timeout,ok,timeout,timeout,ok,timeout,timeout,ok,ok,ok,ok,ok,ok,ok,ok,timeout,ok,ok,timeout,timeout,timeout,timeout,timeout,ok,timeout,timeout,/Users/herreran/Documents/Universidad/practica-invg/data/sat/datasets/sat_cnn_data_images/images/contest04-connm-ue-csp-sat-n800-d0.04-s362703357.sat05-548.reshuffled-07__907f2dd4ee2b.npy
SAT_Competition2009/CRAFTED/Difficult/contest-02-03-04/contest04-lksat-n1000-m6860-k4-l4-s1935114289.sat05-523.reshuffled-07.cnf,contest04-lksat-n1000-m6860-k4-l4-s1935114289.sat05-523.reshuffled-07,/Users/herreran/Documents/Universidad/practica-invg/data/sat/instances/sc2012-hard-combinatorial/Hard Combinatorial SAT+UNSAT/SATCompetition2007/crafted/Difficult/contest-02-03-04/contest04-lksat-n1000-m6860-k4-l4-s1935114289.sat05-523.reshuffled-07.cnf,5000.0,clasp2,464.52,361.23,1200.0,1200.0,1200.0,1200.0,1200.0,1200.0,1200.0,1200.0,1200.0,1200.0,1200.0,419.59,435.96,377.95,1200.0,1200.0,1200.0,1200.0,1200.0,1200.0,1200.0,1200.0,1200.0,1200.0,1200.0,1200.0,1200.0,1200.0,1200.0,ok,ok,timeout,timeout,timeout,timeout,timeout,timeout,timeout,timeout,timeout,timeout,timeout,ok,ok,ok,timeout,timeout,timeout,timeout,timeout,timeout,timeout,timeout,timeout,timeout,timeout,timeout,timeout,timeout,timeout,/Users/herreran/Documents/Universidad/practica-invg/data/sat/datasets/sat_cnn_data_images/images/contest04-lksat-n1000-m6860-k4-l4-s1935114289.sat05-523.reshuffled-07__3b4b40e65a83.npy
SAT_Competition2009/CRAFTED/Difficult/contest-02-03-04/contest04-lksat-n1100-m7545-k4-l4-s310659001.sat05-524.reshuffled-07.cnf,contest04-lksat-n1100-m7545-k4-l4-s310659001.sat05-524.reshuffled-07,/Users/herreran/Documents/Universidad/practica-invg/data/sat/instances/sc2012-hard-combinatorial/Hard Combinatorial SAT+UNSAT/SATCompetition2007/crafted/Difficult/contest-02-03-04/contest04-lksat-n1100-m7545-k4-l4-s310659001.sat05-524.reshuffled-07.cnf,5000.0,mphaseSAT64,255.03,194.2,1200.0,1200.0,1200.0,1200.0,1200.0,1200.0,1200.0,1200.0,1200.0,1200.0,1200.0,231.87,185.17,225.92,1200.0,1200.0,1200.0,1200.0,1200.0,904.01,1200.0,1200.0,1200.0,1200.0,1200.0,1200.0,1200.0,1200.0,1200.0,ok,ok,timeout,timeout,timeout,timeout,timeout,timeout,timeout,timeout,timeout,timeout,timeout,ok,ok,ok,timeout,timeout,timeout,timeout,timeout,ok,timeout,timeout,timeout,timeout,timeout,timeout,timeout,timeout,timeout,/Users/herreran/Documents/Universidad/practica-invg/data/sat/datasets/sat_cnn_data_images/images/contest04-lksat-n1100-m7545-k4-l4-s310659001.sat05-524.reshuffled-07__f4ecfbcd5215.npy
SAT_Competition2009/CRAFTED/Difficult/contest05/QG/QG6-dead-dnd002.sat05-2713.reshuffled-07.cnf,QG6-dead-dnd002.sat05-2713.reshuffled-07,/Users/herreran/Documents/Universidad/practica-invg/data/sat/instances/sc2012-hard-combinatorial/Hard Combinatorial SAT+UNSAT/SATCompetition2007/crafted/Difficult/contest05/QG/QG6-dead-dnd002.sat05-2713.reshuffled-07.cnf,5000.0,cryptominisat2011,27.59,34.14,8.91,1200.0,331.67,61.88,133.17,13.44,1200.0,343.57,131.0,1200.0,1200.0,54.78,1200.0,56.42,62.92,1200.0,13.81,19.98,403.56,47.28,283.88,1200.0,1200.0,1200.0,91.01,1200.0,1200.0,1200.0,1200.0,ok,ok,ok,timeout,ok,ok,ok,ok,timeout,ok,ok,timeout,timeout,ok,timeout,ok,ok,timeout,ok,ok,ok,ok,ok,timeout,timeout,timeout,ok,timeout,timeout,timeout,timeout,/Users/herreran/Documents/Universidad/practica-invg/data/sat/datasets/sat_cnn_data_images/images/QG6-dead-dnd002.sat05-2713.reshuffled-07__7400d540a940.npy
SAT_Competition2009/CRAFTED/Difficult/contest05/QG/QG6-gensys-brn007.sat05-2684.reshuffled-07.cnf,QG6-gensys-brn007.sat05-2684.reshuffled-07,/Users/herreran/Documents/Universidad/practica-invg/data/sat/instances/sc2012-hard-combinatorial/Hard Combinatorial SAT+UNSAT/SATCompetition2007/crafted/Difficult/contest05/QG/QG6-gensys-brn007.sat05-2684.reshuffled-07.cnf,5000.0,glueminisat,26.81,39.53,14.84,1200.0,74.36,58.04,57.26,13.23,1200.0,46.31,102.36,1200.0,152.66,62.82,55.85,68.46,82.98,665.7,28.38,43.97,400.87,63.1,197.55,1200.0,1200.0,1200.0,63.33,1200.0,1200.0,1200.0,1200.0,ok,ok,ok,timeout,ok,ok,ok,ok,timeout,ok,ok,timeout,ok,ok,ok,ok,ok,ok,ok,ok,ok,ok,ok,timeout,timeout,timeout,ok,timeout,timeout,timeout,timeout,/Users/herreran/Documents/Universidad/practica-invg/data/sat/datasets/sat_cnn_data_images/images/QG6-gensys-brn007.sat05-2684.reshuffled-07__3bcee0b4f664.npy
SAT_Competition2009/CRAFTED/Difficult/contest05/QG/QG6-gensys-icl001.sat05-2695.reshuffled-07.cnf,QG6-gensys-icl001.sat05-2695.reshuffled-07,/Users/herreran/Documents/Universidad/practica-invg/data/sat/instances/sc2012-hard-combinatorial/Hard Combinatorial SAT+UNSAT/SATCompetition2007/crafted/Difficult/contest05/QG/QG6-gensys-icl001.sat05-2695.reshuffled-07.cnf,5000.0,cryptominisat2011,20.14,26.14,14.58,1200.0,100.92,75.2,67.68,23.11,1200.0,151.4,99.89,1200.0,746.98,56.37,57.28,75.42,82.36,970.9,24.15,31.86,797.99,43.13,311.85,1200.0,1200.0,1200.0,153.9,1200.0,1200.0,1200.0,1200.0,ok,ok,ok,timeout,ok,ok,ok,ok,timeout,ok,ok,timeout,ok,ok,ok,ok,ok,ok,ok,ok,ok,ok,ok,timeout,timeout,timeout,ok,timeout,timeout,timeout,timeout,/Users/herreran/Documents/Universidad/practica-invg/data/sat/datasets/sat_cnn_data_images/images/QG6-gensys-icl001.sat05-2695.reshuffled-07__fa83b867f4d7.npy
SAT_Competition2009/CRAFTED/Difficult/contest05/QG/QG6-gensys-icl004.sat05-2716.reshuffled-07.cnf,QG6-gensys-icl004.sat05-2716.reshuffled-07,/Users/herreran/Documents/Universidad/practica-invg/data/sat/instances/sc2012-hard-combinatorial/Hard Combinatorial SAT+UNSAT/SATCompetition2007/crafted/Difficult/contest05/QG/QG6-gensys-icl004.sat05-2716.reshuffled-07.cnf,5000.0,glueminisat,36.47,40.29,17.22,1200.0,66.45,62.69,42.73,12.51,1200.0,59.75,125.19,1200.0,61.18,66.44,51.68,68.34,129.37,421.54,18.37,21.26,103.93,64.04,252.13,1200.0,1200.0,1200.0,96.12,1200.0,426.77,1200.0,1200.0,ok,ok,ok,timeout,ok,ok,ok,ok,timeout,ok,ok,timeout,ok,ok,ok,ok,ok,ok,ok,ok,ok,ok,ok,timeout,timeout,timeout,ok,timeout,ok,timeout,timeout,/Users/herreran/Documents/Universidad/practica-invg/data/sat/datasets/sat_cnn_data_images/images/QG6-gensys-icl004.sat05-2716.reshuffled-07__6e13b40d0fba.npy
SAT_Competition2009/CRAFTED/Difficult/contest05/QG/QG6-gensys-icl008.sat05-2720.reshuffled-07.cnf,QG6-gensys-icl008.sat05-2720.reshuffled-07,/Users/herreran/Documents/Universidad/practica-invg/data/sat/instances/sc2012-hard-combinatorial/Hard Combinatorial SAT+UNSAT/SATCompetition2007/crafted/Difficult/contest05/QG/QG6-gensys-icl008.sat05-2720.reshuffled-07.cnf,5000.0,glueminisat,29.96,34.69,16.81,1200.0,1126.03,62.72,475.86,11.52,1200.0,1200.0,84.8,1200.0,1200.0,53.97,51.23,53.85,104.46,1200.0,15.07,22.96,1200.0,54.53,714.88,1200.0,1200.0,1200.0,1200.0,1200.0,1200.0,1200.0,1200.0,ok,ok,ok,timeout,ok,ok,ok,ok,timeout,timeout,ok,timeout,timeout,ok,ok,ok,ok,timeout,ok,ok,timeout,ok,ok,timeout,timeout,timeout,timeout,timeout,timeout,timeout,timeout,/Users/herreran/Documents/Universidad/practica-invg/data/sat/datasets/sat_cnn_data_images/images/QG6-gensys-icl008.sat05-2720.reshuffled-07__0aa528a0c8fa.npy
SAT_Competition2009/CRAFTED/Difficult/contest05/QG/QG6-gensys-icl009.sat05-2721.reshuffled-07.cnf,QG6-gensys-icl009.sat05-2721.reshuffled-07,/Users/herreran/Documents/Universidad/practica-invg/data/sat/instances/sc2012-hard-combinatorial/Hard Combinatorial SAT+UNSAT/SATCompetition2007/crafted/Difficult/contest05/QG/QG6-gensys-icl009.sat05-2721.reshuffled-07.cnf,5000.0,glueminisat,34.47,42.28,17.35,1200.0,110.47,78.07,141.73,16.15,1200.0,127.55,89.33,1200.0,353.76,59.97,1200.0,61.05,125.67,699.67,19.4,35.98,178.4,71.65,194.77,1200.0,1200.0,1200.0,106.68,1200.0,1200.0,1200.0,1200.0,ok,ok,ok,timeout,ok,ok,ok,ok,timeout,ok,ok,timeout,ok,ok,timeout,ok,ok,ok,ok,ok,ok,ok,ok,timeout,timeout,timeout,ok,timeout,timeout,timeout,timeout,/Users/herreran/Documents/Universidad/practica-invg/data/sat/datasets/sat_cnn_data_images/images/QG6-gensys-icl009.sat05-2721.reshuffled-07__00da6ccc83db.npy
SAT_Competition2009/CRAFTED/Difficult/contest05/QG/QG6-gensys-ukn003.sat05-2726.reshuffled-07.cnf,QG6-gensys-ukn003.sat05-2726.reshuffled-07,/Users/herreran/Documents/Universidad/practica-invg/data/sat/instances/sc2012-hard-combinatorial/Hard Combinatorial SAT+UNSAT/SATCompetition2007/crafted/Difficult/contest05/QG/QG6-gensys-ukn003.sat05-2726.reshuffled-07.cnf,5000.0,glueminisat,45.52,58.54,15.25,1200.0,70.86,129.7,77.7,13.06,1200.0,84.62,262.93,1200.0,79.58,65.19,1200.0,66.16,231.77,1200.0,17.93,46.02,141.46,79.5,397.47,1200.0,1200.0,1200.0,1200.0,1200.0,1200.0,1200.0,1200.0,ok,ok,ok,timeout,ok,ok,ok,ok,timeout,ok,ok,timeout,ok,ok,timeout,ok,ok,timeout,ok,ok,ok,ok,ok,timeout,timeout,timeout,timeout,timeout,timeout,timeout,timeout,/Users/herreran/Documents/Universidad/practica-invg/data/sat/datasets/sat_cnn_data_images/images/QG6-gensys-ukn003.sat05-2726.reshuffled-07__9c82523fec12.npy
SAT_Competition2009/CRAFTED/Difficult/contest05/QG/QG7-gensys-icl006.sat05-3132.reshuffled-07.cnf,QG7-gensys-icl006.sat05-3132.reshuffled-07,/Users/herreran/Documents/Universidad/practica-invg/data/sat/instances/sc2012-hard-combinatorial/Hard Combinatorial SAT+UNSAT/SATCompetition2007/crafted/Difficult/contest05/QG/QG7-gensys-icl006.sat05-3132.reshuffled-07.cnf,5000.0,clasp2,154.37,141.96,365.07,1200.0,523.37,1200.0,286.46,1140.07,1200.0,1200.0,1200.0,1200.0,1200.0,1148.78,1200.0,1044.12,1200.0,1200.0,1200.0,574.04,1200.0,1181.94,1200.0,1200.0,1200.0,1200.0,1090.81,1200.0,769.37,1200.0,1200.0,ok,ok,ok,timeout,ok,timeout,ok,ok,timeout,timeout,timeout,timeout,timeout,ok,timeout,ok,timeout,timeout,timeout,ok,timeout,ok,timeout,timeout,timeout,timeout,ok,timeout,ok,timeout,timeout,/Users/herreran/Documents/Universidad/practica-invg/data/sat/datasets/sat_cnn_data_images/images/QG7-gensys-icl006.sat05-3132.reshuffled-07__cd8e7ad71e38.npy
SAT_Competition2009/CRAFTED/Difficult/contest05/jarvisalo/mod2-rand3bip-sat-270-1.sat05-2248.reshuffled-07.cnf,mod2-rand3bip-sat-270-1.sat05-2248.reshuffled-07,/Users/herreran/Documents/Universidad/practica-invg/data/sat/instances/sc2012-hard-combinatorial/Hard Combinatorial SAT+UNSAT/SATCompetition2007/crafted/Difficult/contest05/jarvisalo/mod2-rand3bip-sat-270-1.sat05-2248.reshuffled-07.cnf,5000.0,mphaseSAT,1200.0,1200.0,1200.0,1200.0,1200.0,1200.0,1200.0,1200.0,1200.0,1200.0,1200.0,0.02,1200.0,0.0,0.0,0.0,1200.0,1200.0,1200.0,1200.0,1200.0,1200.0,1200.0,1200.0,1200.0,1200.0,1200.0,1200.0,1200.0,1200.0,1200.0,timeout,timeout,timeout,timeout,timeout,timeout,timeout,timeout,timeout,timeout,timeout,ok,timeout,ok,ok,ok,timeout,timeout,timeout,timeout,timeout,timeout,timeout,timeout,timeout,timeout,timeout,timeout,timeout,timeout,timeout,/Users/herreran/Documents/Universidad/practica-invg/data/sat/datasets/sat_cnn_data_images/images/mod2-rand3bip-sat-270-1.sat05-2248.reshuffled-07__c6abadde55be.npy
SAT_Competition2009/CRAFTED/Difficult/contest05/jarvisalo/mod2-rand3bip-sat-270-2.sat05-2249.reshuffled-07.cnf,mod2-rand3bip-sat-270-2.sat05-2249.reshuffled-07,/Users/herreran/Documents/Universidad/practica-invg/data/sat/instances/sc2012-hard-combinatorial/Hard Combinatorial SAT+UNSAT/SATCompetition2007/crafted/Difficult/contest05/jarvisalo/mod2-rand3bip-sat-270-2.sat05-2249.reshuffled-07.cnf,5000.0,mphaseSAT,882.25,913.78,1200.0,1200.0,1200.0,1200.0,1200.0,1200.0,1200.0,1200.0,1200.0,0.01,1200.0,0.0,0.0,0.0,1200.0,1200.0,1200.0,1200.0,1200.0,462.57,1200.0,1200.0,1200.0,1200.0,1200.0,1200.0,1200.0,1200.0,1200.0,ok,ok,timeout,timeout,timeout,timeout,timeout,timeout,timeout,timeout,timeout,ok,timeout,ok,ok,ok,timeout,timeout,timeout,timeout,timeout,ok,timeout,timeout,timeout,timeout,timeout,timeout,timeout,timeout,timeout,/Users/herreran/Documents/Universidad/practica-invg/data/sat/datasets/sat_cnn_data_images/images/mod2-rand3bip-sat-270-2.sat05-2249.reshuffled-07__5fefe43d513f.npy
SAT_Competition2009/CRAFTED/Difficult/contest05/jarvisalo/mod2-rand3bip-sat-280-1.sat05-2263.reshuffled-07.cnf,mod2-rand3bip-sat-280-1.sat05-2263.reshuffled-07,/Users/herreran/Documents/Universidad/practica-invg/data/sat/instances/sc2012-hard-combinatorial/Hard Combinatorial SAT+UNSAT/SATCompetition2007/crafted/Difficult/contest05/jarvisalo/mod2-rand3bip-sat-280-1.sat05-2263.reshuffled-07.cnf,5000.0,mphaseSAT,285.9,612.91,1200.0,1200.0,1200.0,1128.47,483.69,1200.0,1200.0,1200.0,1200.0,0.02,1200.0,0.0,0.0,0.0,1200.0,1200.0,1200.0,1200.0,1200.0,1200.0,1200.0,1200.0,1200.0,1200.0,1200.0,1200.0,1200.0,1200.0,1200.0,ok,ok,timeout,timeout,timeout,ok,ok,timeout,timeout,timeout,timeout,ok,timeout,ok,ok,ok,timeout,timeout,timeout,timeout,timeout,timeout,timeout,timeout,timeout,timeout,timeout,timeout,timeout,timeout,timeout,/Users/herreran/Documents/Universidad/practica-invg/data/sat/datasets/sat_cnn_data_images/images/mod2-rand3bip-sat-280-1.sat05-2263.reshuffled-07__0b37e59cc8a5.npy
SAT_Competition2009/CRAFTED/Difficult/contest05/jarvisalo/mod2-rand3bip-sat-280-2.sat05-2264.reshuffled-07.cnf,mod2-rand3bip-sat-280-2.sat05-2264.reshuffled-07,/Users/herreran/Documents/Universidad/practica-invg/data/sat/instances/sc2012-hard-combinatorial/Hard Combinatorial SAT+UNSAT/SATCompetition2007/crafted/Difficult/contest05/jarvisalo/mod2-rand3bip-sat-280-2.sat05-2264.reshuffled-07.cnf,5000.0,mphaseSAT,1200.0,1200.0,1200.0,1200.0,1200.0,1200.0,1200.0,1200.0,1200.0,1200.0,1200.0,0.02,761.09,0.0,0.0,0.0,1200.0,1200.0,1200.0,1200.0,1200.0,1200.0,1200.0,1200.0,1200.0,1200.0,1200.0,1200.0,1200.0,1200.0,1200.0,timeout,timeout,timeout,timeout,timeout,timeout,timeout,timeout,timeout,timeout,timeout,ok,ok,ok,ok,ok,timeout,timeout,timeout,timeout,timeout,timeout,timeout,timeout,timeout,timeout,timeout,timeout,timeout,timeout,timeout,/Users/herreran/Documents/Universidad/practica-invg/data/sat/datasets/sat_cnn_data_images/images/mod2-rand3bip-sat-280-2.sat05-2264.reshuffled-07__7883a25aff2f.npy
SAT_Competition2009/CRAFTED/Difficult/contest05/jarvisalo/mod2-rand3bip-sat-280-3.sat05-2265.reshuffled-07.cnf,mod2-rand3bip-sat-280-3.sat05-2265.reshuffled-07,/Users/herreran/Documents/Universidad/practica-invg/data/sat/instances/sc2012-hard-combinatorial/Hard Combinatorial SAT+UNSAT/SATCompetition2007/crafted/Difficult/contest05/jarvisalo/mod2-rand3bip-sat-280-3.sat05-2265.reshuffled-07.cnf,5000.0,mphaseSAT,1200.0,321.89,296.15,1200.0,1200.0,6.5,1200.0,1200.0,1200.0,1200.0,1200.0,0.02,1200.0,0.0,0.0,0.0,1200.0,1200.0,927.02,1200.0,1200.0,588.25,1200.0,1200.0,1200.0,1200.0,1200.0,1200.0,1200.0,1200.0,1200.0,timeout,ok,ok,timeout,timeout,ok,timeout,timeout,timeout,timeout,timeout,ok,timeout,ok,ok,ok,timeout,timeout,ok,timeout,timeout,ok,timeout,timeout,timeout,timeout,timeout,timeout,timeout,timeout,timeout,/Users/herreran/Documents/Universidad/practica-invg/data/sat/datasets/sat_cnn_data_images/images/mod2-rand3bip-sat-280-3.sat05-2265.reshuffled-07__ff46505cf60c.npy
SAT_Competition2009/CRAFTED/Difficult/contest05/jarvisalo/mod2c-3cage-unsat-10-3.sat05-2568.reshuffled-07.cnf,mod2c-3cage-unsat-10-3.sat05-2568.reshuffled-07,/Users/herreran/Documents/Universidad/practica-invg/data/sat/instances/sc2012-hard-combinatorial/Hard Combinatorial SAT+UNSAT/SATCompetition2007/crafted/Difficult/contest05/jarvisalo/mod2c-3cage-unsat-10-3.sat05-2568.reshuffled-07.cnf,5000.0,precosat,1200.0,787.58,1200.0,1200.0,1200.0,1200.0,592.73,1200.0,1200.0,1200.0,1200.0,1200.0,1200.0,1200.0,1200.0,1200.0,784.57,500.64,331.99,1200.0,1200.0,1200.0,1200.0,1200.0,1200.0,1200.0,1200.0,1200.0,1200.0,1200.0,1200.0,timeout,ok,timeout,timeout,timeout,timeout,ok,timeout,timeout,timeout,timeout,timeout,timeout,timeout,timeout,timeout,ok,ok,ok,timeout,timeout,timeout,timeout,timeout,timeout,timeout,timeout,timeout,timeout,timeout,timeout,/Users/herreran/Documents/Universidad/practica-invg/data/sat/datasets/sat_cnn_data_images/images/mod2c-3cage-unsat-10-3.sat05-2568.reshuffled-07__2616cf09e0d0.npy
SAT_Competition2009/CRAFTED/Difficult/contest05/jarvisalo/mod2c-rand3bip-sat-210-3.sat05-2475.reshuffled-07.cnf,mod2c-rand3bip-sat-210-3.sat05-2475.reshuffled-07,/Users/herreran/Documents/Universidad/practica-invg/data/sat/instances/sc2012-hard-combinatorial/Hard Combinatorial SAT+UNSAT/SATCompetition2007/crafted/Difficult/contest05/jarvisalo/mod2c-rand3bip-sat-210-3.sat05-2475.reshuffled-07.cnf,5000.0,glueminisat,330.82,359.24,118.28,1200.0,329.27,170.51,76.71,19.21,1200.0,356.93,120.8,1200.0,796.41,50.25,57.23,50.01,32.38,323.68,23.21,95.23,1200.0,134.35,1200.0,1200.0,1200.0,1200.0,1200.0,1200.0,1200.0,1200.0,1200.0,ok,ok,ok,timeout,ok,ok,ok,ok,timeout,ok,ok,timeout,ok,ok,ok,ok,ok,ok,ok,ok,timeout,ok,timeout,timeout,timeout,timeout,timeout,timeout,timeout,timeout,timeout,/Users/herreran/Documents/Universidad/practica-invg/data/sat/datasets/sat_cnn_data_images/images/mod2c-rand3bip-sat-210-3.sat05-2475.reshuffled-07__9a28a011340b.npy
SAT_Competition2009/CRAFTED/Difficult/contest05/jarvisalo/mod2c-rand3bip-unsat-120-3.sat05-2340.reshuffled-07.cnf,mod2c-rand3bip-unsat-120-3.sat05-2340.reshuffled-07,/Users/herreran/Documents/Universidad/practica-invg/data/sat/instances/sc2012-hard-combinatorial/Hard Combinatorial SAT+UNSAT/SATCompetition2007/crafted/Difficult/contest05/jarvisalo/mod2c-rand3bip-unsat-120-3.sat05-2340.reshuffled-07.cnf,5000.0,glucose2,264.18,85.7,1200.0,1200.0,29.14,289.47,10.01,12.67,1200.0,1200.0,1200.0,1200.0,136.86,60.02,1200.0,66.24,50.01,61.65,85.25,1200.0,80.16,898.48,1200.0,1200.0,1200.0,1200.0,104.34,1200.0,1200.0,1011.59,1200.0,ok,ok,timeout,timeout,ok,ok,ok,ok,timeout,timeout,timeout,timeout,ok,ok,timeout,ok,ok,ok,ok,timeout,ok,ok,timeout,timeout,timeout,timeout,ok,timeout,timeout,ok,timeout,/Users/herreran/Documents/Universidad/practica-invg/data/sat/datasets/sat_cnn_data_images/images/mod2c-rand3bip-unsat-120-3.sat05-2340.reshuffled-07__deff8ff0a643.npy
SAT_Competition2009/CRAFTED/Difficult/contest05/others/linvrinv5.sat05-564.reshuffled-07.cnf,linvrinv5.sat05-564.reshuffled-07,/Users/herreran/Documents/Universidad/practica-invg/data/sat/instances/sc2012-hard-combinatorial/Hard Combinatorial SAT+UNSAT/SATCompetition2007/crafted/Difficult/contest05/others/linvrinv5.sat05-564.reshuffled-07.cnf,5000.0,marchrw,809.53,835.63,1200.0,1200.0,1200.0,1200.0,1200.0,1200.0,1200.0,1200.0,1200.0,531.47,1200.0,882.25,918.12,971.1,811.31,1045.8,1200.0,1200.0,1200.0,1200.0,1200.0,1200.0,1200.0,1200.0,1200.0,1200.0,1200.0,1200.0,1200.0,ok,ok,timeout,timeout,timeout,timeout,timeout,timeout,timeout,timeout,timeout,ok,timeout,ok,ok,ok,ok,ok,timeout,timeout,timeout,timeout,timeout,timeout,timeout,timeout,timeout,timeout,timeout,timeout,timeout,/Users/herreran/Documents/Universidad/practica-invg/data/sat/datasets/sat_cnn_data_images/images/linvrinv5.sat05-564.reshuffled-07__14c7fe674272.npy
SAT_Competition2009/CRAFTED/Difficult/contest05/others/pmg-12-UNSAT.sat05-3940.reshuffled-07.cnf,pmg-12-UNSAT.sat05-3940.reshuffled-07,/Users/herreran/Documents/Universidad/practica-invg/data/sat/instances/sc2012-hard-combinatorial/Hard Combinatorial SAT+UNSAT/SATCompetition2007/crafted/Difficult/contest05/others/pmg-12-UNSAT.sat05-3940.reshuffled-07.cnf,5000.0,clasp1,825.96,1080.88,1200.0,1200.0,1200.0,1200.0,1200.0,1200.0,1200.0,1200.0,1200.0,1200.0,1200.0,1200.0,1200.0,1200.0,1034.42,1200.0,1200.0,1200.0,1200.0,1200.0,1200.0,1200.0,1200.0,1200.0,1200.0,1200.0,1200.0,1200.0,1200.0,ok,ok,timeout,timeout,timeout,timeout,timeout,timeout,timeout,timeout,timeout,timeout,timeout,timeout,timeout,timeout,ok,timeout,timeout,timeout,timeout,timeout,timeout,timeout,timeout,timeout,timeout,timeout,timeout,timeout,timeout,/Users/herreran/Documents/Universidad/practica-invg/data/sat/datasets/sat_cnn_data_images/images/pmg-12-UNSAT.sat05-3940.reshuffled-07__9955abf4839e.npy
SAT_Competition2009/CRAFTED/Difficult/contest05/others/pmg-13-UNSAT.sat05-3941.reshuffled-07.cnf,pmg-13-UNSAT.sat05-3941.reshuffled-07,,5000.0,clasp1,1200.0,1200.0,1200.0,1200.0,1200.0,1200.0,1200.0,1200.0,1200.0,1200.0,1200.0,1200.0,1200.0,1200.0,1200.0,1200.0,1200.0,1200.0,1200.0,1200.0,1200.0,1200.0,1200.0,1200.0,1200.0,1200.0,1200.0,1200.0,1200.0,1200.0,1200.0,timeout,timeout,timeout,timeout,timeout,timeout,timeout,timeout,timeout,timeout,timeout,timeout,timeout,timeout,timeout,timeout,timeout,timeout,timeout,timeout,timeout,timeout,timeout,timeout,timeout,timeout,timeout,timeout,timeout,timeout,timeout,
SAT_Competition2009/CRAFTED/Difficult/contest05/others/pmg-14-UNSAT.sat05-3942.reshuffled-07.cnf,pmg-14-UNSAT.sat05-3942.reshuffled-07,,5000.0,clasp1,1200.0,1200.0,1200.0,1200.0,1200.0,1200.0,1200.0,1200.0,1200.0,1200.0,1200.0,1200.0,1200.0,1200.0,1200.0,1200.0,1200.0,1200.0,1200.0,1200.0,1200.0,1200.0,1200.0,1200.0,1200.0,1200.0,1200.0,1200.0,1200.0,1200.0,1200.0,timeout,timeout,timeout,timeout,timeout,timeout,timeout,timeout,timeout,timeout,timeout,timeout,timeout,timeout,timeout,timeout,timeout,timeout,timeout,timeout,timeout,timeout,timeout,timeout,timeout,timeout,timeout,timeout,timeout,timeout,timeout,
SAT_Competition2009/CRAFTED/Difficult/contest05/others/sgp_5-5-6.sat05-2675.reshuffled-07.cnf,sgp_5-5-6.sat05-2675.reshuffled-07,/Users/herreran/Documents/Universidad/practica-invg/data/sat/instances/sc2012-hard-combinatorial/Hard Combinatorial SAT+UNSAT/SATCompetition2007/crafted/Difficult/contest05/others/sgp_5-5-6.sat05-2675.reshuffled-07.cnf,5000.0,sol,1200.0,1200.0,1200.0,1200.0,1200.0,1200.0,1200.0,1200.0,1200.0,1200.0,1200.0,1200.0,1200.0,1200.0,1200.0,1200.0,1200.0,1200.0,1200.0,1200.0,1200.0,1200.0,1200.0,1200.0,1200.0,1200.0,39.09,1200.0,1200.0,1200.0,1200.0,timeout,timeout,timeout,timeout,timeout,timeout,timeout,timeout,timeout,timeout,timeout,timeout,timeout,timeout,timeout,timeout,timeout,timeout,timeout,timeout,timeout,timeout,timeout,timeout,timeout,timeout,ok,timeout,timeout,timeout,timeout,/Users/herreran/Documents/Universidad/practica-invg/data/sat/datasets/sat_cnn_data_images/images/sgp_5-5-6.sat05-2675.reshuffled-07__f86efbb8d379.npy
SAT_Competition2009/CRAFTED/Difficult/contest05/others/sgp_6-6-10.sat05-2670.reshuffled-07.cnf,sgp_6-6-10.sat05-2670.reshuffled-07,,5000.0,clasp1,1200.0,1200.0,1200.0,1200.0,1200.0,1200.0,1200.0,1200.0,1200.0,1200.0,1200.0,1200.0,1200.0,1200.0,1200.0,1200.0,1200.0,1200.0,1200.0,1200.0,1200.0,1200.0,1200.0,1200.0,1200.0,1200.0,1200.0,1200.0,1200.0,1200.0,1200.0,timeout,timeout,timeout,timeout,timeout,timeout,timeout,timeout,timeout,timeout,timeout,timeout,timeout,timeout,timeout,timeout,timeout,timeout,timeout,timeout,timeout,timeout,timeout,timeout,timeout,timeout,timeout,timeout,timeout,timeout,timeout,
SAT_Competition2009/CRAFTED/Difficult/contest05/sabharwal/counting-easier-php-018-014.sat05-1175.reshuffled-07.cnf,counting-easier-php-018-014.sat05-1175.reshuffled-07,,5000.0,sol,1200.0,1200.0,1200.0,1200.0,1200.0,1200.0,1200.0,1200.0,1200.0,1200.0,1200.0,1200.0,1200.0,1200.0,1200.0,1200.0,1200.0,1200.0,1200.0,1200.0,1200.0,1200.0,1200.0,1200.0,1200.0,1200.0,0.8,1200.0,1200.0,1200.0,1200.0,timeout,timeout,timeout,timeout,timeout,timeout,timeout,timeout,timeout,timeout,timeout,timeout,timeout,timeout,timeout,timeout,timeout,timeout,timeout,timeout,timeout,timeout,timeout,timeout,timeout,timeout,ok,timeout,timeout,timeout,timeout,
SAT_Competition2009/CRAFTED/Difficult/contest05/sabharwal/counting-harder-php-014-013.sat05-1187.reshuffled-07.cnf,counting-harder-php-014-013.sat05-1187.reshuffled-07,,5000.0,sol,1200.0,1200.0,1200.0,1200.0,1200.0,1200.0,1200.0,1200.0,1200.0,1200.0,1200.0,1200.0,1200.0,1200.0,1200.0,1200.0,1200.0,1200.0,1200.0,1200.0,1200.0,1200.0,1200.0,1200.0,1200.0,1200.0,0.37,1200.0,1200.0,1200.0,1200.0,timeout,timeout,timeout,timeout,timeout,timeout,timeout,timeout,timeout,timeout,timeout,timeout,timeout,timeout,timeout,timeout,timeout,timeout,timeout,timeout,timeout,timeout,timeout,timeout,timeout,timeout,ok,timeout,timeout,timeout,timeout,
SAT_Competition2009/CRAFTED/Difficult/contest05/sabharwal/counting-harder-php-018-017.sat05-1189.reshuffled-07.cnf,counting-harder-php-018-017.sat05-1189.reshuffled-07,,5000.0,sol,1200.0,1200.0,1200.0,1200.0,1200.0,1200.0,1200.0,1200.0,1200.0,1200.0,1200.0,1200.0,1200.0,1200.0,1200.0,1200.0,1200.0,1200.0,1200.0,1200.0,1200.0,1200.0,1200.0,1200.0,1200.0,1200.0,1.05,1200.0,1200.0,1200.0,1200.0,timeout,timeout,timeout,timeout,timeout,timeout,timeout,timeout,timeout,timeout,timeout,timeout,timeout,timeout,timeout,timeout,timeout,timeout,timeout,timeout,timeout,timeout,timeout,timeout,timeout,timeout,ok,timeout,timeout,timeout,timeout,
SAT_Competition2009/CRAFTED/Difficult/contest05/sabharwal/grid-pebbling-sat-grid-pbl-0300.sat05-1341.sat05-1341.reshuffled-07.cnf,grid-pebbling-sat-grid-pbl-0300.sat05-1341.sat05-1341.reshuffled-07,/Users/herreran/Documents/Universidad/practica-invg/data/sat/instances/sc2012-hard-combinatorial/Hard Combinatorial SAT+UNSAT/SATCompetition2007/crafted/Difficult/contest05/sabharwal/grid-pebbling-sat-grid-pbl-0300.sat05-1341.sat05-1341.reshuffled-07.cnf,5000.0,restartsat,0.83,0.9,28.38,1200.0,1200.0,0.88,1200.0,0.82,1200.0,3.7,0.9,1200.0,1200.0,1.68,2.54,1.67,0.87,715.43,2.66,229.71,1200.0,0.79,52.25,1200.0,1200.0,1200.0,1200.0,1200.0,1200.0,1200.0,1200.0,ok,ok,ok,timeout,timeout,ok,timeout,ok,timeout,ok,ok,timeout,timeout,ok,ok,ok,ok,ok,ok,ok,timeout,ok,ok,timeout,timeout,timeout,timeout,timeout,timeout,timeout,timeout,/Users/herreran/Documents/Universidad/practica-invg/data/sat/datasets/sat_cnn_data_images/images/grid-pebbling-sat-grid-pbl-0300.sat05-1341.sat05-1341.reshuffled-07__fca56ee37656.npy
SAT_Competition2009/CRAFTED/Difficult/contest05/sabharwal/grid-pebbling-unsat-grid-pbl-0300.sat05-1350.sat05-1350.reshuffled-07.cnf,grid-pebbling-unsat-grid-pbl-0300.sat05-1350.sat05-1350.reshuffled-07,/Users/herreran/Documents/Universidad/practica-invg/data/sat/instances/sc2012-hard-combinatorial/Hard Combinatorial SAT+UNSAT/SATCompetition2007/crafted/Difficult/contest05/sabharwal/grid-pebbling-unsat-grid-pbl-0300.sat05-1350.sat05-1350.reshuffled-07.cnf,5000.0,mxc09,0.98,1.0,30.77,1200.0,2.09,1.11,2.08,1.14,1200.0,5.37,1.2,1200.0,2.09,1.87,4.06,1.81,0.96,1200.0,3.27,133.67,2.42,1.2,124.78,1200.0,1200.0,1200.0,1200.0,1200.0,1200.0,1200.0,1200.0,ok,ok,ok,timeout,ok,ok,ok,ok,timeout,ok,ok,timeout,ok,ok,ok,ok,ok,timeout,ok,ok,ok,ok,ok,timeout,timeout,timeout,timeout,timeout,timeout,timeout,timeout,/Users/herreran/Documents/Universidad/practica-invg/data/sat/datasets/sat_cnn_data_images/images/grid-pebbling-unsat-grid-pbl-0300.sat05-1350.sat05-1350.reshuffled-07__a3c8def658e4.npy
SAT_Competition2009/CRAFTED/Difficult/contest05/sabharwal/gt-ordering-sat-gt-040.sat05-1297.reshuffled-07.cnf,gt-ordering-sat-gt-040.sat05-1297.reshuffled-07,/Users/herreran/Documents/Universidad/practica-invg/data/sat/instances/sc2012-hard-combinatorial/Hard Combinatorial SAT+UNSAT/SATCompetition2007/crafted/Difficult/contest05/sabharwal/gt-ordering-sat-gt-040.sat05-1297.reshuffled-07.cnf,5000.0,precosat,1200.0,1200.0,498.15,1200.0,1200.0,1200.0,1200.0,121.02,1200.0,0.74,1.29,1200.0,1200.0,2.84,3.34,2.89,1200.0,1200.0,0.51,678.15,1200.0,1200.0,20.58,1200.0,1200.0,1200.0,1200.0,1200.0,1200.0,289.43,1200.0,timeout,timeout,ok,timeout,timeout,timeout,timeout,ok,timeout,ok,ok,timeout,timeout,ok,ok,ok,timeout,timeout,ok,ok,timeout,timeout,ok,timeout,timeout,timeout,timeout,timeout,timeout,ok,timeout,/Users/herreran/Documents/Universidad/practica-invg/data/sat/datasets/sat_cnn_data_images/images/gt-ordering-sat-gt-040.sat05-1297.reshuffled-07__bae56a9e6d0c.npy
SAT_Competition2009/CRAFTED/Difficult/contest05/sabharwal/gt-ordering-unsat-gt-045.sat05-1310.reshuffled-07.cnf,gt-ordering-unsat-gt-045.sat05-1310.reshuffled-07,/Users/herreran/Documents/Universidad/practica-invg/data/sat/instances/sc2012-hard-combinatorial/Hard Combinatorial SAT+UNSAT/SATCompetition2007/crafted/Difficult/contest05/sabharwal/gt-ordering-unsat-gt-045.sat05-1310.reshuffled-07.cnf,5000.0,precosat,1200.0,1200.0,245.93,1200.0,1200.0,1200.0,1200.0,38.24,1200.0,0.82,1.17,1200.0,1200.0,1.91,24.46,2.16,1200.0,1200.0,0.78,28.69,1200.0,1200.0,57.25,1200.0,1200.0,1200.0,1200.0,1200.0,1200.0,1200.0,1200.0,timeout,timeout,ok,timeout,timeout,timeout,timeout,ok,timeout,ok,ok,timeout,timeout,ok,ok,ok,timeout,timeout,ok,ok,timeout,timeout,ok,timeout,timeout,timeout,timeout,timeout,timeout,timeout,timeout,/Users/herreran/Documents/Universidad/practica-invg/data/sat/datasets/sat_cnn_data_images/images/gt-ordering-unsat-gt-045.sat05-1310.reshuffled-07__80c01841ec24.npy
SAT_Competition2009/CRAFTED/Difficult/contest05/sabharwal/gt-ordering-unsat-gt-060.sat05-1312.reshuffled-07.cnf,gt-ordering-unsat-gt-060.sat05-1312.reshuffled-07,/Users/herreran/Documents/Universidad/practica-invg/data/sat/instances/sc2012-hard-combinatorial/Hard Combinatorial SAT+UNSAT/SATCompetition2007/crafted/Difficult/contest05/sabharwal/gt-ordering-unsat-gt-060.sat05-1312.reshuffled-07.cnf,5000.0,lingeling,1200.0,1200.0,422.63,1200.0,1200.0,1200.0,1200.0,734.21,1200.0,2.49,6.64,1200.0,1200.0,40.23,6.66,32.01,1200.0,1200.0,3.1,190.08,1200.0,1200.0,1093.01,1200.0,1200.0,1200.0,1200.0,1200.0,1200.0,1200.0,1200.0,timeout,timeout,ok,timeout,timeout,timeout,timeout,ok,timeout,ok,ok,timeout,timeout,ok,ok,ok,timeout,timeout,ok,ok,timeout,timeout,ok,timeout,timeout,timeout,timeout,timeout,timeout,timeout,timeout,/Users/herreran/Documents/Universidad/practica-invg/data/sat/datasets/sat_cnn_data_images/images/gt-ordering-unsat-gt-060.sat05-1312.reshuffled-07__bbfa07a6ba4f.npy
SAT_Competition2009/CRAFTED/Hard/contest02/ezfact256_1.sat05-464.reshuffled-07.cnf,ezfact256_1.sat05-464.reshuffled-07,,5000.0,clasp1,1200.0,1200.0,1200.0,1200.0,1200.0,1200.0,1200.0,1200.0,1200.0,1200.0,1200.0,1200.0,1200.0,1200.0,1200.0,1200.0,1200.0,1200.0,1200.0,1200.0,1200.0,1200.0,1200.0,1200.0,1200.0,1200.0,1200.0,1200.0,1200.0,1200.0,1200.0,timeout,timeout,timeout,timeout,timeout,timeout,timeout,timeout,timeout,timeout,timeout,timeout,timeout,timeout,timeout,timeout,timeout,timeout,timeout,timeout,timeout,timeout,timeout,timeout,timeout,timeout,timeout,timeout,timeout,timeout,timeout,
SAT_Competition2009/CRAFTED/Hard/contest02/ezfact64_3.sat05-450.reshuffled-07.cnf,ezfact64_3.sat05-450.reshuffled-07,/Users/herreran/Documents/Universidad/practica-invg/data/sat/instances/sc2012-hard-combinatorial/Hard Combinatorial SAT+UNSAT/SATCompetition2007/crafted/Hard/contest02/ezfact64_3.sat05-450.reshuffled-07.cnf,5000.0,clasp2,351.74,55.03,1200.0,1200.0,1200.0,1200.0,985.0,1200.0,1200.0,248.79,1200.0,1200.0,1200.0,143.19,75.87,871.32,749.78,1200.0,1200.0,1021.42,1200.0,742.7,427.58,1200.0,1200.0,1200.0,1200.0,1200.0,1200.0,1200.0,1200.0,ok,ok,timeout,timeout,timeout,timeout,ok,timeout,timeout,ok,timeout,timeout,timeout,ok,ok,ok,ok,timeout,timeout,ok,timeout,ok,ok,timeout,timeout,timeout,timeout,timeout,timeout,timeout,timeout,/Users/herreran/Documents/Universidad/practica-invg/data/sat/datasets/sat_cnn_data_images/images/ezfact64_3.sat05-450.reshuffled-07__33cd7fe49625.npy
SAT_Competition2009/CRAFTED/Hard/contest02/hgen2-v500-s1216665065.sat05-467.reshuffled-07.cnf,hgen2-v500-s1216665065.sat05-467.reshuffled-07,,5000.0,clasp1,1200.0,1200.0,1200.0,1200.0,1200.0,1200.0,1200.0,1200.0,1200.0,1200.0,1200.0,1200.0,1200.0,1200.0,1200.0,1200.0,1200.0,1200.0,1200.0,1200.0,1200.0,1200.0,1200.0,1200.0,1200.0,1200.0,1200.0,1200.0,1200.0,1200.0,1200.0,timeout,timeout,timeout,timeout,timeout,timeout,timeout,timeout,timeout,timeout,timeout,timeout,timeout,timeout,timeout,timeout,timeout,timeout,timeout,timeout,timeout,timeout,timeout,timeout,timeout,timeout,timeout,timeout,timeout,timeout,timeout,
SAT_Competition2009/CRAFTED/Hard/contest02/hgen3-v400-s344840348.sat05-470.reshuffled-07.cnf,hgen3-v400-s344840348.sat05-470.reshuffled-07,,5000.0,clasp1,1200.0,1200.0,1200.0,1200.0,1200.0,1200.0,1200.0,1200.0,1200.0,1200.0,1200.0,1200.0,1200.0,1200.0,1200.0,1200.0,1200.0,1200.0,1200.0,1200.0,1200.0,1200.0,1200.0,1200.0,1200.0,1200.0,1200.0,1200.0,1200.0,1200.0,1200.0,timeout,timeout,timeout,timeout,timeout,timeout,timeout,timeout,timeout,timeout,timeout,timeout,timeout,timeout,timeout,timeout,timeout,timeout,timeout,timeout,timeout,timeout,timeout,timeout,timeout,timeout,timeout,timeout,timeout,timeout,timeout,
SAT_Competition2009/CRAFTED/Hard/contest02/hgen3-v400-s553296708.sat05-471.reshuffled-07.cnf,hgen3-v400-s553296708.sat05-471.reshuffled-07,,5000.0,clasp1,1200.0,1200.0,1200.0,1200.0,1200.0,1200.0,1200.0,1200.0,1200.0,1200.0,1200.0,1200.0,1200.0,1200.0,1200.0,1200.0,1200.0,1200.0,1200.0,1200.0,1200.0,1200.0,1200.0,1200.0,1200.0,1200.0,1200.0,1200.0,1200.0,1200.0,1200.0,timeout,timeout,timeout,timeout,timeout,timeout,timeout,timeout,timeout,timeout,timeout,timeout,timeout,timeout,timeout,timeout,timeout,timeout,timeout,timeout,timeout,timeout,timeout,timeout,timeout,timeout,timeout,timeout,timeout,timeout,timeout,
SAT_Competition2009/CRAFTED/Hard/contest02/hgen3-v500-s1349121860.sat05-473.reshuffled-07.cnf,hgen3-v500-s1349121860.sat05-473.reshuffled-07,,5000.0,clasp1,1200.0,1200.0,1200.0,1200.0,1200.0,1200.0,1200.0,1200.0,1200.0,1200.0,1200.0,1200.0,1200.0,1200.0,1200.0,1200.0,1200.0,1200.0,1200.0,1200.0,1200.0,1200.0,1200.0,1200.0,1200.0,1200.0,1200.0,1200.0,1200.0,1200.0,1200.0,timeout,timeout,timeout,timeout,timeout,timeout,timeout,timeout,timeout,timeout,timeout,timeout,timeout,timeout,timeout,timeout,timeout,timeout,timeout,timeout,timeout,timeout,timeout,timeout,timeout,timeout,timeout,timeout,timeout,timeout,timeout,
SAT_Competition2009/CRAFTED/Hard/contest02/pyhala-braun-unsat-40-4-02.sat05-459.reshuffled-07.cnf,pyhala-braun-unsat-40-4-02.sat05-459.reshuffled-07,/Users/herreran/Documents/Universidad/practica-invg/data/sat/instances/sc2012-hard-combinatorial/Hard Combinatorial SAT+UNSAT/SATCompetition2007/crafted/Hard/contest02/pyhala-braun-unsat-40-4-02.sat05-459.reshuffled-07.cnf,5000.0,mphaseSAT64,497.27,406.66,460.2,1200.0,1200.0,631.75,390.99,654.3,1200.0,327.08,1200.0,343.78,523.03,373.43,251.39,340.23,774.21,529.72,866.43,1200.0,1200.0,490.52,1200.0,1200.0,1200.0,1200.0,1200.0,1200.0,684.6,1200.0,1200.0,ok,ok,ok,timeout,timeout,ok,ok,ok,timeout,ok,timeout,ok,ok,ok,ok,ok,ok,ok,ok,timeout,timeout,ok,timeout,timeout,timeout,timeout,timeout,timeout,ok,timeout,timeout,/Users/herreran/Documents/Universidad/practica-invg/data/sat/datasets/sat_cnn_data_images/images/pyhala-braun-unsat-40-4-02.sat05-459.reshuffled-07__e6134364fffa.npy
SAT_Competition2009/CRAFTED/Hard/contest03/looksrandom/hgen6-4-24-n650-03-S528656311.sat05-477.reshuffled-07.cnf,hgen6-4-24-n650-03-S528656311.sat05-477.reshuffled-07,/Users/herreran/Documents/Universidad/practica-invg/data/sat/instances/sc2012-hard-combinatorial/Hard Combinatorial SAT+UNSAT/SATCompetition2007/crafted/Hard/contest03/looksrandom/hgen6-4-24-n650-03-S528656311.sat05-477.reshuffled-07.cnf,5000.0,sparrow,1200.0,1200.0,1200.0,1200.0,1200.0,1200.0,1200.0,1200.0,1200.0,1200.0,1200.0,1200.0,1200.0,1200.0,1200.0,1200.0,1200.0,1200.0,1200.0,1200.0,1200.0,1200.0,1200.0,1200.0,1200.0,1200.0,1200.0,893.21,1200.0,1200.0,1200.0,timeout,timeout,timeout,timeout,timeout,timeout,timeout,timeout,timeout,timeout,timeout,timeout,timeout,timeout,timeout,timeout,timeout,timeout,timeout,timeout,timeout,timeout,timeout,timeout,timeout,timeout,timeout,ok,timeout,timeout,timeout,/Users/herreran/Documents/Universidad/practica-invg/data/sat/datasets/sat_cnn_data_images/images/hgen6-4-24-n650-03-S528656311.sat05-477.reshuffled-07__6250fdd31649.npy
SAT_Competition2009/CRAFTED/Hard/contest03/looksrandom/hgen7-n390-02-S178568232.sat05-479.reshuffled-07.cnf,hgen7-n390-02-S178568232.sat05-479.reshuffled-07,,5000.0,clasp1,1200.0,1200.0,1200.0,1200.0,1200.0,1200.0,1200.0,1200.0,1200.0,1200.0,1200.0,1200.0,1200.0,1200.0,1200.0,1200.0,1200.0,1200.0,1200.0,1200.0,1200.0,1200.0,1200.0,1200.0,1200.0,1200.0,1200.0,1200.0,1200.0,1200.0,1200.0,timeout,timeout,timeout,timeout,timeout,timeout,timeout,timeout,timeout,timeout,timeout,timeout,timeout,timeout,timeout,timeout,timeout,timeout,timeout,timeout,timeout,timeout,timeout,timeout,timeout,timeout,timeout,timeout,timeout,timeout,timeout,
SAT_Competition2009/CRAFTED/Hard/contest03/looksrandom/hgen8-n320-01-S1432474240.sat05-483.reshuffled-07.cnf,hgen8-n320-01-S1432474240.sat05-483.reshuffled-07,,5000.0,clasp1,1200.0,1200.0,1200.0,1200.0,1200.0,1200.0,1200.0,1200.0,1200.0,1200.0,1200.0,1200.0,1200.0,1200.0,1200.0,1200.0,1200.0,1200.0,1200.0,1200.0,1200.0,1200.0,1200.0,1200.0,1200.0,1200.0,1200.0,1200.0,1200.0,1200.0,1200.0,timeout,timeout,timeout,timeout,timeout,timeout,timeout,timeout,timeout,timeout,timeout,timeout,timeout,timeout,timeout,timeout,timeout,timeout,timeout,timeout,timeout,timeout,timeout,timeout,timeout,timeout,timeout,timeout,timeout,timeout,timeout,
SAT_Competition2009/CRAFTED/Hard/contest03/looksrandom/hgen8-n320-02-S1127428711.sat05-484.reshuffled-07.cnf,hgen8-n320-02-S1127428711.sat05-484.reshuffled-07,,5000.0,clasp1,1200.0,1200.0,1200.0,1200.0,1200.0,1200.0,1200.0,1200.0,1200.0,1200.0,1200.0,1200.0,1200.0,1200.0,1200.0,1200.0,1200.0,1200.0,1200.0,1200.0,1200.0,1200.0,1200.0,1200.0,1200.0,1200.0,1200.0,1200.0,1200.0,1200.0,1200.0,timeout,timeout,timeout,timeout,timeout,timeout,timeout,timeout,timeout,timeout,timeout,timeout,timeout,timeout,timeout,timeout,timeout,timeout,timeout,timeout,timeout,timeout,timeout,timeout,timeout,timeout,timeout,timeout,timeout,timeout,timeout,
SAT_Competition2009/CRAFTED/Hard/contest03/looksrandom/hidden-k3-s0-r5-n700-01-S2069048075.sat05-488.reshuffled-07.cnf,hidden-k3-s0-r5-n700-01-S2069048075.sat05-488.reshuffled-07,,5000.0,clasp1,1200.0,1200.0,1200.0,1200.0,1200.0,1200.0,1200.0,1200.0,1200.0,1200.0,1200.0,1200.0,1200.0,1200.0,1200.0,1200.0,1200.0,1200.0,1200.0,1200.0,1200.0,1200.0,1200.0,1200.0,1200.0,1200.0,1200.0,1200.0,1200.0,1200.0,1200.0,timeout,timeout,timeout,timeout,timeout,timeout,timeout,timeout,timeout,timeout,timeout,timeout,timeout,timeout,timeout,timeout,timeout,timeout,timeout,timeout,timeout,timeout,timeout,timeout,timeout,timeout,timeout,timeout,timeout,timeout,timeout,
SAT_Competition2009/CRAFTED/Hard/contest03/looksrandom/hidden-k3-s0-r5-n700-02-S350203913.sat05-486.reshuffled-07.cnf,hidden-k3-s0-r5-n700-02-S350203913.sat05-486.reshuffled-07,,5000.0,clasp1,1200.0,1200.0,1200.0,1200.0,1200.0,1200.0,1200.0,1200.0,1200.0,1200.0,1200.0,1200.0,1200.0,1200.0,1200.0,1200.0,1200.0,1200.0,1200.0,1200.0,1200.0,1200.0,1200.0,1200.0,1200.0,1200.0,1200.0,1200.0,1200.0,1200.0,1200.0,timeout,timeout,timeout,timeout,timeout,timeout,timeout,timeout,timeout,timeout,timeout,timeout,timeout,timeout,timeout,timeout,timeout,timeout,timeout,timeout,timeout,timeout,timeout,timeout,timeout,timeout,timeout,timeout,timeout,timeout,timeout,
SAT_Competition2009/CRAFTED/Hard/contest03/others/999999000001nw.sat05-447.reshuffled-07.cnf,999999000001nw.sat05-447.reshuffled-07,/Users/herreran/Documents/Universidad/practica-invg/data/sat/instances/sc2012-hard-combinatorial/Hard Combinatorial SAT+UNSAT/SATCompetition2007/crafted/Hard/contest03/others/999999000001nw.sat05-447.reshuffled-07.cnf,5000.0,qutersat,441.76,353.19,343.08,1200.0,1200.0,388.28,1130.62,474.98,1200.0,261.54,1200.0,1200.0,374.64,254.56,325.34,253.98,569.73,963.94,852.36,220.06,997.52,351.8,959.11,1200.0,1200.0,1200.0,1200.0,1200.0,568.95,940.8,1200.0,ok,ok,ok,timeout,timeout,ok,ok,ok,timeout,ok,timeout,timeout,ok,ok,ok,ok,ok,ok,ok,ok,ok,ok,ok,timeout,timeout,timeout,timeout,timeout,ok,ok,timeout,/Users/herreran/Documents/Universidad/practica-invg/data/sat/datasets/sat_cnn_data_images/images/999999000001nw.sat05-447.reshuffled-07__80d46152867e.npy
SAT_Competition2009/CRAFTED/Hard/contest03/others/bqwh.40.reg.520.sat05-433.reshuffled-07.cnf,bqwh.40.reg.520.sat05-433.reshuffled-07,,5000.0,sparrow,1200.0,1200.0,1200.0,1200.0,1200.0,1200.0,1200.0,1200.0,1200.0,1200.0,1200.0,1200.0,1200.0,1200.0,1200.0,1200.0,1200.0,1200.0,1200.0,1200.0,1200.0,1200.0,1200.0,1200.0,1200.0,1200.0,1200.0,623.39,1200.0,1200.0,1200.0,timeout,timeout,timeout,timeout,timeout,timeout,timeout,timeout,timeout,timeout,timeout,timeout,timeout,timeout,timeout,timeout,timeout,timeout,timeout,timeout,timeout,timeout,timeout,timeout,timeout,timeout,timeout,ok,timeout,timeout,timeout,
SAT_Competition2009/CRAFTED/Hard/contest03/others/color-11-3.sat05-445.reshuffled-07.cnf,color-11-3.sat05-445.reshuffled-07,,5000.0,clasp1,1200.0,1200.0,1200.0,1200.0,1200.0,1200.0,1200.0,1200.0,1200.0,1200.0,1200.0,1200.0,1200.0,1200.0,1200.0,1200.0,1200.0,1200.0,1200.0,1200.0,1200.0,1200.0,1200.0,1200.0,1200.0,1200.0,1200.0,1200.0,1200.0,1200.0,1200.0,timeout,timeout,timeout,timeout,timeout,timeout,timeout,timeout,timeout,timeout,timeout,timeout,timeout,timeout,timeout,timeout,timeout,timeout,timeout,timeout,timeout,timeout,timeout,timeout,timeout,timeout,timeout,timeout,timeout,timeout,timeout,
SAT_Competition2009/CRAFTED/Hard/contest03/others/color-18-4.sat05-443.reshuffled-07.cnf,color-18-4.sat05-443.reshuffled-07,,5000.0,clasp1,1200.0,1200.0,1200.0,1200.0,1200.0,1200.0,1200.0,1200.0,1200.0,1200.0,1200.0,1200.0,1200.0,1200.0,1200.0,1200.0,1200.0,1200.0,1200.0,1200.0,1200.0,1200.0,1200.0,1200.0,1200.0,1200.0,1200.0,1200.0,1200.0,1200.0,1200.0,timeout,timeout,timeout,timeout,timeout,timeout,timeout,timeout,timeout,timeout,timeout,timeout,timeout,timeout,timeout,timeout,timeout,timeout,timeout,timeout,timeout,timeout,timeout,timeout,timeout,timeout,timeout,timeout,timeout,timeout,timeout,
SAT_Competition2009/CRAFTED/Hard/contest03/others/hwb-n28-01-S136611085.sat05-491.reshuffled-07.cnf,hwb-n28-01-S136611085.sat05-491.reshuffled-07,/Users/herreran/Documents/Universidad/practica-invg/data/sat/instances/sc2012-hard-combinatorial/Hard Combinatorial SAT+UNSAT/SATCompetition2007/crafted/Hard/contest03/others/hwb-n28-01-S136611085.sat05-491.reshuffled-07.cnf,5000.0,picosat,1200.0,1200.0,1200.0,1200.0,1200.0,1200.0,1200.0,1200.0,1200.0,1200.0,1200.0,1200.0,1200.0,1200.0,1200.0,1200.0,704.27,530.94,1200.0,1200.0,1200.0,1200.0,1200.0,1200.0,1200.0,1200.0,1200.0,1200.0,1200.0,1200.0,1200.0,timeout,timeout,timeout,timeout,timeout,timeout,timeout,timeout,timeout,timeout,timeout,timeout,timeout,timeout,timeout,timeout,ok,ok,timeout,timeout,timeout,timeout,timeout,timeout,timeout,timeout,timeout,timeout,timeout,timeout,timeout,/Users/herreran/Documents/Universidad/practica-invg/data/sat/datasets/sat_cnn_data_images/images/hwb-n28-01-S136611085.sat05-491.reshuffled-07__5f8c1b116058.npy
SAT_Competition2009/CRAFTED/Hard/contest03/others/hwb-n32-01-S1491788039.sat05-497.reshuffled-07.cnf,hwb-n32-01-S1491788039.sat05-497.reshuffled-07,,5000.0,clasp1,1200.0,1200.0,1200.0,1200.0,1200.0,1200.0,1200.0,1200.0,1200.0,1200.0,1200.0,1200.0,1200.0,1200.0,1200.0,1200.0,1200.0,1200.0,1200.0,1200.0,1200.0,1200.0,1200.0,1200.0,1200.0,1200.0,1200.0,1200.0,1200.0,1200.0,1200.0,timeout,timeout,timeout,timeout,timeout,timeout,timeout,timeout,timeout,timeout,timeout,timeout,timeout,timeout,timeout,timeout,timeout,timeout,timeout,timeout,timeout,timeout,timeout,timeout,timeout,timeout,timeout,timeout,timeout,timeout,timeout,
SAT_Competition2009/CRAFTED/Hard/contest04/connamacher/connm-ue-csp-sat-n1200-d-0.02-s383740539.sat05-534.reshuffled-07.cnf,connm-ue-csp-sat-n1200-d-0.02-s383740539.sat05-534.reshuffled-07,,5000.0,clasp1,1200.0,1200.0,1200.0,1200.0,1200.0,1200.0,1200.0,1200.0,1200.0,1200.0,1200.0,1200.0,1200.0,1200.0,1200.0,1200.0,1200.0,1200.0,1200.0,1200.0,1200.0,1200.0,1200.0,1200.0,1200.0,1200.0,1200.0,1200.0,1200.0,1200.0,1200.0,timeout,timeout,timeout,timeout,timeout,timeout,timeout,timeout,timeout,timeout,timeout,timeout,timeout,timeout,timeout,timeout,timeout,timeout,timeout,timeout,timeout,timeout,timeout,timeout,timeout,timeout,timeout,timeout,timeout,timeout,timeout,
SAT_Competition2009/CRAFTED/Hard/contest04/connamacher/connm-ue-csp-sat-n1200-d0.00-s1756632460.sat05-526.reshuffled-07.cnf,connm-ue-csp-sat-n1200-d0.00-s1756632460.sat05-526.reshuffled-07,,5000.0,clasp1,1200.0,1200.0,1200.0,1200.0,1200.0,1200.0,1200.0,1200.0,1200.0,1200.0,1200.0,1200.0,1200.0,1200.0,1200.0,1200.0,1200.0,1200.0,1200.0,1200.0,1200.0,1200.0,1200.0,1200.0,1200.0,1200.0,1200.0,1200.0,1200.0,1200.0,1200.0,timeout,timeout,timeout,timeout,timeout,timeout,timeout,timeout,timeout,timeout,timeout,timeout,timeout,timeout,timeout,timeout,timeout,timeout,timeout,timeout,timeout,timeout,timeout,timeout,timeout,timeout,timeout,timeout,timeout,timeout,timeout,
SAT_Competition2009/CRAFTED/Hard/contest04/connamacher/connm-ue-csp-sat-n1200-d0.00-s1875077647.sat05-530.reshuffled-07.cnf,connm-ue-csp-sat-n1200-d0.00-s1875077647.sat05-530.reshuffled-07,,5000.0,clasp1,1200.0,1200.0,1200.0,1200.0,1200.0,1200.0,1200.0,1200.0,1200.0,1200.0,1200.0,1200.0,1200.0,1200.0,1200.0,1200.0,1200.0,1200.0,1200.0,1200.0,1200.0,1200.0,1200.0,1200.0,1200.0,1200.0,1200.0,1200.0,1200.0,1200.0,1200.0,timeout,timeout,timeout,timeout,timeout,timeout,timeout,timeout,timeout,timeout,timeout,timeout,timeout,timeout,timeout,timeout,timeout,timeout,timeout,timeout,timeout,timeout,timeout,timeout,timeout,timeout,timeout,timeout,timeout,timeout,timeout,
SAT_Competition2009/CRAFTED/Hard/contest04/connamacher/connm-ue-csp-sat-n1200-d0.02-s1099787414.sat05-542.reshuffled-07.cnf,connm-ue-csp-sat-n1200-d0.02-s1099787414.sat05-542.reshuffled-07,,5000.0,clasp1,1200.0,1200.0,1200.0,1200.0,1200.0,1200.0,1200.0,1200.0,1200.0,1200.0,1200.0,1200.0,1200.0,1200.0,1200.0,1200.0,1200.0,1200.0,1200.0,1200.0,1200.0,1200.0,1200.0,1200.0,1200.0,1200.0,1200.0,1200.0,1200.0,1200.0,1200.0,timeout,timeout,timeout,timeout,timeout,timeout,timeout,timeout,timeout,timeout,timeout,timeout,timeout,timeout,timeout,timeout,timeout,timeout,timeout,timeout,timeout,timeout,timeout,timeout,timeout,timeout,timeout,timeout,timeout,timeout,timeout,
SAT_Competition2009/CRAFTED/Hard/contest04/connamacher/connm-ue-csp-sat-n1200-d0.04-s736572600.sat05-546.reshuffled-07.cnf,connm-ue-csp-sat-n1200-d0.04-s736572600.sat05-546.reshuffled-07,,5000.0,clasp1,1200.0,1200.0,1200.0,1200.0,1200.0,1200.0,1200.0,1200.0,1200.0,1200.0,1200.0,1200.0,1200.0,1200.0,1200.0,1200.0,1200.0,1200.0,1200.0,1200.0,1200.0,1200.0,1200.0,1200.0,1200.0,1200.0,1200.0,1200.0,1200.0,1200.0,1200.0,timeout,timeout,timeout,timeout,timeout,timeout,timeout,timeout,timeout,timeout,timeout,timeout,timeout,timeout,timeout,timeout,timeout,timeout,timeout,timeout,timeout,timeout,timeout,timeout,timeout,timeout,timeout,timeout,timeout,timeout,timeout,
SAT_Competition2009/CRAFTED/Hard/contest04/connamacher/connm-ue-csp-sat-n800-d0.02-s111845174.sat05-536.reshuffled-07.cnf,connm-ue-csp-sat-n800-d0.02-s111845174.sat05-536.reshuffled-07,,5000.0,clasp1,1200.0,1200.0,1200.0,1200.0,1200.0,1200.0,1200.0,1200.0,1200.0,1200.0,1200.0,1200.0,1200.0,1200.0,1200.0,1200.0,1200.0,1200.0,1200.0,1200.0,1200.0,1200.0,1200.0,1200.0,1200.0,1200.0,1200.0,1200.0,1200.0,1200.0,1200.0,timeout,timeout,timeout,timeout,timeout,timeout,timeout,timeout,timeout,timeout,timeout,timeout,timeout,timeout,timeout,timeout,timeout,timeout,timeout,timeout,timeout,timeout,timeout,timeout,timeout,timeout,timeout,timeout,timeout,timeout,timeout,
SAT_Competition2009/CRAFTED/Hard/contest04/connamacher/connm-ue-csp-sat-n800-d0.02-s925928766.sat05-538.reshuffled-07.cnf,connm-ue-csp-sat-n800-d0.02-s925928766.sat05-538.reshuffled-07,/Users/herreran/Documents/Universidad/practica-invg/data/sat/instances/sc2012-hard-combinatorial/Hard Combinatorial SAT+UNSAT/SATCompetition2007/crafted/Hard/contest04/connamacher/connm-ue-csp-sat-n800-d0.02-s925928766.sat05-538.reshuffled-07.cnf,5000.0,mxc09,536.73,408.74,632.12,1200.0,1200.0,1200.0,739.88,1200.0,1200.0,1200.0,1200.0,1200.0,1200.0,482.77,728.4,480.61,328.05,330.41,1200.0,565.37,1200.0,1200.0,1200.0,1200.0,1200.0,1200.0,1200.0,1200.0,957.24,1200.0,1200.0,ok,ok,ok,timeout,timeout,timeout,ok,timeout,timeout,timeout,timeout,timeout,timeout,ok,ok,ok,ok,ok,timeout,ok,timeout,timeout,timeout,timeout,timeout,timeout,timeout,timeout,ok,timeout,timeout,/Users/herreran/Documents/Universidad/practica-invg/data/sat/datasets/sat_cnn_data_images/images/connm-ue-csp-sat-n800-d0.02-s925928766.sat05-538.reshuffled-07__3f0b08051395.npy
SAT_Competition2009/CRAFTED/Hard/contest04/others/Composite-048BitPrimes-0.sat05-503.reshuffled-07.cnf,Composite-048BitPrimes-0.sat05-503.reshuffled-07,,5000.0,clasp1,1200.0,1200.0,1200.0,1200.0,1200.0,1200.0,1200.0,1200.0,1200.0,1200.0,1200.0,1200.0,1200.0,1200.0,1200.0,1200.0,1200.0,1200.0,1200.0,1200.0,1200.0,1200.0,1200.0,1200.0,1200.0,1200.0,1200.0,1200.0,1200.0,1200.0,1200.0,timeout,timeout,timeout,timeout,timeout,timeout,timeout,timeout,timeout,timeout,timeout,timeout,timeout,timeout,timeout,timeout,timeout,timeout,timeout,timeout,timeout,timeout,timeout,timeout,timeout,timeout,timeout,timeout,timeout,timeout,timeout,
SAT_Competition2009/CRAFTED/Hard/contest04/others/Composite-048BitPrimes-1.sat05-504.reshuffled-07.cnf,Composite-048BitPrimes-1.sat05-504.reshuffled-07,,5000.0,clasp1,1200.0,1200.0,1200.0,1200.0,1200.0,1200.0,1200.0,1200.0,1200.0,1200.0,1200.0,1200.0,1200.0,1200.0,1200.0,1200.0,1200.0,1200.0,1200.0,1200.0,1200.0,1200.0,1200.0,1200.0,1200.0,1200.0,1200.0,1200.0,1200.0,1200.0,1200.0,timeout,timeout,timeout,timeout,timeout,timeout,timeout,timeout,timeout,timeout,timeout,timeout,timeout,timeout,timeout,timeout,timeout,timeout,timeout,timeout,timeout,timeout,timeout,timeout,timeout,timeout,timeout,timeout,timeout,timeout,timeout,
SAT_Competition2009/CRAFTED/Hard/contest04/others/Composite-064BitPrimes-1.sat05-506.reshuffled-07.cnf,Composite-064BitPrimes-1.sat05-506.reshuffled-07,,5000.0,clasp1,1200.0,1200.0,1200.0,1200.0,1200.0,1200.0,1200.0,1200.0,1200.0,1200.0,1200.0,1200.0,1200.0,1200.0,1200.0,1200.0,1200.0,1200.0,1200.0,1200.0,1200.0,1200.0,1200.0,1200.0,1200.0,1200.0,1200.0,1200.0,1200.0,1200.0,1200.0,timeout,timeout,timeout,timeout,timeout,timeout,timeout,timeout,timeout,timeout,timeout,timeout,timeout,timeout,timeout,timeout,timeout,timeout,timeout,timeout,timeout,timeout,timeout,timeout,timeout,timeout,timeout,timeout,timeout,timeout,timeout,
SAT_Competition2009/CRAFTED/Hard/contest04/others/Composite-096BitPrimes-0.sat05-507.reshuffled-07.cnf,Composite-096BitPrimes-0.sat05-507.reshuffled-07,,5000.0,clasp1,1200.0,1200.0,1200.0,1200.0,1200.0,1200.0,1200.0,1200.0,1200.0,1200.0,1200.0,1200.0,1200.0,1200.0,1200.0,1200.0,1200.0,1200.0,1200.0,1200.0,1200.0,1200.0,1200.0,1200.0,1200.0,1200.0,1200.0,1200.0,1200.0,1200.0,1200.0,timeout,timeout,timeout,timeout,timeout,timeout,timeout,timeout,timeout,timeout,timeout,timeout,timeout,timeout,timeout,timeout,timeout,timeout,timeout,timeout,timeout,timeout,timeout,timeout,timeout,timeout,timeout,timeout,timeout,timeout,timeout,
SAT_Competition2009/CRAFTED/Hard/contest04/others/CompositeRSA576.sat05-509.reshuffled-07.cnf,CompositeRSA576.sat05-509.reshuffled-07,,5000.0,clasp1,1200.0,1200.0,1200.0,1200.0,1200.0,1200.0,1200.0,1200.0,1200.0,1200.0,1200.0,1200.0,1200.0,1200.0,1200.0,1200.0,1200.0,1200.0,1200.0,1200.0,1200.0,1200.0,1200.0,1200.0,1200.0,1200.0,1200.0,1200.0,1200.0,1200.0,1200.0,timeout,timeout,timeout,timeout,timeout,timeout,timeout,timeout,timeout,timeout,timeout,timeout,timeout,timeout,timeout,timeout,timeout,timeout,timeout,timeout,timeout,timeout,timeout,timeout,timeout,timeout,timeout,timeout,timeout,timeout,timeout,
SAT_Competition2009/CRAFTED/Hard/contest04/others/equilarge_l2.sat05-519.reshuffled-07.cnf,equilarge_l2.sat05-519.reshuffled-07,,5000.0,marchrw,1200.0,1200.0,1200.0,1200.0,1200.0,1200.0,1200.0,1200.0,1200.0,1200.0,1200.0,923.66,1200.0,1200.0,1200.0,1200.0,1200.0,1200.0,1200.0,1200.0,1200.0,1200.0,1200.0,1200.0,1200.0,1200.0,1200.0,1200.0,1200.0,1200.0,1200.0,timeout,timeout,timeout,timeout,timeout,timeout,timeout,timeout,timeout,timeout,timeout,ok,timeout,timeout,timeout,timeout,timeout,timeout,timeout,timeout,timeout,timeout,timeout,timeout,timeout,timeout,timeout,timeout,timeout,timeout,timeout,
SAT_Competition2009/CRAFTED/Hard/contest04/others/equilarge_l3.sat05-520.reshuffled-07.cnf,equilarge_l3.sat05-520.reshuffled-07,,5000.0,marchrw,1200.0,1200.0,1200.0,1200.0,1200.0,1200.0,1200.0,1200.0,1200.0,1200.0,1200.0,903.7,1200.0,1200.0,1200.0,1200.0,1200.0,1200.0,1200.0,1200.0,1200.0,1200.0,1200.0,1200.0,1200.0,1200.0,1200.0,1200.0,1200.0,1200.0,1200.0,timeout,timeout,timeout,timeout,timeout,timeout,timeout,timeout,timeout,timeout,timeout,ok,timeout,timeout,timeout,timeout,timeout,timeout,timeout,timeout,timeout,timeout,timeout,timeout,timeout,timeout,timeout,timeout,timeout,timeout,timeout,
SAT_Competition2009/CRAFTED/Hard/contest04/others/equilarge_l4.sat05-521.reshuffled-07.cnf,equilarge_l4.sat05-521.reshuffled-07,,5000.0,marchrw,1200.0,1200.0,1200.0,1200.0,1200.0,1200.0,1200.0,1200.0,1200.0,1200.0,1200.0,685.3,1200.0,1200.0,1200.0,1200.0,1200.0,1200.0,1200.0,1200.0,1200.0,1200.0,1200.0,1200.0,1200.0,1200.0,1200.0,1200.0,1200.0,1200.0,1200.0,timeout,timeout,timeout,timeout,timeout,timeout,timeout,timeout,timeout,timeout,timeout,ok,timeout,timeout,timeout,timeout,timeout,timeout,timeout,timeout,timeout,timeout,timeout,timeout,timeout,timeout,timeout,timeout,timeout,timeout,timeout,
SAT_Competition2009/CRAFTED/Hard/contest04/others/ramsey.sat05-511.reshuffled-07.cnf,ramsey.sat05-511.reshuffled-07,,5000.0,clasp1,1200.0,1200.0,1200.0,1200.0,1200.0,1200.0,1200.0,1200.0,1200.0,1200.0,1200.0,1200.0,1200.0,1200.0,1200.0,1200.0,1200.0,1200.0,1200.0,1200.0,1200.0,1200.0,1200.0,1200.0,1200.0,1200.0,1200.0,1200.0,1200.0,1200.0,1200.0,timeout,timeout,timeout,timeout,timeout,timeout,timeout,timeout,timeout,timeout,timeout,timeout,timeout,timeout,timeout,timeout,timeout,timeout,timeout,timeout,timeout,timeout,timeout,timeout,timeout,timeout,timeout,timeout,timeout,timeout,timeout,
SAT_Competition2009/CRAFTED/Hard/contest05/QG/QG7-dead-dnd001.sat05-3419.reshuffled-07.cnf,QG7-dead-dnd001.sat05-3419.reshuffled-07,/Users/herreran/Documents/Universidad/practica-invg/data/sat/instances/sc2012-hard-combinatorial/Hard Combinatorial SAT+UNSAT/SATCompetition2007/crafted/Hard/contest05/QG/QG7-dead-dnd001.sat05-3419.reshuffled-07.cnf,5000.0,clasp1,231.44,250.66,1200.0,1200.0,1200.0,1200.0,1200.0,1200.0,1200.0,1200.0,1200.0,1200.0,1200.0,1049.01,586.61,1048.36,1200.0,1200.0,1200.0,1200.0,1200.0,1200.0,1200.0,1200.0,1200.0,1200.0,1200.0,1200.0,1200.0,1200.0,1200.0,ok,ok,timeout,timeout,timeout,timeout,timeout,timeout,timeout,timeout,timeout,timeout,timeout,ok,ok,ok,timeout,timeout,timeout,timeout,timeout,timeout,timeout,timeout,timeout,timeout,timeout,timeout,timeout,timeout,timeout,/Users/herreran/Documents/Universidad/practica-invg/data/sat/datasets/sat_cnn_data_images/images/QG7-dead-dnd001.sat05-3419.reshuffled-07__6ee101c66680.npy
SAT_Competition2009/CRAFTED/Hard/contest05/QG/QG7-dead-dnd005.sat05-3111.reshuffled-07.cnf,QG7-dead-dnd005.sat05-3111.reshuffled-07,/Users/herreran/Documents/Universidad/practica-invg/data/sat/instances/sc2012-hard-combinatorial/Hard Combinatorial SAT+UNSAT/SATCompetition2007/crafted/Hard/contest05/QG/QG7-dead-dnd005.sat05-3111.reshuffled-07.cnf,5000.0,clasp1,298.98,323.07,1200.0,1200.0,1200.0,513.73,817.83,1200.0,1200.0,1200.0,1200.0,1200.0,667.36,1200.0,514.65,1200.0,1200.0,1200.0,1200.0,1200.0,1200.0,598.19,737.63,1200.0,1200.0,1200.0,1200.0,1200.0,644.73,1200.0,1200.0,ok,ok,timeout,timeout,timeout,ok,ok,timeout,timeout,timeout,timeout,timeout,ok,timeout,ok,timeout,timeout,timeout,timeout,timeout,timeout,ok,ok,timeout,timeout,timeout,timeout,timeout,ok,timeout,timeout,/Users/herreran/Documents/Universidad/practica-invg/data/sat/datasets/sat_cnn_data_images/images/QG7-dead-dnd005.sat05-3111.reshuffled-07__23611e41c877.npy
SAT_Competition2009/CRAFTED/Hard/contest05/QG/QG7-gensys-icl100.sat05-3226.reshuffled-07.cnf,QG7-gensys-icl100.sat05-3226.reshuffled-07,/Users/herreran/Documents/Universidad/practica-invg/data/sat/instances/sc2012-hard-combinatorial/Hard Combinatorial SAT+UNSAT/SATCompetition2007/crafted/Hard/contest05/QG/QG7-gensys-icl100.sat05-3226.reshuffled-07.cnf,5000.0,clasp2,561.37,420.25,1200.0,1200.0,1200.0,1200.0,1200.0,1200.0,1200.0,1200.0,1200.0,1200.0,1200.0,1200.0,1200.0,1200.0,1200.0,1200.0,1200.0,1200.0,1200.0,1200.0,1200.0,1200.0,1200.0,1200.0,1200.0,1200.0,1200.0,1200.0,1200.0,ok,ok,timeout,timeout,timeout,timeout,timeout,timeout,timeout,timeout,timeout,timeout,timeout,timeout,timeout,timeout,timeout,timeout,timeout,timeout,timeout,timeout,timeout,timeout,timeout,timeout,timeout,timeout,timeout,timeout,timeout,/Users/herreran/Documents/Universidad/practica-invg/data/sat/datasets/sat_cnn_data_images/images/QG7-gensys-icl100.sat05-3226.reshuffled-07__04290ac0cd74.npy
SAT_Competition2009/CRAFTED/Hard/contest05/QG/QG7-gensys-ukn003.sat05-3346.reshuffled-07.cnf,QG7-gensys-ukn003.sat05-3346.reshuffled-07,/Users/herreran/Documents/Universidad/practica-invg/data/sat/instances/sc2012-hard-combinatorial/Hard Combinatorial SAT+UNSAT/SATCompetition2007/crafted/Hard/contest05/QG/QG7-gensys-ukn003.sat05-3346.reshuffled-07.cnf,5000.0,clasp1,316.89,380.64,1200.0,1200.0,1200.0,1200.0,1200.0,1200.0,1200.0,1200.0,1200.0,1200.0,1200.0,1200.0,1200.0,1200.0,1200.0,1200.0,1200.0,1200.0,1200.0,1200.0,1200.0,1200.0,1200.0,1200.0,1200.0,1200.0,1200.0,1200.0,1200.0,ok,ok,timeout,timeout,timeout,timeout,timeout,timeout,timeout,timeout,timeout,timeout,timeout,timeout,timeout,timeout,timeout,timeout,timeout,timeout,timeout,timeout,timeout,timeout,timeout,timeout,timeout,timeout,timeout,timeout,timeout,/Users/herreran/Documents/Universidad/practica-invg/data/sat/datasets/sat_cnn_data_images/images/QG7-gensys-ukn003.sat05-3346.reshuffled-07__0b1d15d02faf.npy
SAT_Competition2009/CRAFTED/Hard/contest05/QG/QG7a-gensys-icl004.sat05-3825.reshuffled-07.cnf,QG7a-gensys-icl004.sat05-3825.reshuffled-07,/Users/herreran/Documents/Universidad/practica-invg/data/sat/instances/sc2012-hard-combinatorial/Hard Combinatorial SAT+UNSAT/SATCompetition2007/crafted/Hard/contest05/QG/QG7a-gensys-icl004.sat05-3825.reshuffled-07.cnf,5000.0,clasp2,36.87,33.39,38.37,1200.0,202.29,183.54,128.84,45.3,1200.0,748.15,382.79,1200.0,200.78,158.52,538.5,204.54,540.87,473.83,145.07,38.75,871.66,72.44,1035.67,1200.0,1200.0,1200.0,273.32,1200.0,1200.0,1200.0,1200.0,ok,ok,ok,timeout,ok,ok,ok,ok,timeout,ok,ok,timeout,ok,ok,ok,ok,ok,ok,ok,ok,ok,ok,ok,timeout,timeout,timeout,ok,timeout,timeout,timeout,timeout,/Users/herreran/Documents/Universidad/practica-invg/data/sat/datasets/sat_cnn_data_images/images/QG7a-gensys-icl004.sat05-3825.reshuffled-07__d78a37c5d189.npy
SAT_Competition2009/CRAFTED/Hard/contest05/QG/QG7a-gensys-ukn002.sat05-3842.reshuffled-07.cnf,QG7a-gensys-ukn002.sat05-3842.reshuffled-07,/Users/herreran/Documents/Universidad/practica-invg/data/sat/instances/sc2012-hard-combinatorial/Hard Combinatorial SAT+UNSAT/SATCompetition2007/crafted/Hard/contest05/QG/QG7a-gensys-ukn002.sat05-3842.reshuffled-07.cnf,5000.0,qutersat,682.51,609.56,596.41,1200.0,1200.0,1200.0,1200.0,1200.0,1200.0,1200.0,1200.0,1200.0,1200.0,1200.0,1200.0,1200.0,1200.0,1200.0,1200.0,529.64,1200.0,1200.0,1200.0,1200.0,1200.0,1200.0,1200.0,1200.0,1200.0,1200.0,1200.0,ok,ok,ok,timeout,timeout,timeout,timeout,timeout,timeout,timeout,timeout,timeout,timeout,timeout,timeout,timeout,timeout,timeout,timeout,ok,timeout,timeout,timeout,timeout,timeout,timeout,timeout,timeout,timeout,timeout,timeout,/Users/herreran/Documents/Universidad/practica-invg/data/sat/datasets/sat_cnn_data_images/images/QG7a-gensys-ukn002.sat05-3842.reshuffled-07__f718077c0212.npy
SAT_Competition2009/CRAFTED/Hard/contest05/QG/QG7a-gensys-ukn009.sat05-3849.reshuffled-07.cnf,QG7a-gensys-ukn009.sat05-3849.reshuffled-07,/Users/herreran/Documents/Universidad/practica-invg/data/sat/instances/sc2012-hard-combinatorial/Hard Combinatorial SAT+UNSAT/SATCompetition2007/crafted/Hard/contest05/QG/QG7a-gensys-ukn009.sat05-3849.reshuffled-07.cnf,5000.0,clasp1,1200.0,1200.0,1200.0,1200.0,1200.0,1200.0,1200.0,1200.0,1200.0,1200.0,1200.0,1200.0,1200.0,1200.0,1200.0,1200.0,1200.0,1200.0,1200.0,1200.0,1200.0,1200.0,1200.0,1200.0,1200.0,1200.0,1200.0,1200.0,1200.0,1200.0,1200.0,timeout,timeout,timeout,timeout,timeout,timeout,timeout,timeout,timeout,timeout,timeout,timeout,timeout,timeout,timeout,timeout,timeout,timeout,timeout,timeout,timeout,timeout,timeout,timeout,timeout,timeout,timeout,timeout,timeout,timeout,timeout,/Users/herreran/Documents/Universidad/practica-invg/data/sat/datasets/sat_cnn_data_images/images/QG7a-gensys-ukn009.sat05-3849.reshuffled-07__fe2e1b93beaa.npy
SAT_Competition2009/CRAFTED/Hard/contest05/counting-clq/unsat-set-a-clqcolor-16-10-11.sat05-1253.reshuffled-07.cnf,unsat-set-a-clqcolor-16-10-11.sat05-1253.reshuffled-07,,5000.0,clasp1,1200.0,1200.0,1200.0,1200.0,1200.0,1200.0,1200.0,1200.0,1200.0,1200.0,1200.0,1200.0,1200.0,1200.0,1200.0,1200.0,1200.0,1200.0,1200.0,1200.0,1200.0,1200.0,1200.0,1200.0,1200.0,1200.0,1200.0,1200.0,1200.0,1200.0,1200.0,timeout,timeout,timeout,timeout,timeout,timeout,timeout,timeout,timeout,timeout,timeout,timeout,timeout,timeout,timeout,timeout,timeout,timeout,timeout,timeout,timeout,timeout,timeout,timeout,timeout,timeout,timeout,timeout,timeout,timeout,timeout,
SAT_Competition2009/CRAFTED/Hard/contest05/counting-clq/unsat-set-b-clqcolor-16-11-14.sat05-1261.reshuffled-07.cnf,unsat-set-b-clqcolor-16-11-14.sat05-1261.reshuffled-07,,5000.0,clasp1,1200.0,1200.0,1200.0,1200.0,1200.0,1200.0,1200.0,1200.0,1200.0,1200.0,1200.0,1200.0,1200.0,1200.0,1200.0,1200.0,1200.0,1200.0,1200.0,1200.0,1200.0,1200.0,1200.0,1200.0,1200.0,1200.0,1200.0,1200.0,1200.0,1200.0,1200.0,timeout,timeout,timeout,timeout,timeout,timeout,timeout,timeout,timeout,timeout,timeout,timeout,timeout,timeout,timeout,timeout,timeout,timeout,timeout,timeout,timeout,timeout,timeout,timeout,timeout,timeout,timeout,timeout,timeout,timeout,timeout,
SAT_Competition2009/CRAFTED/Hard/contest05/counting-clq/unsat-set-b-fclqcolor-10-07-09.sat05-1282.reshuffled-07.cnf,unsat-set-b-fclqcolor-10-07-09.sat05-1282.reshuffled-07,/Users/herreran/Documents/Universidad/practica-invg/data/sat/instances/sc2012-hard-combinatorial/Hard Combinatorial SAT+UNSAT/SATCompetition2007/crafted/Hard/contest05/counting-clq/unsat-set-b-fclqcolor-10-07-09.sat05-1282.reshuffled-07.cnf,5000.0,sol,184.37,318.49,1200.0,1200.0,1200.0,1200.0,1200.0,1200.0,1200.0,1200.0,1200.0,1200.0,1200.0,1151.41,1200.0,1157.83,1200.0,1200.0,1200.0,1200.0,1200.0,1200.0,1200.0,1200.0,1200.0,1200.0,1.16,1200.0,1200.0,1200.0,1200.0,ok,ok,timeout,timeout,timeout,timeout,timeout,timeout,timeout,timeout,timeout,timeout,timeout,ok,timeout,ok,timeout,timeout,timeout,timeout,timeout,timeout,timeout,timeout,timeout,timeout,ok,timeout,timeout,timeout,timeout,/Users/herreran/Documents/Universidad/practica-invg/data/sat/datasets/sat_cnn_data_images/images/unsat-set-b-fclqcolor-10-07-09.sat05-1282.reshuffled-07__bf69c1d0ba91.npy
SAT_Competition2009/CRAFTED/Hard/contest05/counting-clq/unsat-set-b-fclqcolor-25-18-23.sat05-1287.reshuffled-07.cnf,unsat-set-b-fclqcolor-25-18-23.sat05-1287.reshuffled-07,,5000.0,sol,1200.0,1200.0,1200.0,1200.0,1200.0,1200.0,1200.0,1200.0,1200.0,1200.0,1200.0,1200.0,1200.0,1200.0,1200.0,1200.0,1200.0,1200.0,1200.0,1200.0,1200.0,1200.0,1200.0,1200.0,1200.0,1200.0,251.09,1200.0,1200.0,1200.0,1200.0,timeout,timeout,timeout,timeout,timeout,timeout,timeout,timeout,timeout,timeout,timeout,timeout,timeout,timeout,timeout,timeout,timeout,timeout,timeout,timeout,timeout,timeout,timeout,timeout,timeout,timeout,ok,timeout,timeout,timeout,timeout,
SAT_Competition2009/CRAFTED/Hard/contest05/counting-php/easier-fphp-035-029.sat05-1221.reshuffled-07.cnf,easier-fphp-035-029.sat05-1221.reshuffled-07,,5000.0,sol,1200.0,1200.0,1200.0,1200.0,1200.0,1200.0,1200.0,1200.0,1200.0,1200.0,1200.0,1200.0,1200.0,1200.0,1200.0,1200.0,1200.0,1200.0,1200.0,1200.0,1200.0,1200.0,1200.0,1200.0,1200.0,1200.0,19.74,1200.0,1200.0,1200.0,1200.0,timeout,timeout,timeout,timeout,timeout,timeout,timeout,timeout,timeout,timeout,timeout,timeout,timeout,timeout,timeout,timeout,timeout,timeout,timeout,timeout,timeout,timeout,timeout,timeout,timeout,timeout,ok,timeout,timeout,timeout,timeout,
SAT_Competition2009/CRAFTED/Hard/contest05/others/eulcbip-8-UNSAT.sat05-3937.reshuffled-07.cnf,eulcbip-8-UNSAT.sat05-3937.reshuffled-07,/Users/herreran/Documents/Universidad/practica-invg/data/sat/instances/sc2012-hard-combinatorial/Hard Combinatorial SAT+UNSAT/SATCompetition2007/crafted/Hard/contest05/others/eulcbip-8-UNSAT.sat05-3937.reshuffled-07.cnf,5000.0,mphaseSAT,1200.0,1200.0,1200.0,1200.0,1200.0,1200.0,1200.0,1200.0,1200.0,1200.0,1200.0,1200.0,1200.0,0.02,0.14,0.02,1200.0,1200.0,1200.0,1200.0,1200.0,1200.0,1200.0,1200.0,1200.0,1200.0,1200.0,1200.0,1200.0,1200.0,1200.0,timeout,timeout,timeout,timeout,timeout,timeout,timeout,timeout,timeout,timeout,timeout,timeout,timeout,ok,ok,ok,timeout,timeout,timeout,timeout,timeout,timeout,timeout,timeout,timeout,timeout,timeout,timeout,timeout,timeout,timeout,/Users/herreran/Documents/Universidad/practica-invg/data/sat/datasets/sat_cnn_data_images/images/eulcbip-8-UNSAT.sat05-3937.reshuffled-07__dc11e2b350ee.npy
SAT_Competition2009/CRAFTED/Hard/contest05/others/linvrinv8.sat05-567.reshuffled-07.cnf,linvrinv8.sat05-567.reshuffled-07,,5000.0,clasp1,1200.0,1200.0,1200.0,1200.0,1200.0,1200.0,1200.0,1200.0,1200.0,1200.0,1200.0,1200.0,1200.0,1200.0,1200.0,1200.0,1200.0,1200.0,1200.0,1200.0,1200.0,1200.0,1200.0,1200.0,1200.0,1200.0,1200.0,1200.0,1200.0,1200.0,1200.0,timeout,timeout,timeout,timeout,timeout,timeout,timeout,timeout,timeout,timeout,timeout,timeout,timeout,timeout,timeout,timeout,timeout,timeout,timeout,timeout,timeout,timeout,timeout,timeout,timeout,timeout,timeout,timeout,timeout,timeout,timeout,
SAT_Competition2009/CRAFTED/Hard/contest05/others/linvrinv9.sat05-568.reshuffled-07.cnf,linvrinv9.sat05-568.reshuffled-07,,5000.0,clasp1,1200.0,1200.0,1200.0,1200.0,1200.0,1200.0,1200.0,1200.0,1200.0,1200.0,1200.0,1200.0,1200.0,1200.0,1200.0,1200.0,1200.0,1200.0,1200.0,1200.0,1200.0,1200.0,1200.0,1200.0,1200.0,1200.0,1200.0,1200.0,1200.0,1200.0,1200.0,timeout,timeout,timeout,timeout,timeout,timeout,timeout,timeout,timeout,timeout,timeout,timeout,timeout,timeout,timeout,timeout,timeout,timeout,timeout,timeout,timeout,timeout,timeout,timeout,timeout,timeout,timeout,timeout,timeout,timeout,timeout,
SAT_Competition2009/CRAFTED/Hard/contest05/others/mod2c-rand3bip-sat-220-1.sat05-2488.reshuffled-07.cnf,mod2c-rand3bip-sat-220-1.sat05-2488.reshuffled-07,/Users/herreran/Documents/Universidad/practica-invg/data/sat/instances/sc2012-hard-combinatorial/Hard Combinatorial SAT+UNSAT/SATCompetition2007/crafted/Hard/contest05/others/mod2c-rand3bip-sat-220-1.sat05-2488.reshuffled-07.cnf,5000.0,glucose2,836.85,221.97,85.71,1200.0,1043.13,401.99,34.35,1200.0,1200.0,138.06,442.41,1200.0,1200.0,1200.0,533.82,1200.0,362.88,1200.0,59.05,107.07,213.54,631.79,1200.0,1200.0,1200.0,1200.0,697.78,1200.0,1200.0,730.86,1200.0,ok,ok,ok,timeout,ok,ok,ok,timeout,timeout,ok,ok,timeout,timeout,timeout,ok,timeout,ok,timeout,ok,ok,ok,ok,timeout,timeout,timeout,timeout,ok,timeout,timeout,ok,timeout,/Users/herreran/Documents/Universidad/practica-invg/data/sat/datasets/sat_cnn_data_images/images/mod2c-rand3bip-sat-220-1.sat05-2488.reshuffled-07__df34c18da75f.npy
SAT_Competition2009/CRAFTED/Hard/contest05/others/mod2c-rand3bip-sat-220-2.sat05-2489.reshuffled-07.cnf,mod2c-rand3bip-sat-220-2.sat05-2489.reshuffled-07,/Users/herreran/Documents/Universidad/practica-invg/data/sat/instances/sc2012-hard-combinatorial/Hard Combinatorial SAT+UNSAT/SATCompetition2007/crafted/Hard/contest05/others/mod2c-rand3bip-sat-220-2.sat05-2489.reshuffled-07.cnf,5000.0,mxc09,1200.0,397.96,276.75,1200.0,448.81,1195.41,713.27,283.99,1200.0,1200.0,1200.0,1200.0,1200.0,18.0,1200.0,17.77,5.66,1200.0,12.75,304.94,1200.0,628.18,1200.0,1200.0,1200.0,1200.0,1200.0,1200.0,1200.0,1200.0,1200.0,timeout,ok,ok,timeout,ok,ok,ok,ok,timeout,timeout,timeout,timeout,timeout,ok,timeout,ok,ok,timeout,ok,ok,timeout,ok,timeout,timeout,timeout,timeout,timeout,timeout,timeout,timeout,timeout,/Users/herreran/Documents/Universidad/practica-invg/data/sat/datasets/sat_cnn_data_images/images/mod2c-rand3bip-sat-220-2.sat05-2489.reshuffled-07__e2438de0e983.npy
SAT_Competition2009/CRAFTED/Hard/contest05/others/sgp_5-6-8.sat05-2669.reshuffled-07.cnf,sgp_5-6-8.sat05-2669.reshuffled-07,/Users/herreran/Documents/Universidad/practica-invg/data/sat/instances/sc2012-hard-combinatorial/Hard Combinatorial SAT+UNSAT/SATCompetition2007/crafted/Hard/contest05/others/sgp_5-6-8.sat05-2669.reshuffled-07.cnf,5000.0,mphaseSAT64,1200.0,1200.0,1200.0,1200.0,1200.0,1200.0,1200.0,1200.0,1200.0,1200.0,1200.0,1200.0,1200.0,1200.0,1186.3,1200.0,1200.0,1200.0,1200.0,1200.0,1200.0,1200.0,1200.0,1200.0,1200.0,1200.0,1200.0,1200.0,1200.0,1200.0,1200.0,timeout,timeout,timeout,timeout,timeout,timeout,timeout,timeout,timeout,timeout,timeout,timeout,timeout,timeout,ok,timeout,timeout,timeout,timeout,timeout,timeout,timeout,timeout,timeout,timeout,timeout,timeout,timeout,timeout,timeout,timeout,/Users/herreran/Documents/Universidad/practica-invg/data/sat/datasets/sat_cnn_data_images/images/sgp_5-6-8.sat05-2669.reshuffled-07__73673ebb433d.npy
SAT_Competition2009/CRAFTED/Hard/contest05/others/sgp_9-8-8.sat05-2674.reshuffled-07.cnf,sgp_9-8-8.sat05-2674.reshuffled-07,,5000.0,clasp1,1200.0,1200.0,1200.0,1200.0,1200.0,1200.0,1200.0,1200.0,1200.0,1200.0,1200.0,1200.0,1200.0,1200.0,1200.0,1200.0,1200.0,1200.0,1200.0,1200.0,1200.0,1200.0,1200.0,1200.0,1200.0,1200.0,1200.0,1200.0,1200.0,1200.0,1200.0,timeout,timeout,timeout,timeout,timeout,timeout,timeout,timeout,timeout,timeout,timeout,timeout,timeout,timeout,timeout,timeout,timeout,timeout,timeout,timeout,timeout,timeout,timeout,timeout,timeout,timeout,timeout,timeout,timeout,timeout,timeout,
SAT_Competition2009/CRAFTED/Hard/contest05/others/strips-gripper-18t35.sat05-1147.reshuffled-07.cnf,strips-gripper-18t35.sat05-1147.reshuffled-07,/Users/herreran/Documents/Universidad/practica-invg/data/sat/instances/sc2012-hard-combinatorial/Hard Combinatorial SAT+UNSAT/SATCompetition2007/crafted/Hard/contest05/others/strips-gripper-18t35.sat05-1147.reshuffled-07.cnf,5000.0,rcl,1200.0,1200.0,1200.0,1200.0,14.66,304.14,35.33,50.61,1200.0,34.74,14.8,1200.0,42.26,38.17,34.19,33.03,33.05,287.26,13.16,1200.0,9.47,66.5,85.71,1200.0,1200.0,1200.0,1200.0,1200.0,1200.0,1200.0,1200.0,timeout,timeout,timeout,timeout,ok,ok,ok,ok,timeout,ok,ok,timeout,ok,ok,ok,ok,ok,ok,ok,timeout,ok,ok,ok,timeout,timeout,timeout,timeout,timeout,timeout,timeout,timeout,/Users/herreran/Documents/Universidad/practica-invg/data/sat/datasets/sat_cnn_data_images/images/strips-gripper-18t35.sat05-1147.reshuffled-07__07247448e196.npy
SAT_Competition2009/CRAFTED/Hard/contest05/phnf/phnf-size10-exclusive-FIFO.used-as.sat04-991.sat05-4192.reshuffled-07.cnf,phnf-size10-exclusive-FIFO.used-as.sat04-991.sat05-4192.reshuffled-07,/Users/herreran/Documents/Universidad/practica-invg/data/sat/instances/sc2012-hard-combinatorial/Hard Combinatorial SAT+UNSAT/SATCompetition2007/crafted/Hard/contest05/phnf/phnf-size10-exclusive-FIFO.used-as.sat04-991.sat05-4192.reshuffled-07.cnf,5000.0,clasp1,1200.0,1200.0,1200.0,1200.0,1200.0,1200.0,1200.0,1200.0,1200.0,1200.0,1200.0,1200.0,1200.0,1200.0,1200.0,1200.0,1200.0,1200.0,1200.0,1200.0,1200.0,1200.0,1200.0,1200.0,1200.0,1200.0,1200.0,1200.0,1200.0,1200.0,1200.0,timeout,timeout,timeout,timeout,timeout,timeout,timeout,timeout,timeout,timeout,timeout,timeout,timeout,timeout,timeout,timeout,timeout,timeout,timeout,timeout,timeout,timeout,timeout,timeout,timeout,timeout,timeout,timeout,timeout,timeout,timeout,/Users/herreran/Documents/Universidad/practica-invg/data/sat/datasets/sat_cnn_data_images/images/phnf-size10-exclusive-FIFO.used-as.sat04-991.sat05-4192.reshuffled-07__cac6f009b19b.npy
SAT_Competition2009/CRAFTED/Hard/contest05/phnf/phnf-size10-exclusive-all.used-as.sat04-986.sat05-4198.reshuffled-07.cnf,phnf-size10-exclusive-all.used-as.sat04-986.sat05-4198.reshuffled-07,,5000.0,clasp1,1200.0,1200.0,1200.0,1200.0,1200.0,1200.0,1200.0,1200.0,1200.0,1200.0,1200.0,1200.0,1200.0,1200.0,1200.0,1200.0,1200.0,1200.0,1200.0,1200.0,1200.0,1200.0,1200.0,1200.0,1200.0,1200.0,1200.0,1200.0,1200.0,1200.0,1200.0,timeout,timeout,timeout,timeout,timeout,timeout,timeout,timeout,timeout,timeout,timeout,timeout,timeout,timeout,timeout,timeout,timeout,timeout,timeout,timeout,timeout,timeout,timeout,timeout,timeout,timeout,timeout,timeout,timeout,timeout,timeout,
SAT_Competition2009/CRAFTED/Hard/contest05/phnf/phnf-size10-exclusive-equilarge_l1.used-as.sat04-893.sat05-4187.reshuffled-07.cnf,phnf-size10-exclusive-equilarge_l1.used-as.sat04-893.sat05-4187.reshuffled-07,,5000.0,clasp1,1200.0,1200.0,1200.0,1200.0,1200.0,1200.0,1200.0,1200.0,1200.0,1200.0,1200.0,1200.0,1200.0,1200.0,1200.0,1200.0,1200.0,1200.0,1200.0,1200.0,1200.0,1200.0,1200.0,1200.0,1200.0,1200.0,1200.0,1200.0,1200.0,1200.0,1200.0,timeout,timeout,timeout,timeout,timeout,timeout,timeout,timeout,timeout,timeout,timeout,timeout,timeout,timeout,timeout,timeout,timeout,timeout,timeout,timeout,timeout,timeout,timeout,timeout,timeout,timeout,timeout,timeout,timeout,timeout,timeout,
SAT_Competition2009/CRAFTED/Hard/contest05/phnf/phnf-size10-exclusive-equilarge_m3.used-as.sat04-900.sat05-4186.reshuffled-07.cnf,phnf-size10-exclusive-equilarge_m3.used-as.sat04-900.sat05-4186.reshuffled-07,,5000.0,clasp1,1200.0,1200.0,1200.0,1200.0,1200.0,1200.0,1200.0,1200.0,1200.0,1200.0,1200.0,1200.0,1200.0,1200.0,1200.0,1200.0,1200.0,1200.0,1200.0,1200.0,1200.0,1200.0,1200.0,1200.0,1200.0,1200.0,1200.0,1200.0,1200.0,1200.0,1200.0,timeout,timeout,timeout,timeout,timeout,timeout,timeout,timeout,timeout,timeout,timeout,timeout,timeout,timeout,timeout,timeout,timeout,timeout,timeout,timeout,timeout,timeout,timeout,timeout,timeout,timeout,timeout,timeout,timeout,timeout,timeout,
SAT_Competition2009/CRAFTED/Hard/contest05/phnf/phnf-size10-exclusive-gigamax.used-as.sat04-984.sat05-4194.reshuffled-07.cnf,phnf-size10-exclusive-gigamax.used-as.sat04-984.sat05-4194.reshuffled-07,/Users/herreran/Documents/Universidad/practica-invg/data/sat/instances/sc2012-hard-combinatorial/Hard Combinatorial SAT+UNSAT/SATCompetition2007/crafted/Hard/contest05/phnf/phnf-size10-exclusive-gigamax.used-as.sat04-984.sat05-4194.reshuffled-07.cnf,5000.0,qutersat,879.59,219.93,64.48,1200.0,155.56,77.26,86.34,64.88,1200.0,66.19,117.74,1200.0,260.72,195.62,98.09,116.14,59.5,1200.0,269.92,54.45,285.08,76.36,624.3,1200.0,1200.0,1200.0,1200.0,1200.0,1200.0,1200.0,1200.0,ok,ok,ok,timeout,ok,ok,ok,ok,timeout,ok,ok,timeout,ok,ok,ok,ok,ok,timeout,ok,ok,ok,ok,ok,timeout,timeout,timeout,timeout,timeout,timeout,timeout,timeout,/Users/herreran/Documents/Universidad/practica-invg/data/sat/datasets/sat_cnn_data_images/images/phnf-size10-exclusive-gigamax.used-as.sat04-984.sat05-4194.reshuffled-07__a3e0af6752fd.npy
SAT_Competition2009/CRAFTED/Hard/contest05/phnf/phnf-size10-exclusive-luckySeven.used-as.sat04-990.sat05-4196.reshuffled-07.cnf,phnf-size10-exclusive-luckySeven.used-as.sat04-990.sat05-4196.reshuffled-07,/Users/herreran/Documents/Universidad/practica-invg/data/sat/instances/sc2012-hard-combinatorial/Hard Combinatorial SAT+UNSAT/SATCompetition2007/crafted/Hard/contest05/phnf/phnf-size10-exclusive-luckySeven.used-as.sat04-990.sat05-4196.reshuffled-07.cnf,5000.0,glueminisat,1200.0,1200.0,135.68,1200.0,219.22,135.55,137.48,96.31,1200.0,229.2,286.88,1200.0,485.63,170.18,181.67,175.88,154.84,1200.0,278.59,145.98,516.93,191.96,777.56,1200.0,1200.0,1200.0,1200.0,1200.0,672.64,1004.31,1200.0,timeout,timeout,ok,timeout,ok,ok,ok,ok,timeout,ok,ok,timeout,ok,ok,ok,ok,ok,timeout,ok,ok,ok,ok,ok,timeout,timeout,timeout,timeout,timeout,ok,ok,timeout,/Users/herreran/Documents/Universidad/practica-invg/data/sat/datasets/sat_cnn_data_images/images/phnf-size10-exclusive-luckySeven.used-as.sat04-990.sat05-4196.reshuffled-07__170529c68830.npy
SAT_Competition2009/CRAFTED/Hard/contest05/phnf/phnf-size10-exclusive-myciel6-cn.used-as.sat04-319.sat05-4201.reshuffled-07.cnf,phnf-size10-exclusive-myciel6-cn.used-as.sat04-319.sat05-4201.reshuffled-07,,5000.0,clasp1,1200.0,1200.0,1200.0,1200.0,1200.0,1200.0,1200.0,1200.0,1200.0,1200.0,1200.0,1200.0,1200.0,1200.0,1200.0,1200.0,1200.0,1200.0,1200.0,1200.0,1200.0,1200.0,1200.0,1200.0,1200.0,1200.0,1200.0,1200.0,1200.0,1200.0,1200.0,timeout,timeout,timeout,timeout,timeout,timeout,timeout,timeout,timeout,timeout,timeout,timeout,timeout,timeout,timeout,timeout,timeout,timeout,timeout,timeout,timeout,timeout,timeout,timeout,timeout,timeout,timeout,timeout,timeout,timeout,timeout,
SAT_Competition2009/CRAFTED/Hard/contest05/phnf/phnf-size10-exclusive-philo.used-as.sat04-988.sat05-4195.reshuffled-07.cnf,phnf-size10-exclusive-philo.used-as.sat04-988.sat05-4195.reshuffled-07,,5000.0,clasp1,1200.0,1200.0,1200.0,1200.0,1200.0,1200.0,1200.0,1200.0,1200.0,1200.0,1200.0,1200.0,1200.0,1200.0,1200.0,1200.0,1200.0,1200.0,1200.0,1200.0,1200.0,1200.0,1200.0,1200.0,1200.0,1200.0,1200.0,1200.0,1200.0,1200.0,1200.0,timeout,timeout,timeout,timeout,timeout,timeout,timeout,timeout,timeout,timeout,timeout,timeout,timeout,timeout,timeout,timeout,timeout,timeout,timeout,timeout,timeout,timeout,timeout,timeout,timeout,timeout,timeout,timeout,timeout,timeout,timeout,
SAT_Competition2009/CRAFTED/Medium/contest05/jarvisalo/mod2-3cage-unsat-9-12.sat05-2587.reshuffled-07.cnf,mod2-3cage-unsat-9-12.sat05-2587.reshuffled-07,/Users/herreran/Documents/Universidad/practica-invg/data/sat/instances/sc2012-hard-combinatorial/Hard Combinatorial SAT+UNSAT/SATCompetition2007/crafted/Medium/contest05/jarvisalo/mod2-3cage-unsat-9-12.sat05-2587.reshuffled-07.cnf,5000.0,marchrw,123.31,33.82,1.0,1200.0,189.09,173.67,17.88,177.15,1200.0,142.46,1200.0,0.0,706.03,0.0,0.0,0.0,49.34,20.84,105.51,1.01,863.21,191.16,496.35,1200.0,1200.0,1200.0,0.09,1200.0,234.26,638.48,1200.0,ok,ok,ok,timeout,ok,ok,ok,ok,timeout,ok,timeout,ok,ok,ok,ok,ok,ok,ok,ok,ok,ok,ok,ok,timeout,timeout,timeout,ok,timeout,ok,ok,timeout,/Users/herreran/Documents/Universidad/practica-invg/data/sat/datasets/sat_cnn_data_images/images/mod2-3cage-unsat-9-12.sat05-2587.reshuffled-07__712884e740ae.npy
SAT_Competition2009/CRAFTED/Medium/contest05/jarvisalo/mod2-3cage-unsat-9-14.sat05-2589.reshuffled-07.cnf,mod2-3cage-unsat-9-14.sat05-2589.reshuffled-07,/Users/herreran/Documents/Universidad/practica-invg/data/sat/instances/sc2012-hard-combinatorial/Hard Combinatorial SAT+UNSAT/SATCompetition2007/crafted/Medium/contest05/jarvisalo/mod2-3cage-unsat-9-14.sat05-2589.reshuffled-07.cnf,5000.0,marchrw,90.71,49.86,1.09,1200.0,319.19,186.81,105.98,394.67,1200.0,277.24,1200.0,0.0,444.98,0.0,0.0,0.0,27.13,22.2,37.3,1.23,1200.0,321.68,724.61,1200.0,1200.0,1200.0,0.09,1200.0,241.9,1200.0,1200.0,ok,ok,ok,timeout,ok,ok,ok,ok,timeout,ok,timeout,ok,ok,ok,ok,ok,ok,ok,ok,ok,timeout,ok,ok,timeout,timeout,timeout,ok,timeout,ok,timeout,timeout,/Users/herreran/Documents/Universidad/practica-invg/data/sat/datasets/sat_cnn_data_images/images/mod2-3cage-unsat-9-14.sat05-2589.reshuffled-07__4776abdea030.npy
SAT_Competition2009/CRAFTED/Medium/contest05/jarvisalo/mod2-rand3bip-sat-210-2.sat05-2159.reshuffled-07.cnf,mod2-rand3bip-sat-210-2.sat05-2159.reshuffled-07,/Users/herreran/Documents/Universidad/practica-invg/data/sat/instances/sc2012-hard-combinatorial/Hard Combinatorial SAT+UNSAT/SATCompetition2007/crafted/Medium/contest05/jarvisalo/mod2-rand3bip-sat-210-2.sat05-2159.reshuffled-07.cnf,5000.0,marchrw,20.0,1.38,0.15,1200.0,43.64,13.64,59.7,40.55,1200.0,10.92,9.88,0.0,13.17,0.0,0.0,0.0,20.05,14.26,40.93,117.11,8.13,16.35,38.96,1200.0,1200.0,1200.0,1200.0,1200.0,21.13,969.73,1200.0,ok,ok,ok,timeout,ok,ok,ok,ok,timeout,ok,ok,ok,ok,ok,ok,ok,ok,ok,ok,ok,ok,ok,ok,timeout,timeout,timeout,timeout,timeout,ok,ok,timeout,/Users/herreran/Documents/Universidad/practica-invg/data/sat/datasets/sat_cnn_data_images/images/mod2-rand3bip-sat-210-2.sat05-2159.reshuffled-07__39c2624b92ec.npy
SAT_Competition2009/CRAFTED/Medium/contest05/jarvisalo/mod2-rand3bip-sat-220-1.sat05-2173.reshuffled-07.cnf,mod2-rand3bip-sat-220-1.sat05-2173.reshuffled-07,/Users/herreran/Documents/Universidad/practica-invg/data/sat/instances/sc2012-hard-combinatorial/Hard Combinatorial SAT+UNSAT/SATCompetition2007/crafted/Medium/contest05/jarvisalo/mod2-rand3bip-sat-220-1.sat05-2173.reshuffled-07.cnf,5000.0,marchrw,95.77,124.96,91.87,1200.0,77.89,103.86,3.97,909.01,1200.0,83.32,90.59,0.0,328.41,16.63,45.02,15.19,5.83,80.97,5.29,8.3,393.31,132.45,89.11,1200.0,1200.0,1200.0,1200.0,1200.0,424.2,1200.0,1200.0,ok,ok,ok,timeout,ok,ok,ok,ok,timeout,ok,ok,ok,ok,ok,ok,ok,ok,ok,ok,ok,ok,ok,ok,timeout,timeout,timeout,timeout,timeout,ok,timeout,timeout,/Users/herreran/Documents/Universidad/practica-invg/data/sat/datasets/sat_cnn_data_images/images/mod2-rand3bip-sat-220-1.sat05-2173.reshuffled-07__6c3b2a0dbebd.npy
SAT_Competition2009/CRAFTED/Medium/contest05/jarvisalo/mod2-rand3bip-sat-230-2.sat05-2189.reshuffled-07.cnf,mod2-rand3bip-sat-230-2.sat05-2189.reshuffled-07,/Users/herreran/Documents/Universidad/practica-invg/data/sat/instances/sc2012-hard-combinatorial/Hard Combinatorial SAT+UNSAT/SATCompetition2007/crafted/Medium/contest05/jarvisalo/mod2-rand3bip-sat-230-2.sat05-2189.reshuffled-07.cnf,5000.0,mphaseSAT,182.81,372.51,49.9,1200.0,654.57,260.58,539.38,212.32,1200.0,35.01,4.38,0.01,1200.0,0.0,0.0,0.0,52.55,328.89,1035.67,368.58,1200.0,98.62,850.66,1200.0,1200.0,1200.0,1200.0,1200.0,1200.0,807.39,1200.0,ok,ok,ok,timeout,ok,ok,ok,ok,timeout,ok,ok,ok,timeout,ok,ok,ok,ok,ok,ok,ok,timeout,ok,ok,timeout,timeout,timeout,timeout,timeout,timeout,ok,timeout,/Users/herreran/Documents/Universidad/practica-invg/data/sat/datasets/sat_cnn_data_images/images/mod2-rand3bip-sat-230-2.sat05-2189.reshuffled-07__ef9e5d07295c.npy
SAT_Competition2009/CRAFTED/Medium/contest05/jarvisalo/mod2-rand3bip-sat-250-3.sat05-2220.reshuffled-07.cnf,mod2-rand3bip-sat-250-3.sat05-2220.reshuffled-07,/Users/herreran/Documents/Universidad/practica-invg/data/sat/instances/sc2012-hard-combinatorial/Hard Combinatorial SAT+UNSAT/SATCompetition2007/crafted/Medium/contest05/jarvisalo/mod2-rand3bip-sat-250-3.sat05-2220.reshuffled-07.cnf,5000.0,mphaseSAT,498.62,169.08,1200.0,1200.0,1200.0,1183.16,1200.0,1200.0,1200.0,976.71,1200.0,0.01,1200.0,0.0,0.0,0.0,426.66,446.56,1200.0,1200.0,1200.0,707.27,1200.0,1200.0,1200.0,1200.0,1200.0,1200.0,1200.0,1200.0,1200.0,ok,ok,timeout,timeout,timeout,ok,timeout,timeout,timeout,ok,timeout,ok,timeout,ok,ok,ok,ok,ok,timeout,timeout,timeout,ok,timeout,timeout,timeout,timeout,timeout,timeout,timeout,timeout,timeout,/Users/herreran/Documents/Universidad/practica-invg/data/sat/datasets/sat_cnn_data_images/images/mod2-rand3bip-sat-250-3.sat05-2220.reshuffled-07__6162ae1da6a4.npy
SAT_Competition2009/CRAFTED/Medium/contest05/jarvisalo/mod2c-rand3bip-sat-190-3.sat05-2445.reshuffled-07.cnf,mod2c-rand3bip-sat-190-3.sat05-2445.reshuffled-07,/Users/herreran/Documents/Universidad/practica-invg/data/sat/instances/sc2012-hard-combinatorial/Hard Combinatorial SAT+UNSAT/SATCompetition2007/crafted/Medium/contest05/jarvisalo/mod2c-rand3bip-sat-190-3.sat05-2445.reshuffled-07.cnf,5000.0,precosat,51.12,42.43,19.94,1200.0,16.33,1.31,27.52,4.47,1200.0,19.22,23.83,1200.0,39.52,19.71,45.19,17.96,11.74,97.44,1.22,11.01,99.34,9.79,222.01,1200.0,1200.0,1200.0,515.74,1200.0,86.66,317.34,1200.0,ok,ok,ok,timeout,ok,ok,ok,ok,timeout,ok,ok,timeout,ok,ok,ok,ok,ok,ok,ok,ok,ok,ok,ok,timeout,timeout,timeout,ok,timeout,ok,ok,timeout,/Users/herreran/Documents/Universidad/practica-invg/data/sat/datasets/sat_cnn_data_images/images/mod2c-rand3bip-sat-190-3.sat05-2445.reshuffled-07__0e2b176922eb.npy
SAT_Competition2009/CRAFTED/Medium/contest05/others/QG-gensys-brn008.sat05-2685.reshuffled-07.cnf,QG-gensys-brn008.sat05-2685.reshuffled-07,/Users/herreran/Documents/Universidad/practica-invg/data/sat/instances/sc2012-hard-combinatorial/Hard Combinatorial SAT+UNSAT/SATCompetition2007/crafted/Medium/contest05/others/QG-gensys-brn008.sat05-2685.reshuffled-07.cnf,5000.0,glueminisat,33.89,31.24,14.79,1200.0,38.58,64.96,21.39,12.86,1200.0,28.74,111.82,1200.0,40.87,60.94,42.95,52.45,105.93,104.51,17.02,25.29,48.56,70.25,143.62,1200.0,1200.0,1200.0,81.02,1200.0,626.13,784.46,1200.0,ok,ok,ok,timeout,ok,ok,ok,ok,timeout,ok,ok,timeout,ok,ok,ok,ok,ok,ok,ok,ok,ok,ok,ok,timeout,timeout,timeout,ok,timeout,ok,ok,timeout,/Users/herreran/Documents/Universidad/practica-invg/data/sat/datasets/sat_cnn_data_images/images/QG-gensys-brn008.sat05-2685.reshuffled-07__61ed3702e0d7.npy
SAT_Competition2009/CRAFTED/Medium/contest05/others/QG-gensys-icl003.sat05-2715.reshuffled-07.cnf,QG-gensys-icl003.sat05-2715.reshuffled-07,/Users/herreran/Documents/Universidad/practica-invg/data/sat/instances/sc2012-hard-combinatorial/Hard Combinatorial SAT+UNSAT/SATCompetition2007/crafted/Medium/contest05/others/QG-gensys-icl003.sat05-2715.reshuffled-07.cnf,5000.0,cryptominisat2011,49.01,33.77,17.47,1200.0,50.42,79.53,46.33,17.87,1200.0,48.63,138.48,1200.0,79.36,63.82,51.64,67.61,102.16,110.37,26.77,22.55,83.47,61.82,150.89,1200.0,1200.0,1200.0,68.05,1200.0,1200.0,1025.92,1200.0,ok,ok,ok,timeout,ok,ok,ok,ok,timeout,ok,ok,timeout,ok,ok,ok,ok,ok,ok,ok,ok,ok,ok,ok,timeout,timeout,timeout,ok,timeout,timeout,ok,timeout,/Users/herreran/Documents/Universidad/practica-invg/data/sat/datasets/sat_cnn_data_images/images/QG-gensys-icl003.sat05-2715.reshuffled-07__59e7e14069ab.npy
SAT_Competition2009/CRAFTED/Medium/contest05/others/QG7-gensys-icl001.sat05-2926.reshuffled-07.cnf,QG7-gensys-icl001.sat05-2926.reshuffled-07,/Users/herreran/Documents/Universidad/practica-invg/data/sat/instances/sc2012-hard-combinatorial/Hard Combinatorial SAT+UNSAT/SATCompetition2007/crafted/Medium/contest05/others/QG7-gensys-icl001.sat05-2926.reshuffled-07.cnf,5000.0,clasp2,12.91,11.24,77.29,1200.0,22.51,22.53,12.35,29.56,1200.0,61.61,60.29,1200.0,21.99,76.39,43.99,78.28,40.38,22.21,41.58,46.49,29.83,35.41,54.57,1200.0,1200.0,1200.0,30.8,1200.0,66.06,525.41,1200.0,ok,ok,ok,timeout,ok,ok,ok,ok,timeout,ok,ok,timeout,ok,ok,ok,ok,ok,ok,ok,ok,ok,ok,ok,timeout,timeout,timeout,ok,timeout,ok,ok,timeout,/Users/herreran/Documents/Universidad/practica-invg/data/sat/datasets/sat_cnn_data_images/images/QG7-gensys-icl001.sat05-2926.reshuffled-07__818f57cc578f.npy
SAT_Competition2009/CRAFTED/Medium/contest05/others/QG7a-gensys-brn004.sat05-3669.reshuffled-07.cnf,QG7a-gensys-brn004.sat05-3669.reshuffled-07,/Users/herreran/Documents/Universidad/practica-invg/data/sat/instances/sc2012-hard-combinatorial/Hard Combinatorial SAT+UNSAT/SATCompetition2007/crafted/Medium/contest05/others/QG7a-gensys-brn004.sat05-3669.reshuffled-07.cnf,5000.0,glueminisat,0.93,3.62,1.89,1200.0,33.8,0.97,17.41,0.79,1200.0,42.67,5.27,1200.0,14.73,36.91,45.18,40.43,1.51,63.4,3.29,5.42,26.84,1.28,26.83,7.93,25.03,27.91,11.93,1200.0,39.42,142.05,1200.0,ok,ok,ok,timeout,ok,ok,ok,ok,timeout,ok,ok,timeout,ok,ok,ok,ok,ok,ok,ok,ok,ok,ok,ok,ok,ok,ok,ok,timeout,ok,ok,timeout,/Users/herreran/Documents/Universidad/practica-invg/data/sat/datasets/sat_cnn_data_images/images/QG7a-gensys-brn004.sat05-3669.reshuffled-07__ed38bed964df.npy
SAT_Competition2009/CRAFTED/Medium/contest05/others/QG7a-gensys-ukn001.sat05-3841.reshuffled-07.cnf,QG7a-gensys-ukn001.sat05-3841.reshuffled-07,/Users/herreran/Documents/Universidad/practica-invg/data/sat/instances/sc2012-hard-combinatorial/Hard Combinatorial SAT+UNSAT/SATCompetition2007/crafted/Medium/contest05/others/QG7a-gensys-ukn001.sat05-3841.reshuffled-07.cnf,5000.0,ebminisat,1.68,1.73,1.73,1200.0,23.55,0.51,18.96,1.31,1200.0,13.2,7.47,1200.0,47.96,50.67,55.0,47.99,2.05,78.68,4.19,7.54,46.85,0.95,29.88,43.02,5.4,139.24,45.92,176.58,160.87,190.41,25.96,ok,ok,ok,timeout,ok,ok,ok,ok,timeout,ok,ok,timeout,ok,ok,ok,ok,ok,ok,ok,ok,ok,ok,ok,ok,ok,ok,ok,ok,ok,ok,ok,/Users/herreran/Documents/Universidad/practica-invg/data/sat/datasets/sat_cnn_data_images/images/QG7a-gensys-ukn001.sat05-3841.reshuffled-07__3012810ee92e.npy
SAT_Competition2009/CRAFTED/Medium/contest05/others/QG7a-gensys-ukn005.sat05-3845.reshuffled-07.cnf,QG7a-gensys-ukn005.sat05-3845.reshuffled-07,/Users/herreran/Documents/Universidad/practica-invg/data/sat/instances/sc2012-hard-combinatorial/Hard Combinatorial SAT+UNSAT/SATCompetition2007/crafted/Medium/contest05/others/QG7a-gensys-ukn005.sat05-3845.reshuffled-07.cnf,5000.0,ebminisat,1.8,2.76,5.26,1200.0,32.57,0.95,19.83,1.24,22.51,19.39,11.6,1200.0,29.01,50.1,32.03,50.4,1.44,60.82,3.22,6.92,10.58,2.12,25.33,99.0,25.99,64.55,38.84,837.92,71.62,260.0,338.11,ok,ok,ok,timeout,ok,ok,ok,ok,ok,ok,ok,timeout,ok,ok,ok,ok,ok,ok,ok,ok,ok,ok,ok,ok,ok,ok,ok,ok,ok,ok,ok,/Users/herreran/Documents/Universidad/practica-invg/data/sat/datasets/sat_cnn_data_images/images/QG7a-gensys-ukn005.sat05-3845.reshuffled-07__a1b224b68f6f.npy
SAT_Competition2009/CRAFTED/Medium/contest05/others/QG8-gensys-ukn005.sat05-3584.reshuffled-07.cnf,QG8-gensys-ukn005.sat05-3584.reshuffled-07,/Users/herreran/Documents/Universidad/practica-invg/data/sat/instances/sc2012-hard-combinatorial/Hard Combinatorial SAT+UNSAT/SATCompetition2007/crafted/Medium/contest05/others/QG8-gensys-ukn005.sat05-3584.reshuffled-07.cnf,5000.0,precosat,73.68,17.45,18.19,1200.0,58.69,31.38,55.59,48.19,1200.0,11.76,54.37,226.8,54.72,81.71,20.29,85.39,24.58,51.72,8.59,40.12,82.16,46.16,49.61,1200.0,1200.0,1200.0,229.4,1200.0,91.92,112.86,1200.0,ok,ok,ok,timeout,ok,ok,ok,ok,timeout,ok,ok,ok,ok,ok,ok,ok,ok,ok,ok,ok,ok,ok,ok,timeout,timeout,timeout,ok,timeout,ok,ok,timeout,/Users/herreran/Documents/Universidad/practica-invg/data/sat/datasets/sat_cnn_data_images/images/QG8-gensys-ukn005.sat05-3584.reshuffled-07__f7ca712d2691.npy
SAT_Competition2009/CRAFTED/Medium/contest05/others/pmg-11-UNSAT.sat05-3939.reshuffled-07.cnf,pmg-11-UNSAT.sat05-3939.reshuffled-07,/Users/herreran/Documents/Universidad/practica-invg/data/sat/instances/sc2012-hard-combinatorial/Hard Combinatorial SAT+UNSAT/SATCompetition2007/crafted/Medium/contest05/others/pmg-11-UNSAT.sat05-3939.reshuffled-07.cnf,5000.0,mphaseSAT,174.05,234.2,1200.0,1200.0,1200.0,896.26,1200.0,1200.0,1200.0,1200.0,1200.0,132.23,1200.0,0.02,0.1,0.02,205.46,220.57,1200.0,1200.0,1200.0,1123.84,1200.0,1200.0,1200.0,1200.0,1200.0,1200.0,763.74,1200.0,1200.0,ok,ok,timeout,timeout,timeout,ok,timeout,timeout,timeout,timeout,timeout,ok,timeout,ok,ok,ok,ok,ok,timeout,timeout,timeout,ok,timeout,timeout,timeout,timeout,timeout,timeout,ok,timeout,timeout,/Users/herreran/Documents/Universidad/practica-invg/data/sat/datasets/sat_cnn_data_images/images/pmg-11-UNSAT.sat05-3939.reshuffled-07__f0ac91532a9b.npy
SAT_Competition2009/CRAFTED/Medium/contest05/pebbling/unsat-grid-pbl-0080.sat05-1344.reshuffled-07.cnf,unsat-grid-pbl-0080.sat05-1344.reshuffled-07,/Users/herreran/Documents/Universidad/practica-invg/data/sat/instances/sc2012-hard-combinatorial/Hard Combinatorial SAT+UNSAT/SATCompetition2007/crafted/Medium/contest05/pebbling/unsat-grid-pbl-0080.sat05-1344.reshuffled-07.cnf,5000.0,clasp1,0.02,0.02,0.48,1200.0,0.23,0.03,0.2,0.02,1200.0,0.21,0.03,1200.0,0.26,0.06,0.18,0.05,0.02,3.53,0.05,0.87,0.31,0.03,0.51,1200.0,1200.0,1200.0,387.24,1200.0,1073.19,482.4,1200.0,ok,ok,ok,timeout,ok,ok,ok,ok,timeout,ok,ok,timeout,ok,ok,ok,ok,ok,ok,ok,ok,ok,ok,ok,timeout,timeout,timeout,ok,timeout,ok,ok,timeout,/Users/herreran/Documents/Universidad/practica-invg/data/sat/datasets/sat_cnn_data_images/images/unsat-grid-pbl-0080.sat05-1344.reshuffled-07__58ab817df5b5.npy
SAT_Competition2009/CRAFTED/Medium/contest05/pebbling/unsat-pbl-00080.sat05-1325.reshuffled-07.cnf,unsat-pbl-00080.sat05-1325.reshuffled-07,/Users/herreran/Documents/Universidad/practica-invg/data/sat/instances/sc2012-hard-combinatorial/Hard Combinatorial SAT+UNSAT/SATCompetition2007/crafted/Medium/contest05/pebbling/unsat-pbl-00080.sat05-1325.reshuffled-07.cnf,5000.0,clasp2,0.11,0.1,0.46,1200.0,12.3,0.17,5.37,0.17,1200.0,0.58,0.17,1200.0,0.26,5.62,7.07,5.61,0.24,0.33,0.18,0.68,0.82,0.17,0.19,1200.0,1200.0,1200.0,29.49,1200.0,1200.0,12.18,1200.0,ok,ok,ok,timeout,ok,ok,ok,ok,timeout,ok,ok,timeout,ok,ok,ok,ok,ok,ok,ok,ok,ok,ok,ok,timeout,timeout,timeout,ok,timeout,timeout,ok,timeout,/Users/herreran/Documents/Universidad/practica-invg/data/sat/datasets/sat_cnn_data_images/images/unsat-pbl-00080.sat05-1325.reshuffled-07__6d4e6c68246b.npy
SAT_Competition2009/CRAFTED/Medium/contest05/pebbling/unsat-pbl-00090.sat05-1326.reshuffled-07.cnf,unsat-pbl-00090.sat05-1326.reshuffled-07,/Users/herreran/Documents/Universidad/practica-invg/data/sat/instances/sc2012-hard-combinatorial/Hard Combinatorial SAT+UNSAT/SATCompetition2007/crafted/Medium/contest05/pebbling/unsat-pbl-00090.sat05-1326.reshuffled-07.cnf,5000.0,clasp2,0.07,0.06,0.3,1200.0,1.1,0.09,0.25,0.09,1200.0,0.53,0.09,1200.0,0.22,2.19,3.03,2.19,0.12,0.07,0.24,0.5,0.23,0.09,0.1,1200.0,1200.0,1200.0,3.06,1200.0,1200.0,52.38,1200.0,ok,ok,ok,timeout,ok,ok,ok,ok,timeout,ok,ok,timeout,ok,ok,ok,ok,ok,ok,ok,ok,ok,ok,ok,timeout,timeout,timeout,ok,timeout,timeout,ok,timeout,/Users/herreran/Documents/Universidad/practica-invg/data/sat/datasets/sat_cnn_data_images/images/unsat-pbl-00090.sat05-1326.reshuffled-07__d3eaf1775244.npy
SAT_Competition2009/CRAFTED/Medium/contest05/sabharwal/counting-clqcolor-unsat-set-b-clqcolor-08-06-07.sat05-1257.reshuffled-07.cnf,counting-clqcolor-unsat-set-b-clqcolor-08-06-07.sat05-1257.reshuffled-07,/Users/herreran/Documents/Universidad/practica-invg/data/sat/instances/sc2012-hard-combinatorial/Hard Combinatorial SAT+UNSAT/SATCompetition2007/crafted/Medium/contest05/sabharwal/counting-clqcolor-unsat-set-b-clqcolor-08-06-07.sat05-1257.reshuffled-07.cnf,5000.0,sol,4.47,3.15,6.76,1200.0,7.27,5.51,3.68,5.85,1200.0,10.59,114.63,1200.0,5.11,4.63,11.08,4.55,10.34,10.72,5.36,5.9,11.21,10.32,207.39,1200.0,1200.0,1200.0,0.35,1200.0,497.22,25.46,1200.0,ok,ok,ok,timeout,ok,ok,ok,ok,timeout,ok,ok,timeout,ok,ok,ok,ok,ok,ok,ok,ok,ok,ok,ok,timeout,timeout,timeout,ok,timeout,ok,ok,timeout,/Users/herreran/Documents/Universidad/practica-invg/data/sat/datasets/sat_cnn_data_images/images/counting-clqcolor-unsat-set-b-clqcolor-08-06-07.sat05-1257.reshuffled-07__a2b58eea000d.npy
SAT_Competition2009/CRAFTED/Medium/contest05/sabharwal/counting-easier-php-012-010.sat05-1172.reshuffled-07.cnf,counting-easier-php-012-010.sat05-1172.reshuffled-07,/Users/herreran/Documents/Universidad/practica-invg/data/sat/instances/sc2012-hard-combinatorial/Hard Combinatorial SAT+UNSAT/SATCompetition2007/crafted/Medium/contest05/sabharwal/counting-easier-php-012-010.sat05-1172.reshuffled-07.cnf,5000.0,sol,47.62,64.18,237.08,1200.0,256.46,409.34,135.42,1200.0,1200.0,1200.0,1080.23,27.92,553.93,179.47,172.67,178.49,639.82,894.39,911.43,166.45,833.3,505.8,448.24,1200.0,1200.0,1200.0,0.19,1200.0,139.77,268.18,1200.0,ok,ok,ok,timeout,ok,ok,ok,timeout,timeout,timeout,ok,ok,ok,ok,ok,ok,ok,ok,ok,ok,ok,ok,ok,timeout,timeout,timeout,ok,timeout,ok,ok,timeout,/Users/herreran/Documents/Universidad/practica-invg/data/sat/datasets/sat_cnn_data_images/images/counting-easier-php-012-010.sat05-1172.reshuffled-07__9ed07b2346de.npy
SAT_Competition2009/CRAFTED/Medium/contest05/sabharwal/sat-strips-gripper-12t23.sat05-1144.reshuffled-07.cnf,sat-strips-gripper-12t23.sat05-1144.reshuffled-07,/Users/herreran/Documents/Universidad/practica-invg/data/sat/instances/sc2012-hard-combinatorial/Hard Combinatorial SAT+UNSAT/SATCompetition2007/crafted/Medium/contest05/sabharwal/sat-strips-gripper-12t23.sat05-1144.reshuffled-07.cnf,5000.0,glucose2,4.83,10.35,1.73,1200.0,1.28,1.43,0.95,1.44,1200.0,2.27,0.98,1200.0,0.97,2.58,2.17,2.32,1.55,1.39,2.2,1.7,1.14,1.25,4.93,1200.0,1200.0,1200.0,216.1,1200.0,216.52,1200.0,1200.0,ok,ok,ok,timeout,ok,ok,ok,ok,timeout,ok,ok,timeout,ok,ok,ok,ok,ok,ok,ok,ok,ok,ok,ok,timeout,timeout,timeout,ok,timeout,ok,timeout,timeout,/Users/herreran/Documents/Universidad/practica-invg/data/sat/datasets/sat_cnn_data_images/images/sat-strips-gripper-12t23.sat05-1144.reshuffled-07__74181bf3d30e.npy
SAT_Competition2009/CRAFTED/edgematching/all/em_11_3_4_all.cnf,em_11_3_4_all,/Users/herreran/Documents/Universidad/practica-invg/data/sat/instances/sc2012-hard-combinatorial/Hard Combinatorial SAT+UNSAT/SATCompetition2009/crafted/SAT09/CRAFTED/edgematching/all/em_11_3_4_all.cnf,5000.0,picosat,90.47,160.25,31.42,1200.0,28.67,15.17,1200.0,7.12,279.38,18.21,500.91,1200.0,13.17,3.91,16.82,5.75,14.2,3.46,12.94,34.06,15.63,186.36,217.34,21.21,15.52,3.57,203.17,61.92,17.37,5.41,21.5,ok,ok,ok,timeout,ok,ok,timeout,ok,ok,ok,ok,timeout,ok,ok,ok,ok,ok,ok,ok,ok,ok,ok,ok,ok,ok,ok,ok,ok,ok,ok,ok,/Users/herreran/Documents/Universidad/practica-invg/data/sat/datasets/sat_cnn_data_images/images/em_11_3_4_all__3c42e7df3171.npy
SAT_Competition2009/CRAFTED/edgematching/all/em_12_2_4_all.cnf,em_12_2_4_all,/Users/herreran/Documents/Universidad/practica-invg/data/sat/instances/sc2012-hard-combinatorial/Hard Combinatorial SAT+UNSAT/SATCompetition2009/crafted/SAT09/CRAFTED/edgematching/all/em_12_2_4_all.cnf,5000.0,picosat,77.58,37.32,152.24,1200.0,59.22,42.55,35.61,3.69,1200.0,28.39,229.41,1200.0,22.63,11.8,36.32,12.32,5.04,1.18,56.38,109.38,14.94,43.82,226.84,6.13,6.49,7.07,126.59,1.37,270.63,5.82,44.02,ok,ok,ok,timeout,ok,ok,ok,ok,timeout,ok,ok,timeout,ok,ok,ok,ok,ok,ok,ok,ok,ok,ok,ok,ok,ok,ok,ok,ok,ok,ok,ok,/Users/herreran/Documents/Universidad/practica-invg/data/sat/datasets/sat_cnn_data_images/images/em_12_2_4_all__ab417f209079.npy
SAT_Competition2009/CRAFTED/edgematching/all/em_14_7_3_all.cnf,em_14_7_3_all,/Users/herreran/Documents/Universidad/practica-invg/data/sat/instances/sc2012-hard-combinatorial/Hard Combinatorial SAT+UNSAT/SATCompetition2009/crafted/SAT09/CRAFTED/edgematching/all/em_14_7_3_all.cnf,5000.0,ebminisat,89.43,3.89,11.74,1200.0,17.18,3.33,18.32,6.93,1200.0,17.68,68.46,1200.0,19.38,13.99,4.35,13.92,9.5,7.18,14.69,18.26,16.34,11.24,10.45,17.16,17.03,20.66,432.36,596.02,3.74,9.34,21.38,ok,ok,ok,timeout,ok,ok,ok,ok,timeout,ok,ok,timeout,ok,ok,ok,ok,ok,ok,ok,ok,ok,ok,ok,ok,ok,ok,ok,ok,ok,ok,ok,/Users/herreran/Documents/Universidad/practica-invg/data/sat/datasets/sat_cnn_data_images/images/em_14_7_3_all__026c0b319164.npy
SAT_Competition2009/CRAFTED/edgematching/all/em_7_3_6_all.cnf,em_7_3_6_all,/Users/herreran/Documents/Universidad/practica-invg/data/sat/instances/sc2012-hard-combinatorial/Hard Combinatorial SAT+UNSAT/SATCompetition2009/crafted/SAT09/CRAFTED/edgematching/all/em_7_3_6_all.cnf,5000.0,minisatpsm,3.42,3.96,11.42,1200.0,10.05,9.58,1.75,7.09,1200.0,14.62,12.18,1200.0,1.05,23.14,8.46,23.38,5.66,7.54,17.81,8.4,9.21,26.5,8.03,27.66,36.07,5.18,4.63,73.26,2.8,25.01,13.63,ok,ok,ok,timeout,ok,ok,ok,ok,timeout,ok,ok,timeout,ok,ok,ok,ok,ok,ok,ok,ok,ok,ok,ok,ok,ok,ok,ok,ok,ok,ok,ok,/Users/herreran/Documents/Universidad/practica-invg/data/sat/datasets/sat_cnn_data_images/images/em_7_3_6_all__38143e3f8622.npy
SAT_Competition2009/CRAFTED/edgematching/all/em_7_4_8_all.cnf,em_7_4_8_all,/Users/herreran/Documents/Universidad/practica-invg/data/sat/instances/sc2012-hard-combinatorial/Hard Combinatorial SAT+UNSAT/SATCompetition2009/crafted/SAT09/CRAFTED/edgematching/all/em_7_4_8_all.cnf,5000.0,picosat,16.8,7.11,19.59,1200.0,71.69,264.99,45.89,174.07,1200.0,1010.96,594.68,1200.0,719.54,27.79,76.87,27.52,163.6,0.02,36.0,127.34,180.2,85.07,67.31,87.57,117.42,998.09,155.62,833.3,27.48,1200.0,1179.1,ok,ok,ok,timeout,ok,ok,ok,ok,timeout,ok,ok,timeout,ok,ok,ok,ok,ok,ok,ok,ok,ok,ok,ok,ok,ok,ok,ok,ok,ok,timeout,ok,/Users/herreran/Documents/Universidad/practica-invg/data/sat/datasets/sat_cnn_data_images/images/em_7_4_8_all__735551a3c141.npy
SAT_Competition2009/CRAFTED/edgematching/all/em_7_4_9_all.cnf,em_7_4_9_all,/Users/herreran/Documents/Universidad/practica-invg/data/sat/instances/sc2012-hard-combinatorial/Hard Combinatorial SAT+UNSAT/SATCompetition2009/crafted/SAT09/CRAFTED/edgematching/all/em_7_4_9_all.cnf,5000.0,spear-hw,12.52,2.9,0.27,1200.0,2.35,1.17,0.95,1.61,1200.0,25.55,0.75,1200.0,6.14,9.55,4.45,9.83,2.99,4.7,11.41,0.61,11.58,1.42,36.73,692.03,228.64,118.43,10.9,953.33,0.18,20.61,359.43,ok,ok,ok,timeout,ok,ok,ok,ok,timeout,ok,ok,timeout,ok,ok,ok,ok,ok,ok,ok,ok,ok,ok,ok,ok,ok,ok,ok,ok,ok,ok,ok,/Users/herreran/Documents/Universidad/practica-invg/data/sat/datasets/sat_cnn_data_images/images/em_7_4_9_all__174eeaef04f2.npy
SAT_Competition2009/CRAFTED/edgematching/all/em_8_4_5_all.cnf,em_8_4_5_all,/Users/herreran/Documents/Universidad/practica-invg/data/sat/instances/sc2012-hard-combinatorial/Hard Combinatorial SAT+UNSAT/SATCompetition2011/crafted/SAT09/CRAFTED/edgematching/all/em_8_4_5_all.cnf,5000.0,clasp1,1.57,8.35,5.91,1200.0,53.76,96.74,27.81,24.08,1200.0,154.03,157.74,1200.0,3.05,19.64,4.18,19.68,43.64,19.89,62.04,22.08,16.29,12.3,73.76,277.34,56.42,17.61,24.66,17.04,16.23,4.46,128.65,ok,ok,ok,timeout,ok,ok,ok,ok,timeout,ok,ok,timeout,ok,ok,ok,ok,ok,ok,ok,ok,ok,ok,ok,ok,ok,ok,ok,ok,ok,ok,ok,/Users/herreran/Documents/Universidad/practica-invg/data/sat/datasets/sat_cnn_data_images/images/em_8_4_5_all__354af60b66c8.npy
SAT_Competition2009/CRAFTED/edgematching/compact/em_11_3_4_cmp.cnf,em_11_3_4_cmp,/Users/herreran/Documents/Universidad/practica-invg/data/sat/instances/sc2012-hard-combinatorial/Hard Combinatorial SAT+UNSAT/SATCompetition2011/crafted/SAT09/CRAFTED/edgematching/compact/em_11_3_4_cmp.cnf,5000.0,mphaseSAT64,1200.0,1200.0,1200.0,1200.0,1200.0,1200.0,1200.0,1200.0,1200.0,1200.0,1200.0,1200.0,1165.93,474.01,148.17,481.45,1200.0,1200.0,1200.0,1200.0,1200.0,1200.0,1200.0,1200.0,1200.0,1200.0,1200.0,1200.0,1200.0,1200.0,1200.0,timeout,timeout,timeout,timeout,timeout,timeout,timeout,timeout,timeout,timeout,timeout,timeout,ok,ok,ok,ok,timeout,timeout,timeout,timeout,timeout,timeout,timeout,timeout,timeout,timeout,timeout,timeout,timeout,timeout,timeout,/Users/herreran/Documents/Universidad/practica-invg/data/sat/datasets/sat_cnn_data_images/images/em_11_3_4_cmp__b0aac07fbee3.npy
SAT_Competition2009/CRAFTED/edgematching/compact/em_12_2_4_cmp.cnf,em_12_2_4_cmp,/Users/herreran/Documents/Universidad/practica-invg/data/sat/instances/sc2012-hard-combinatorial/Hard Combinatorial SAT+UNSAT/SATCompetition2011/crafted/SAT09/CRAFTED/edgematching/compact/em_12_2_4_cmp.cnf,5000.0,mphaseSATm,1200.0,1200.0,1200.0,1200.0,1200.0,1200.0,1200.0,1200.0,1200.0,1200.0,1200.0,1200.0,1200.0,68.4,182.39,67.75,1200.0,1200.0,1200.0,1200.0,1200.0,1200.0,1200.0,1200.0,1200.0,1200.0,1200.0,1200.0,1200.0,1200.0,1200.0,timeout,timeout,timeout,timeout,timeout,timeout,timeout,timeout,timeout,timeout,timeout,timeout,timeout,ok,ok,ok,timeout,timeout,timeout,timeout,timeout,timeout,timeout,timeout,timeout,timeout,timeout,timeout,timeout,timeout,timeout,/Users/herreran/Documents/Universidad/practica-invg/data/sat/datasets/sat_cnn_data_images/images/em_12_2_4_cmp__e677d6b51e4b.npy
SAT_Competition2009/CRAFTED/edgematching/compact/em_14_7_3_cmp.cnf,em_14_7_3_cmp,/Users/herreran/Documents/Universidad/practica-invg/data/sat/instances/sc2012-hard-combinatorial/Hard Combinatorial SAT+UNSAT/SATCompetition2009/crafted/SAT09/CRAFTED/edgematching/compact/em_14_7_3_cmp.cnf,5000.0,sparrow,1200.0,1200.0,1200.0,1200.0,1200.0,1200.0,1200.0,1200.0,1200.0,1200.0,1200.0,1200.0,1200.0,59.59,360.19,51.48,1200.0,1200.0,221.54,1200.0,1200.0,1200.0,1200.0,43.9,42.96,9.09,1200.0,1.69,1200.0,1200.0,1200.0,timeout,timeout,timeout,timeout,timeout,timeout,timeout,timeout,timeout,timeout,timeout,timeout,timeout,ok,ok,ok,timeout,timeout,ok,timeout,timeout,timeout,timeout,ok,ok,ok,timeout,ok,timeout,timeout,timeout,/Users/herreran/Documents/Universidad/practica-invg/data/sat/datasets/sat_cnn_data_images/images/em_14_7_3_cmp__11efcffcc4f6.npy
SAT_Competition2009/CRAFTED/edgematching/compact/em_7_3_6_cmp.cnf,em_7_3_6_cmp,/Users/herreran/Documents/Universidad/practica-invg/data/sat/instances/sc2012-hard-combinatorial/Hard Combinatorial SAT+UNSAT/SATCompetition2011/crafted/SAT09/CRAFTED/edgematching/compact/em_7_3_6_cmp.cnf,5000.0,mphaseSAT64,1200.0,193.06,1200.0,1200.0,1200.0,1020.94,179.43,1200.0,1200.0,1200.0,1200.0,1200.0,1200.0,22.04,10.58,22.21,1078.13,575.31,1139.46,1200.0,1200.0,1200.0,1200.0,247.67,590.43,17.5,1200.0,102.37,1200.0,1200.0,35.44,timeout,ok,timeout,timeout,timeout,ok,ok,timeout,timeout,timeout,timeout,timeout,timeout,ok,ok,ok,ok,ok,ok,timeout,timeout,timeout,timeout,ok,ok,ok,timeout,ok,timeout,timeout,ok,/Users/herreran/Documents/Universidad/practica-invg/data/sat/datasets/sat_cnn_data_images/images/em_7_3_6_cmp__6875fd7fb825.npy
SAT_Competition2009/CRAFTED/edgematching/compact/em_7_4_8_cmp.cnf,em_7_4_8_cmp,/Users/herreran/Documents/Universidad/practica-invg/data/sat/instances/sc2012-hard-combinatorial/Hard Combinatorial SAT+UNSAT/SATCompetition2009/crafted/SAT09/CRAFTED/edgematching/compact/em_7_4_8_cmp.cnf,5000.0,picosat,1200.0,170.34,859.05,1200.0,1200.0,1200.0,100.77,1200.0,1200.0,1200.0,1200.0,1200.0,1200.0,56.33,160.11,56.9,1200.0,0.01,1200.0,1200.0,1200.0,1200.0,1200.0,464.63,60.02,172.57,1200.0,1200.0,1200.0,1200.0,1200.0,timeout,ok,ok,timeout,timeout,timeout,ok,timeout,timeout,timeout,timeout,timeout,timeout,ok,ok,ok,timeout,ok,timeout,timeout,timeout,timeout,timeout,ok,ok,ok,timeout,timeout,timeout,timeout,timeout,/Users/herreran/Documents/Universidad/practica-invg/data/sat/datasets/sat_cnn_data_images/images/em_7_4_8_cmp__efd86bfa9133.npy
SAT_Competition2009/CRAFTED/edgematching/compact/em_7_4_9_cmp.cnf,em_7_4_9_cmp,/Users/herreran/Documents/Universidad/practica-invg/data/sat/instances/sc2012-hard-combinatorial/Hard Combinatorial SAT+UNSAT/SATCompetition2009/crafted/SAT09/CRAFTED/edgematching/compact/em_7_4_9_cmp.cnf,5000.0,mphaseSAT,19.76,105.01,2.1,1200.0,9.59,22.21,21.03,3.22,1200.0,57.56,82.65,1200.0,4.55,1.81,8.81,1.89,19.62,20.66,64.89,2.6,109.92,25.04,8.92,680.82,1200.0,670.92,72.49,1200.0,73.5,570.31,743.73,ok,ok,ok,timeout,ok,ok,ok,ok,timeout,ok,ok,timeout,ok,ok,ok,ok,ok,ok,ok,ok,ok,ok,ok,ok,timeout,ok,ok,timeout,ok,ok,ok,/Users/herreran/Documents/Universidad/practica-invg/data/sat/datasets/sat_cnn_data_images/images/em_7_4_9_cmp__f09b92a89578.npy
SAT_Competition2009/CRAFTED/edgematching/compact/em_8_4_5_cmp.cnf,em_8_4_5_cmp,/Users/herreran/Documents/Universidad/practica-invg/data/sat/instances/sc2012-hard-combinatorial/Hard Combinatorial SAT+UNSAT/SATCompetition2009/crafted/SAT09/CRAFTED/edgematching/compact/em_8_4_5_cmp.cnf,5000.0,mphaseSAT64,1200.0,1200.0,1200.0,1200.0,1200.0,1200.0,1200.0,1200.0,1200.0,1200.0,1200.0,1200.0,1200.0,36.9,30.36,36.96,1200.0,553.21,187.87,1200.0,1200.0,1125.57,1200.0,257.27,149.17,58.43,1200.0,611.69,1200.0,1200.0,1200.0,timeout,timeout,timeout,timeout,timeout,timeout,timeout,timeout,timeout,timeout,timeout,timeout,timeout,ok,ok,ok,timeout,ok,ok,timeout,timeout,ok,timeout,ok,ok,ok,timeout,ok,timeout,timeout,timeout,/Users/herreran/Documents/Universidad/practica-invg/data/sat/datasets/sat_cnn_data_images/images/em_8_4_5_cmp__32466f8ec5e0.npy
SAT_Competition2009/CRAFTED/edgematching/compact/em_9_3_5_cmp.cnf,em_9_3_5_cmp,/Users/herreran/Documents/Universidad/practica-invg/data/sat/instances/sc2012-hard-combinatorial/Hard Combinatorial SAT+UNSAT/SATCompetition2009/crafted/SAT09/CRAFTED/edgematching/compact/em_9_3_5_cmp.cnf,5000.0,mphaseSAT64,1200.0,1200.0,1200.0,1200.0,1200.0,1200.0,1200.0,1200.0,1200.0,1200.0,1200.0,1200.0,1200.0,64.81,44.3,81.45,1200.0,1200.0,1200.0,1200.0,1200.0,1200.0,1200.0,759.32,1200.0,1200.0,1200.0,1200.0,1200.0,1200.0,1200.0,timeout,timeout,timeout,timeout,timeout,timeout,timeout,timeout,timeout,timeout,timeout,timeout,timeout,ok,ok,ok,timeout,timeout,timeout,timeout,timeout,timeout,timeout,ok,timeout,timeout,timeout,timeout,timeout,timeout,timeout,/Users/herreran/Documents/Universidad/practica-invg/data/sat/datasets/sat_cnn_data_images/images/em_9_3_5_cmp__c84f7427a0b1.npy
SAT_Competition2009/CRAFTED/edgematching/explicit/em_11_3_4_exp.cnf,em_11_3_4_exp,/Users/herreran/Documents/Universidad/practica-invg/data/sat/instances/sc2012-hard-combinatorial/Hard Combinatorial SAT+UNSAT/SATCompetition2009/crafted/SAT09/CRAFTED/edgematching/explicit/em_11_3_4_exp.cnf,5000.0,sattime,638.42,901.33,154.26,1200.0,111.01,77.83,48.09,136.35,1200.0,20.45,651.56,1200.0,32.61,263.98,192.6,318.11,26.43,105.18,170.29,190.07,21.54,30.57,13.67,6.4,2.93,6.28,452.59,91.96,148.33,16.65,75.32,ok,ok,ok,timeout,ok,ok,ok,ok,timeout,ok,ok,timeout,ok,ok,ok,ok,ok,ok,ok,ok,ok,ok,ok,ok,ok,ok,ok,ok,ok,ok,ok,/Users/herreran/Documents/Universidad/practica-invg/data/sat/datasets/sat_cnn_data_images/images/em_11_3_4_exp__d54df3924ac6.npy
SAT_Competition2009/CRAFTED/edgematching/explicit/em_12_2_4_exp.cnf,em_12_2_4_exp,/Users/herreran/Documents/Universidad/practica-invg/data/sat/instances/sc2012-hard-combinatorial/Hard Combinatorial SAT+UNSAT/SATCompetition2009/crafted/SAT09/CRAFTED/edgematching/explicit/em_12_2_4_exp.cnf,5000.0,sattimep,1200.0,1200.0,605.04,1200.0,404.87,59.19,11.93,92.35,18.99,220.47,382.65,1200.0,85.05,118.13,132.93,123.05,72.79,109.14,140.42,355.24,47.17,1200.0,1200.0,9.93,5.49,4.93,344.27,47.11,1055.28,1200.0,24.43,timeout,timeout,ok,timeout,ok,ok,ok,ok,ok,ok,ok,timeout,ok,ok,ok,ok,ok,ok,ok,ok,ok,timeout,timeout,ok,ok,ok,ok,ok,ok,timeout,ok,/Users/herreran/Documents/Universidad/practica-invg/data/sat/datasets/sat_cnn_data_images/images/em_12_2_4_exp__aa59e58e9b31.npy
SAT_Competition2009/CRAFTED/edgematching/explicit/em_7_3_6_exp.cnf,em_7_3_6_exp,/Users/herreran/Documents/Universidad/practica-invg/data/sat/instances/sc2012-hard-combinatorial/Hard Combinatorial SAT+UNSAT/SATCompetition2009/crafted/SAT09/CRAFTED/edgematching/explicit/em_7_3_6_exp.cnf,5000.0,precosat,3.52,3.98,12.68,1200.0,2.84,5.7,2.13,6.48,1200.0,25.61,5.69,1200.0,18.25,6.84,20.63,6.91,20.45,25.06,1.77,5.26,15.09,23.73,30.39,103.79,31.71,14.61,28.57,96.77,25.73,9.5,482.73,ok,ok,ok,timeout,ok,ok,ok,ok,timeout,ok,ok,timeout,ok,ok,ok,ok,ok,ok,ok,ok,ok,ok,ok,ok,ok,ok,ok,ok,ok,ok,ok,/Users/herreran/Documents/Universidad/practica-invg/data/sat/datasets/sat_cnn_data_images/images/em_7_3_6_exp__a815fd2b71c0.npy
SAT_Competition2009/CRAFTED/edgematching/explicit/em_7_4_8_exp.cnf,em_7_4_8_exp,/Users/herreran/Documents/Universidad/practica-invg/data/sat/instances/sc2012-hard-combinatorial/Hard Combinatorial SAT+UNSAT/SATCompetition2009/crafted/SAT09/CRAFTED/edgematching/explicit/em_7_4_8_exp.cnf,5000.0,picosat,26.64,47.29,46.29,1200.0,147.63,97.46,45.68,160.44,1200.0,144.43,172.69,1200.0,263.96,30.57,95.15,21.65,105.57,0.01,42.37,149.71,253.57,231.63,750.08,475.47,1200.0,787.22,452.12,1200.0,130.38,240.85,1200.0,ok,ok,ok,timeout,ok,ok,ok,ok,timeout,ok,ok,timeout,ok,ok,ok,ok,ok,ok,ok,ok,ok,ok,ok,ok,timeout,ok,ok,timeout,ok,ok,timeout,/Users/herreran/Documents/Universidad/practica-invg/data/sat/datasets/sat_cnn_data_images/images/em_7_4_8_exp__4d1070133235.npy
SAT_Competition2009/CRAFTED/edgematching/explicit/em_7_4_9_exp.cnf,em_7_4_9_exp,/Users/herreran/Documents/Universidad/practica-invg/data/sat/instances/sc2012-hard-combinatorial/Hard Combinatorial SAT+UNSAT/SATCompetition2009/crafted/SAT09/CRAFTED/edgematching/explicit/em_7_4_9_exp.cnf,5000.0,qutersat,16.67,7.21,2.76,1200.0,19.64,36.12,6.16,2.19,1200.0,16.79,11.7,1200.0,2.75,18.95,5.73,17.91,13.61,1.32,7.43,1.23,129.24,8.62,12.16,397.29,1200.0,1200.0,34.74,317.42,106.22,72.8,1200.0,ok,ok,ok,timeout,ok,ok,ok,ok,timeout,ok,ok,timeout,ok,ok,ok,ok,ok,ok,ok,ok,ok,ok,ok,ok,timeout,timeout,ok,ok,ok,ok,timeout,/Users/herreran/Documents/Universidad/practica-invg/data/sat/datasets/sat_cnn_data_images/images/em_7_4_9_exp__2ef1fde18ff3.npy
SAT_Competition2009/CRAFTED/edgematching/explicit/em_8_4_5_exp.cnf,em_8_4_5_exp,/Users/herreran/Documents/Universidad/practica-invg/data/sat/instances/sc2012-hard-combinatorial/Hard Combinatorial SAT+UNSAT/SATCompetition2009/crafted/SAT09/CRAFTED/edgematching/explicit/em_8_4_5_exp.cnf,5000.0,clasp1,10.03,23.05,11.09,1200.0,50.47,42.72,11.45,20.23,1200.0,51.98,657.09,1200.0,52.11,77.65,77.45,75.31,68.11,115.0,16.68,16.08,17.65,54.33,14.49,13.21,26.54,85.31,156.45,161.97,36.51,47.13,78.02,ok,ok,ok,timeout,ok,ok,ok,ok,timeout,ok,ok,timeout,ok,ok,ok,ok,ok,ok,ok,ok,ok,ok,ok,ok,ok,ok,ok,ok,ok,ok,ok,/Users/herreran/Documents/Universidad/practica-invg/data/sat/datasets/sat_cnn_data_images/images/em_8_4_5_exp__d6792410f8c7.npy
SAT_Competition2009/CRAFTED/edgematching/explicit/em_9_3_5_exp.cnf,em_9_3_5_exp,/Users/herreran/Documents/Universidad/practica-invg/data/sat/instances/sc2012-hard-combinatorial/Hard Combinatorial SAT+UNSAT/SATCompetition2009/crafted/SAT09/CRAFTED/edgematching/explicit/em_9_3_5_exp.cnf,5000.0,glucose2,87.12,110.92,31.24,1200.0,99.56,107.41,8.59,25.38,1200.0,464.23,57.38,1200.0,48.94,152.23,106.38,150.67,316.05,147.67,28.27,38.79,236.16,66.32,41.82,508.72,754.66,110.85,1028.46,1200.0,474.32,25.69,1200.0,ok,ok,ok,timeout,ok,ok,ok,ok,timeout,ok,ok,timeout,ok,ok,ok,ok,ok,ok,ok,ok,ok,ok,ok,ok,ok,ok,ok,timeout,ok,ok,timeout,/Users/herreran/Documents/Universidad/practica-invg/data/sat/datasets/sat_cnn_data_images/images/em_9_3_5_exp__1171b4e9008f.npy
SAT_Competition2009/CRAFTED/edgematching/fbcolors/em_11_3_4_fbc.cnf,em_11_3_4_fbc,/Users/herreran/Documents/Universidad/practica-invg/data/sat/instances/sc2012-hard-combinatorial/Hard Combinatorial SAT+UNSAT/SATCompetition2009/crafted/SAT09/CRAFTED/edgematching/fbcolors/em_11_3_4_fbc.cnf,5000.0,mphaseSAT,1200.0,1200.0,1200.0,1200.0,1200.0,1200.0,1200.0,1200.0,1200.0,1200.0,1200.0,1200.0,1200.0,20.28,55.39,20.39,1200.0,1200.0,1200.0,1200.0,1200.0,1200.0,1200.0,1200.0,1200.0,1200.0,1200.0,1200.0,1200.0,1200.0,1200.0,timeout,timeout,timeout,timeout,timeout,timeout,timeout,timeout,timeout,timeout,timeout,timeout,timeout,ok,ok,ok,timeout,timeout,timeout,timeout,timeout,timeout,timeout,timeout,timeout,timeout,timeout,timeout,timeout,timeout,timeout,/Users/herreran/Documents/Universidad/practica-invg/data/sat/datasets/sat_cnn_data_images/images/em_11_3_4_fbc__1b1ae4b98b01.npy
SAT_Competition2009/CRAFTED/edgematching/fbcolors/em_12_2_4_fbc.cnf,em_12_2_4_fbc,/Users/herreran/Documents/Universidad/practica-invg/data/sat/instances/sc2012-hard-combinatorial/Hard Combinatorial SAT+UNSAT/SATCompetition2009/crafted/SAT09/CRAFTED/edgematching/fbcolors/em_12_2_4_fbc.cnf,5000.0,mphaseSAT64,1200.0,1200.0,1200.0,1200.0,1200.0,1200.0,1200.0,1200.0,1200.0,1200.0,1200.0,1200.0,1200.0,69.77,25.1,71.43,1200.0,1200.0,1200.0,1200.0,1200.0,1200.0,1200.0,1200.0,1200.0,1200.0,1200.0,1200.0,1200.0,1200.0,1200.0,timeout,timeout,timeout,timeout,timeout,timeout,timeout,timeout,timeout,timeout,timeout,timeout,timeout,ok,ok,ok,timeout,timeout,timeout,timeout,timeout,timeout,timeout,timeout,timeout,timeout,timeout,timeout,timeout,timeout,timeout,/Users/herreran/Documents/Universidad/practica-invg/data/sat/datasets/sat_cnn_data_images/images/em_12_2_4_fbc__42969d3052bd.npy
SAT_Competition2009/CRAFTED/edgematching/fbcolors/em_14_7_3_fbc.cnf,em_14_7_3_fbc,/Users/herreran/Documents/Universidad/practica-invg/data/sat/instances/sc2012-hard-combinatorial/Hard Combinatorial SAT+UNSAT/SATCompetition2009/crafted/SAT09/CRAFTED/edgematching/fbcolors/em_14_7_3_fbc.cnf,5000.0,precosat,1200.0,1200.0,1200.0,1200.0,1200.0,1200.0,1200.0,1200.0,1200.0,1200.0,1200.0,1200.0,1200.0,4.17,24.68,3.66,1200.0,1200.0,3.32,1200.0,1200.0,1200.0,1200.0,467.47,602.82,602.81,1200.0,1200.0,1200.0,1200.0,1200.0,timeout,timeout,timeout,timeout,timeout,timeout,timeout,timeout,timeout,timeout,timeout,timeout,timeout,ok,ok,ok,timeout,timeout,ok,timeout,timeout,timeout,timeout,ok,ok,ok,timeout,timeout,timeout,timeout,timeout,/Users/herreran/Documents/Universidad/practica-invg/data/sat/datasets/sat_cnn_data_images/images/em_14_7_3_fbc__f283da2f8af9.npy
SAT_Competition2009/CRAFTED/edgematching/fbcolors/em_7_3_6_fbc.cnf,em_7_3_6_fbc,/Users/herreran/Documents/Universidad/practica-invg/data/sat/instances/sc2012-hard-combinatorial/Hard Combinatorial SAT+UNSAT/SATCompetition2009/crafted/SAT09/CRAFTED/edgematching/fbcolors/em_7_3_6_fbc.cnf,5000.0,clasp1,2.58,271.64,1200.0,1200.0,154.18,737.14,222.81,1200.0,1200.0,737.61,1200.0,1200.0,504.7,4.1,2.77,4.23,228.13,254.3,1200.0,1200.0,323.52,823.58,398.16,299.7,1200.0,58.57,1200.0,206.53,1200.0,1200.0,398.83,ok,ok,timeout,timeout,ok,ok,ok,timeout,timeout,ok,timeout,timeout,ok,ok,ok,ok,ok,ok,timeout,timeout,ok,ok,ok,ok,timeout,ok,timeout,ok,timeout,timeout,ok,/Users/herreran/Documents/Universidad/practica-invg/data/sat/datasets/sat_cnn_data_images/images/em_7_3_6_fbc__a8dd60a59364.npy
SAT_Competition2009/CRAFTED/edgematching/fbcolors/em_7_4_8_fbc.cnf,em_7_4_8_fbc,/Users/herreran/Documents/Universidad/practica-invg/data/sat/instances/sc2012-hard-combinatorial/Hard Combinatorial SAT+UNSAT/SATCompetition2009/crafted/SAT09/CRAFTED/edgematching/fbcolors/em_7_4_8_fbc.cnf,5000.0,picosat,883.3,358.78,1200.0,1200.0,1200.0,1200.0,1200.0,1200.0,1200.0,1200.0,1200.0,1200.0,1200.0,0.91,21.08,0.92,1200.0,0.01,1200.0,1200.0,1200.0,1200.0,1200.0,1200.0,1200.0,72.59,1200.0,1200.0,1200.0,1200.0,1200.0,ok,ok,timeout,timeout,timeout,timeout,timeout,timeout,timeout,timeout,timeout,timeout,timeout,ok,ok,ok,timeout,ok,timeout,timeout,timeout,timeout,timeout,timeout,timeout,ok,timeout,timeout,timeout,timeout,timeout,/Users/herreran/Documents/Universidad/practica-invg/data/sat/datasets/sat_cnn_data_images/images/em_7_4_8_fbc__939c6865b0b2.npy
SAT_Competition2009/CRAFTED/edgematching/fbcolors/em_7_4_9_fbc.cnf,em_7_4_9_fbc,/Users/herreran/Documents/Universidad/practica-invg/data/sat/instances/sc2012-hard-combinatorial/Hard Combinatorial SAT+UNSAT/SATCompetition2009/crafted/SAT09/CRAFTED/edgematching/fbcolors/em_7_4_9_fbc.cnf,5000.0,glueminisat,14.19,66.99,2.26,1200.0,71.98,10.29,3.9,1.35,1200.0,32.86,163.8,1200.0,23.28,1.45,6.86,1.63,23.59,9.05,25.39,1.54,3.15,15.72,39.16,1200.0,1200.0,517.64,12.39,1174.75,183.55,312.03,1200.0,ok,ok,ok,timeout,ok,ok,ok,ok,timeout,ok,ok,timeout,ok,ok,ok,ok,ok,ok,ok,ok,ok,ok,ok,timeout,timeout,ok,ok,ok,ok,ok,timeout,/Users/herreran/Documents/Universidad/practica-invg/data/sat/datasets/sat_cnn_data_images/images/em_7_4_9_fbc__c8ef3596ba15.npy
SAT_Competition2009/CRAFTED/edgematching/fbcolors/em_8_4_5_fbc.cnf,em_8_4_5_fbc,/Users/herreran/Documents/Universidad/practica-invg/data/sat/instances/sc2012-hard-combinatorial/Hard Combinatorial SAT+UNSAT/SATCompetition2011/crafted/SAT09/CRAFTED/edgematching/fbcolors/em_8_4_5_fbc.cnf,5000.0,mphaseSAT64,1200.0,1061.83,1200.0,1200.0,1200.0,1200.0,1200.0,1200.0,1200.0,1200.0,1200.0,1200.0,1200.0,23.4,5.34,25.38,603.17,1200.0,1200.0,1200.0,1200.0,1200.0,1200.0,1200.0,1200.0,498.94,1200.0,251.42,1200.0,1200.0,1200.0,timeout,ok,timeout,timeout,timeout,timeout,timeout,timeout,timeout,timeout,timeout,timeout,timeout,ok,ok,ok,ok,timeout,timeout,timeout,timeout,timeout,timeout,timeout,timeout,ok,timeout,ok,timeout,timeout,timeout,/Users/herreran/Documents/Universidad/practica-invg/data/sat/datasets/sat_cnn_data_images/images/em_8_4_5_fbc__b1888ddd1034.npy
SAT_Competition2009/CRAFTED/edgematching/fbcolors/em_9_3_5_fbc.cnf,em_9_3_5_fbc,/Users/herreran/Documents/Universidad/practica-invg/data/sat/instances/sc2012-hard-combinatorial/Hard Combinatorial SAT+UNSAT/SATCompetition2009/crafted/SAT09/CRAFTED/edgematching/fbcolors/em_9_3_5_fbc.cnf,5000.0,mphaseSAT64,1200.0,1200.0,1200.0,1200.0,1200.0,1200.0,1200.0,1200.0,1200.0,1200.0,1200.0,1200.0,1200.0,32.02,10.5,32.14,1200.0,1200.0,1200.0,1200.0,1200.0,1200.0,1200.0,1200.0,1200.0,1200.0,1200.0,1200.0,1200.0,1200.0,1200.0,timeout,timeout,timeout,timeout,timeout,timeout,timeout,timeout,timeout,timeout,timeout,timeout,timeout,ok,ok,ok,timeout,timeout,timeout,timeout,timeout,timeout,timeout,timeout,timeout,timeout,timeout,timeout,timeout,timeout,timeout,/Users/herreran/Documents/Universidad/practica-invg/data/sat/datasets/sat_cnn_data_images/images/em_9_3_5_fbc__160a60ecdb72.npy
SAT_Competition2009/CRAFTED/modcircuits/mod3_4vars_6gates.cnf,mod3_4vars_6gates,/Users/herreran/Documents/Universidad/practica-invg/data/sat/instances/sc2012-hard-combinatorial/Hard Combinatorial SAT+UNSAT/SATCompetition2009/crafted/SAT09/CRAFTED/modcircuits/mod3_4vars_6gates.cnf,5000.0,mxc09,215.09,200.64,1200.0,1200.0,821.61,256.08,270.69,479.71,1200.0,359.25,1200.0,1200.0,247.56,457.28,530.5,618.73,97.21,197.9,193.45,1200.0,1200.0,339.0,838.83,1200.0,1200.0,1200.0,1200.0,1200.0,1136.99,1200.0,1200.0,ok,ok,timeout,timeout,ok,ok,ok,ok,timeout,ok,timeout,timeout,ok,ok,ok,ok,ok,ok,ok,timeout,timeout,ok,ok,timeout,timeout,timeout,timeout,timeout,ok,timeout,timeout,/Users/herreran/Documents/Universidad/practica-invg/data/sat/datasets/sat_cnn_data_images/images/mod3_4vars_6gates__020ec7af7aa1.npy
SAT_Competition2009/CRAFTED/modcircuits/mod3block_2vars_10gates_u2_autoenc.cnf,mod3block_2vars_10gates_u2_autoenc,,5000.0,clasp1,1200.0,1200.0,1200.0,1200.0,1200.0,1200.0,1200.0,1200.0,1200.0,1200.0,1200.0,1200.0,1200.0,1200.0,1200.0,1200.0,1200.0,1200.0,1200.0,1200.0,1200.0,1200.0,1200.0,1200.0,1200.0,1200.0,1200.0,1200.0,1200.0,1200.0,1200.0,timeout,timeout,timeout,timeout,timeout,timeout,timeout,timeout,timeout,timeout,timeout,timeout,timeout,timeout,timeout,timeout,timeout,timeout,timeout,timeout,timeout,timeout,timeout,timeout,timeout,timeout,timeout,timeout,timeout,timeout,timeout,
SAT_Competition2009/CRAFTED/modcircuits/mod3block_2vars_11gates_u2_autoenc.cnf,mod3block_2vars_11gates_u2_autoenc,,5000.0,clasp1,1200.0,1200.0,1200.0,1200.0,1200.0,1200.0,1200.0,1200.0,1200.0,1200.0,1200.0,1200.0,1200.0,1200.0,1200.0,1200.0,1200.0,1200.0,1200.0,1200.0,1200.0,1200.0,1200.0,1200.0,1200.0,1200.0,1200.0,1200.0,1200.0,1200.0,1200.0,timeout,timeout,timeout,timeout,timeout,timeout,timeout,timeout,timeout,timeout,timeout,timeout,timeout,timeout,timeout,timeout,timeout,timeout,timeout,timeout,timeout,timeout,timeout,timeout,timeout,timeout,timeout,timeout,timeout,timeout,timeout,
SAT_Competition2009/CRAFTED/modcircuits/mod3block_2vars_9gates_u2_autoenc.cnf,mod3block_2vars_9gates_u2_autoenc,,5000.0,clasp1,1200.0,1200.0,1200.0,1200.0,1200.0,1200.0,1200.0,1200.0,1200.0,1200.0,1200.0,1200.0,1200.0,1200.0,1200.0,1200.0,1200.0,1200.0,1200.0,1200.0,1200.0,1200.0,1200.0,1200.0,1200.0,1200.0,1200.0,1200.0,1200.0,1200.0,1200.0,timeout,timeout,timeout,timeout,timeout,timeout,timeout,timeout,timeout,timeout,timeout,timeout,timeout,timeout,timeout,timeout,timeout,timeout,timeout,timeout,timeout,timeout,timeout,timeout,timeout,timeout,timeout,timeout,timeout,timeout,timeout,
SAT_Competition2009/CRAFTED/modcircuits/mod3block_3vars_9gates_restr.cnf,mod3block_3vars_9gates_restr,/Users/herreran/Documents/Universidad/practica-invg/data/sat/instances/sc2012-hard-combinatorial/Hard Combinatorial SAT+UNSAT/SATCompetition2009/crafted/SAT09/CRAFTED/modcircuits/mod3block_3vars_9gates_restr.cnf,5000.0,ebglucose,13.74,51.28,122.43,1200.0,0.8,2.29,83.53,27.25,1200.0,0.81,31.07,1200.0,40.69,51.46,14.84,47.17,2.9,291.21,4.96,5.19,4.94,23.16,1.35,1200.0,1200.0,1200.0,18.5,1200.0,12.08,170.08,1200.0,ok,ok,ok,timeout,ok,ok,ok,ok,timeout,ok,ok,timeout,ok,ok,ok,ok,ok,ok,ok,ok,ok,ok,ok,timeout,timeout,timeout,ok,timeout,ok,ok,timeout,/Users/herreran/Documents/Universidad/practica-invg/data/sat/datasets/sat_cnn_data_images/images/mod3block_3vars_9gates_restr__ee764cfcf349.npy
SAT_Competition2009/CRAFTED/modcircuits/mod3block_4vars_11gates_b2.cnf,mod3block_4vars_11gates_b2,,5000.0,clasp1,1200.0,1200.0,1200.0,1200.0,1200.0,1200.0,1200.0,1200.0,1200.0,1200.0,1200.0,1200.0,1200.0,1200.0,1200.0,1200.0,1200.0,1200.0,1200.0,1200.0,1200.0,1200.0,1200.0,1200.0,1200.0,1200.0,1200.0,1200.0,1200.0,1200.0,1200.0,timeout,timeout,timeout,timeout,timeout,timeout,timeout,timeout,timeout,timeout,timeout,timeout,timeout,timeout,timeout,timeout,timeout,timeout,timeout,timeout,timeout,timeout,timeout,timeout,timeout,timeout,timeout,timeout,timeout,timeout,timeout,
SAT_Competition2009/CRAFTED/modcircuits/mod3block_4vars_11gates_b2_restricted.cnf,mod3block_4vars_11gates_b2_restricted,,5000.0,clasp1,1200.0,1200.0,1200.0,1200.0,1200.0,1200.0,1200.0,1200.0,1200.0,1200.0,1200.0,1200.0,1200.0,1200.0,1200.0,1200.0,1200.0,1200.0,1200.0,1200.0,1200.0,1200.0,1200.0,1200.0,1200.0,1200.0,1200.0,1200.0,1200.0,1200.0,1200.0,timeout,timeout,timeout,timeout,timeout,timeout,timeout,timeout,timeout,timeout,timeout,timeout,timeout,timeout,timeout,timeout,timeout,timeout,timeout,timeout,timeout,timeout,timeout,timeout,timeout,timeout,timeout,timeout,timeout,timeout,timeout,
SAT_Competition2009/CRAFTED/modcircuits/mod3block_4vars_12gates_b2.cnf,mod3block_4vars_12gates_b2,,5000.0,clasp1,1200.0,1200.0,1200.0,1200.0,1200.0,1200.0,1200.0,1200.0,1200.0,1200.0,1200.0,1200.0,1200.0,1200.0,1200.0,1200.0,1200.0,1200.0,1200.0,1200.0,1200.0,1200.0,1200.0,1200.0,1200.0,1200.0,1200.0,1200.0,1200.0,1200.0,1200.0,timeout,timeout,timeout,timeout,timeout,timeout,timeout,timeout,timeout,timeout,timeout,timeout,timeout,timeout,timeout,timeout,timeout,timeout,timeout,timeout,timeout,timeout,timeout,timeout,timeout,timeout,timeout,timeout,timeout,timeout,timeout,
SAT_Competition2009/CRAFTED/modcircuits/mod3block_4vars_12gates_b2_restricted.cnf,mod3block_4vars_12gates_b2_restricted,,5000.0,clasp1,1200.0,1200.0,1200.0,1200.0,1200.0,1200.0,1200.0,1200.0,1200.0,1200.0,1200.0,1200.0,1200.0,1200.0,1200.0,1200.0,1200.0,1200.0,1200.0,1200.0,1200.0,1200.0,1200.0,1200.0,1200.0,1200.0,1200.0,1200.0,1200.0,1200.0,1200.0,timeout,timeout,timeout,timeout,timeout,timeout,timeout,timeout,timeout,timeout,timeout,timeout,timeout,timeout,timeout,timeout,timeout,timeout,timeout,timeout,timeout,timeout,timeout,timeout,timeout,timeout,timeout,timeout,timeout,timeout,timeout,
SAT_Competition2009/CRAFTED/modcircuits/mod4block_2vars_10gates_u2_autoenc.cnf,mod4block_2vars_10gates_u2_autoenc,,5000.0,mxc09,1200.0,1200.0,1200.0,1200.0,1200.0,499.21,1200.0,1200.0,1200.0,402.65,1200.0,1200.0,1200.0,1200.0,1200.0,1200.0,240.94,1200.0,1200.0,1200.0,1200.0,1200.0,524.57,1200.0,1200.0,1200.0,1200.0,1200.0,1200.0,1200.0,1200.0,timeout,timeout,timeout,timeout,timeout,ok,timeout,timeout,timeout,ok,timeout,timeout,timeout,timeout,timeout,timeout,ok,timeout,timeout,timeout,timeout,timeout,ok,timeout,timeout,timeout,timeout,timeout,timeout,timeout,timeout,
SAT_Competition2009/CRAFTED/modcircuits/mod4block_2vars_11gates_u2_autoenc.cnf,mod4block_2vars_11gates_u2_autoenc,/Users/herreran/Documents/Universidad/practica-invg/data/sat/instances/sc2012-hard-combinatorial/Hard Combinatorial SAT+UNSAT/SATCompetition2009/crafted/SAT09/CRAFTED/modcircuits/mod4block_2vars_11gates_u2_autoenc.cnf,5000.0,clasp1,8.67,1200.0,889.4,1200.0,1200.0,134.77,1200.0,1200.0,1200.0,357.88,1200.0,1200.0,1200.0,769.35,1200.0,914.59,942.43,1200.0,886.52,1200.0,1200.0,311.78,536.2,1200.0,1200.0,1200.0,1200.0,1200.0,1200.0,465.84,1200.0,ok,timeout,ok,timeout,timeout,ok,timeout,timeout,timeout,ok,timeout,timeout,timeout,ok,timeout,ok,ok,timeout,ok,timeout,timeout,ok,ok,timeout,timeout,timeout,timeout,timeout,timeout,ok,timeout,/Users/herreran/Documents/Universidad/practica-invg/data/sat/datasets/sat_cnn_data_images/images/mod4block_2vars_11gates_u2_autoenc__06f9c50ca4aa.npy
SAT_Competition2009/CRAFTED/modcircuits/mod4block_2vars_8gates_u2.cnf,mod4block_2vars_8gates_u2,/Users/herreran/Documents/Universidad/practica-invg/data/sat/instances/sc2012-hard-combinatorial/Hard Combinatorial SAT+UNSAT/SATCompetition2011/crafted/SAT09/CRAFTED/modcircuits/mod4block_2vars_8gates_u2.cnf,5000.0,glueminisat,1200.0,1200.0,391.01,1200.0,697.11,1200.0,1200.0,153.59,1200.0,1200.0,866.79,1200.0,1200.0,1200.0,1200.0,1200.0,1200.0,1200.0,1200.0,317.1,1200.0,1200.0,1200.0,1200.0,1200.0,1200.0,1200.0,1200.0,1200.0,1200.0,1200.0,timeout,timeout,ok,timeout,ok,timeout,timeout,ok,timeout,timeout,ok,timeout,timeout,timeout,timeout,timeout,timeout,timeout,timeout,ok,timeout,timeout,timeout,timeout,timeout,timeout,timeout,timeout,timeout,timeout,timeout,/Users/herreran/Documents/Universidad/practica-invg/data/sat/datasets/sat_cnn_data_images/images/mod4block_2vars_8gates_u2__87abbac120b8.npy
SAT_Competition2009/CRAFTED/modcircuits/mod4block_2vars_8gates_u2_autoenc.cnf,mod4block_2vars_8gates_u2_autoenc,,5000.0,clasp1,1200.0,1200.0,1200.0,1200.0,1200.0,1200.0,1200.0,1200.0,1200.0,1200.0,1200.0,1200.0,1200.0,1200.0,1200.0,1200.0,1200.0,1200.0,1200.0,1200.0,1200.0,1200.0,1200.0,1200.0,1200.0,1200.0,1200.0,1200.0,1200.0,1200.0,1200.0,timeout,timeout,timeout,timeout,timeout,timeout,timeout,timeout,timeout,timeout,timeout,timeout,timeout,timeout,timeout,timeout,timeout,timeout,timeout,timeout,timeout,timeout,timeout,timeout,timeout,timeout,timeout,timeout,timeout,timeout,timeout,
SAT_Competition2009/CRAFTED/modcircuits/mod4block_2vars_9gates_u2.cnf,mod4block_2vars_9gates_u2,,5000.0,clasp1,1200.0,1200.0,1200.0,1200.0,1200.0,1200.0,1200.0,1200.0,1200.0,1200.0,1200.0,1200.0,1200.0,1200.0,1200.0,1200.0,1200.0,1200.0,1200.0,1200.0,1200.0,1200.0,1200.0,1200.0,1200.0,1200.0,1200.0,1200.0,1200.0,1200.0,1200.0,timeout,timeout,timeout,timeout,timeout,timeout,timeout,timeout,timeout,timeout,timeout,timeout,timeout,timeout,timeout,timeout,timeout,timeout,timeout,timeout,timeout,timeout,timeout,timeout,timeout,timeout,timeout,timeout,timeout,timeout,timeout,
SAT_Competition2009/CRAFTED/modcircuits/mod4block_2vars_9gates_u2_autoenc.cnf,mod4block_2vars_9gates_u2_autoenc,,5000.0,clasp1,1200.0,1200.0,1200.0,1200.0,1200.0,1200.0,1200.0,1200.0,1200.0,1200.0,1200.0,1200.0,1200.0,1200.0,1200.0,1200.0,1200.0,1200.0,1200.0,1200.0,1200.0,1200.0,1200.0,1200.0,1200.0,1200.0,1200.0,1200.0,1200.0,1200.0,1200.0,timeout,timeout,timeout,timeout,timeout,timeout,timeout,timeout,timeout,timeout,timeout,timeout,timeout,timeout,timeout,timeout,timeout,timeout,timeout,timeout,timeout,timeout,timeout,timeout,timeout,timeout,timeout,timeout,timeout,timeout,timeout,
SAT_Competition2009/CRAFTED/modcircuits/mod4block_3vars_7gates.cnf,mod4block_3vars_7gates,/Users/herreran/Documents/Universidad/practica-invg/data/sat/instances/sc2012-hard-combinatorial/Hard Combinatorial SAT+UNSAT/SATCompetition2011/crafted/SAT09/CRAFTED/modcircuits/mod4block_3vars_7gates.cnf,5000.0,clasp1,1200.0,1200.0,1200.0,1200.0,1200.0,1200.0,1200.0,1200.0,1200.0,1200.0,1200.0,1200.0,1200.0,1200.0,1200.0,1200.0,1200.0,1200.0,1200.0,1200.0,1200.0,1200.0,1200.0,1200.0,1200.0,1200.0,1200.0,1200.0,1200.0,1200.0,1200.0,timeout,timeout,timeout,timeout,timeout,timeout,timeout,timeout,timeout,timeout,timeout,timeout,timeout,timeout,timeout,timeout,timeout,timeout,timeout,timeout,timeout,timeout,timeout,timeout,timeout,timeout,timeout,timeout,timeout,timeout,timeout,/Users/herreran/Documents/Universidad/practica-invg/data/sat/datasets/sat_cnn_data_images/images/mod4block_3vars_7gates__4a6feac88e63.npy
SAT_Competition2009/CRAFTED/modcircuits/mod5block_1var_7gates.cnf,mod5block_1var_7gates,/Users/herreran/Documents/Universidad/practica-invg/data/sat/instances/sc2012-hard-combinatorial/Hard Combinatorial SAT+UNSAT/SATCompetition2009/crafted/SAT09/CRAFTED/modcircuits/mod5block_1var_7gates.cnf,5000.0,clasp2,0.21,0.19,4.31,1200.0,2.34,0.21,2.52,1.71,272.55,3.05,3.82,1200.0,0.74,3.17,4.67,3.29,0.75,1.86,0.25,1.99,0.97,0.85,0.97,1200.0,1200.0,1200.0,1.88,1200.0,0.32,25.64,1200.0,ok,ok,ok,timeout,ok,ok,ok,ok,ok,ok,ok,timeout,ok,ok,ok,ok,ok,ok,ok,ok,ok,ok,ok,timeout,timeout,timeout,ok,timeout,ok,ok,timeout,/Users/herreran/Documents/Universidad/practica-invg/data/sat/datasets/sat_cnn_data_images/images/mod5block_1var_7gates__d5c6234cbd96.npy
SAT_Competition2009/CRAFTED/modcircuits/mod5block_2vars_12gates.cnf,mod5block_2vars_12gates,/Users/herreran/Documents/Universidad/practica-invg/data/sat/instances/sc2012-hard-combinatorial/Hard Combinatorial SAT+UNSAT/SATCompetition2009/crafted/SAT09/CRAFTED/modcircuits/mod5block_2vars_12gates.cnf,5000.0,clasp1,1200.0,1200.0,1200.0,1200.0,1200.0,1200.0,1200.0,1200.0,1200.0,1200.0,1200.0,1200.0,1200.0,1200.0,1200.0,1200.0,1200.0,1200.0,1200.0,1200.0,1200.0,1200.0,1200.0,1200.0,1200.0,1200.0,1200.0,1200.0,1200.0,1200.0,1200.0,timeout,timeout,timeout,timeout,timeout,timeout,timeout,timeout,timeout,timeout,timeout,timeout,timeout,timeout,timeout,timeout,timeout,timeout,timeout,timeout,timeout,timeout,timeout,timeout,timeout,timeout,timeout,timeout,timeout,timeout,timeout,/Users/herreran/Documents/Universidad/practica-invg/data/sat/datasets/sat_cnn_data_images/images/mod5block_2vars_12gates__e9b36342577f.npy
SAT_Competition2009/CRAFTED/modcircuits/owp_4vars_5gates.cnf,owp_4vars_5gates,/Users/herreran/Documents/Universidad/practica-invg/data/sat/instances/sc2012-hard-combinatorial/Hard Combinatorial SAT+UNSAT/SATCompetition2009/crafted/SAT09/CRAFTED/modcircuits/owp_4vars_5gates.cnf,5000.0,picosat,0.06,0.04,0.09,1200.0,0.22,0.08,0.24,0.07,1200.0,0.51,0.07,9.32,0.26,0.51,0.93,0.55,0.1,0.03,0.2,0.17,0.22,0.07,0.14,1200.0,1200.0,1200.0,0.3,1200.0,0.1,0.1,1200.0,ok,ok,ok,timeout,ok,ok,ok,ok,timeout,ok,ok,ok,ok,ok,ok,ok,ok,ok,ok,ok,ok,ok,ok,timeout,timeout,timeout,ok,timeout,ok,ok,timeout,/Users/herreran/Documents/Universidad/practica-invg/data/sat/datasets/sat_cnn_data_images/images/owp_4vars_5gates__c52935cf99b0.npy
SAT_Competition2009/CRAFTED/parity-games/instance_n2_i2_pp.cnf,instance_n2_i2_pp,,5000.0,clasp1,0.0,0.0,0.0,1200.0,0.04,0.0,0.04,0.0,0.0,0.0,0.0,0.0,0.04,0.0,0.0,0.0,0.0,0.0,0.0,0.03,0.04,0.0,0.0,0.0,0.0,0.0,0.06,1200.0,0.0,0.0,1200.0,ok,ok,ok,timeout,ok,ok,ok,ok,ok,ok,ok,ok,ok,ok,ok,ok,ok,ok,ok,ok,ok,ok,ok,ok,ok,ok,ok,timeout,ok,ok,timeout,
SAT_Competition2009/CRAFTED/parity-games/instance_n2_i3_pp.cnf,instance_n2_i3_pp,,5000.0,clasp1,0.0,0.0,0.0,1200.0,0.04,0.0,0.04,0.0,0.0,0.0,0.0,0.0,0.04,0.0,0.0,0.0,0.0,0.0,0.0,0.03,0.04,0.0,0.0,0.0,0.0,0.0,0.09,1200.0,0.0,0.0,1200.0,ok,ok,ok,timeout,ok,ok,ok,ok,ok,ok,ok,ok,ok,ok,ok,ok,ok,ok,ok,ok,ok,ok,ok,ok,ok,ok,ok,timeout,ok,ok,timeout,
SAT_Competition2009/CRAFTED/parity-games/instance_n3_i3_pp.cnf,instance_n3_i3_pp,/Users/herreran/Documents/Universidad/practica-invg/data/sat/instances/sc2012-hard-combinatorial/Hard Combinatorial SAT+UNSAT/SATCompetition2009/crafted/SAT09/CRAFTED/parity-games/instance_n3_i3_pp.cnf,5000.0,clasp1,0.0,0.0,0.01,1200.0,0.06,0.0,0.05,0.0,1200.0,0.06,0.0,0.14,0.05,0.02,0.05,0.02,0.0,0.0,0.01,0.05,0.07,0.0,0.01,0.33,0.13,0.37,0.13,66.77,0.0,0.0,0.69,ok,ok,ok,timeout,ok,ok,ok,ok,timeout,ok,ok,ok,ok,ok,ok,ok,ok,ok,ok,ok,ok,ok,ok,ok,ok,ok,ok,ok,ok,ok,ok,/Users/herreran/Documents/Universidad/practica-invg/data/sat/datasets/sat_cnn_data_images/images/instance_n3_i3_pp__7f09eeb997cf.npy
SAT_Competition2009/CRAFTED/parity-games/instance_n3_i3_pp_ci_ce.cnf,instance_n3_i3_pp_ci_ce,/Users/herreran/Documents/Universidad/practica-invg/data/sat/instances/sc2012-hard-combinatorial/Hard Combinatorial SAT+UNSAT/SATCompetition2009/crafted/SAT09/CRAFTED/parity-games/instance_n3_i3_pp_ci_ce.cnf,5000.0,clasp1,0.0,0.0,0.03,1200.0,0.05,0.0,0.05,0.0,1200.0,0.03,0.0,0.05,0.05,0.02,0.04,0.02,0.0,0.01,0.0,0.06,0.06,0.0,0.01,0.29,0.09,0.19,0.08,175.67,0.0,0.0,0.32,ok,ok,ok,timeout,ok,ok,ok,ok,timeout,ok,ok,ok,ok,ok,ok,ok,ok,ok,ok,ok,ok,ok,ok,ok,ok,ok,ok,ok,ok,ok,ok,/Users/herreran/Documents/Universidad/practica-invg/data/sat/datasets/sat_cnn_data_images/images/instance_n3_i3_pp_ci_ce__a64bf82b32b1.npy
SAT_Competition2009/CRAFTED/parity-games/instance_n3_i4_pp_ci_ce.cnf,instance_n3_i4_pp_ci_ce,/Users/herreran/Documents/Universidad/practica-invg/data/sat/instances/sc2012-hard-combinatorial/Hard Combinatorial SAT+UNSAT/SATCompetition2009/crafted/SAT09/CRAFTED/parity-games/instance_n3_i4_pp_ci_ce.cnf,5000.0,clasp1,0.0,0.0,0.05,1200.0,0.08,0.0,0.08,0.0,1200.0,0.05,0.0,0.05,0.06,0.02,0.06,0.02,0.0,0.01,0.01,0.11,0.08,0.0,0.01,1200.0,1200.0,1200.0,0.12,1200.0,0.01,0.01,1200.0,ok,ok,ok,timeout,ok,ok,ok,ok,timeout,ok,ok,ok,ok,ok,ok,ok,ok,ok,ok,ok,ok,ok,ok,timeout,timeout,timeout,ok,timeout,ok,ok,timeout,/Users/herreran/Documents/Universidad/practica-invg/data/sat/datasets/sat_cnn_data_images/images/instance_n3_i4_pp_ci_ce__5ac70f8d16a9.npy
SAT_Competition2009/CRAFTED/parity-games/instance_n4_i4_pp.cnf,instance_n4_i4_pp,/Users/herreran/Documents/Universidad/practica-invg/data/sat/instances/sc2012-hard-combinatorial/Hard Combinatorial SAT+UNSAT/SATCompetition2009/crafted/SAT09/CRAFTED/parity-games/instance_n4_i4_pp.cnf,5000.0,ebminisat,0.02,0.02,0.05,1200.0,0.09,0.01,0.07,0.02,1200.0,0.28,0.02,0.63,0.08,0.05,0.13,0.05,0.02,0.01,0.04,0.13,0.09,0.02,0.06,1200.0,1200.0,1200.0,0.17,1200.0,0.03,0.02,1200.0,ok,ok,ok,timeout,ok,ok,ok,ok,timeout,ok,ok,ok,ok,ok,ok,ok,ok,ok,ok,ok,ok,ok,ok,timeout,timeout,timeout,ok,timeout,ok,ok,timeout,/Users/herreran/Documents/Universidad/practica-invg/data/sat/datasets/sat_cnn_data_images/images/instance_n4_i4_pp__7e65aeb3f0ce.npy
SAT_Competition2009/CRAFTED/parity-games/instance_n4_i4_pp_ci_ce.cnf,instance_n4_i4_pp_ci_ce,/Users/herreran/Documents/Universidad/practica-invg/data/sat/instances/sc2012-hard-combinatorial/Hard Combinatorial SAT+UNSAT/SATCompetition2009/crafted/SAT09/CRAFTED/parity-games/instance_n4_i4_pp_ci_ce.cnf,5000.0,clasp1,0.01,0.01,0.14,1200.0,0.1,0.01,0.1,0.02,1200.0,0.39,0.01,0.65,0.1,0.05,0.21,0.05,0.04,0.02,0.05,0.21,0.12,0.02,0.07,27.7,900.02,521.35,0.26,1200.0,0.03,0.05,1200.0,ok,ok,ok,timeout,ok,ok,ok,ok,timeout,ok,ok,ok,ok,ok,ok,ok,ok,ok,ok,ok,ok,ok,ok,ok,ok,ok,ok,timeout,ok,ok,timeout,/Users/herreran/Documents/Universidad/practica-invg/data/sat/datasets/sat_cnn_data_images/images/instance_n4_i4_pp_ci_ce__608e76f2bfd8.npy
SAT_Competition2009/CRAFTED/parity-games/instance_n4_i5_pp.cnf,instance_n4_i5_pp,/Users/herreran/Documents/Universidad/practica-invg/data/sat/instances/sc2012-hard-combinatorial/Hard Combinatorial SAT+UNSAT/SATCompetition2009/crafted/SAT09/CRAFTED/parity-games/instance_n4_i5_pp.cnf,5000.0,glueminisat,0.31,0.25,0.25,1200.0,0.33,0.15,0.24,0.13,1200.0,0.55,0.17,7.05,0.25,0.32,0.38,0.32,0.2,0.24,0.32,0.39,0.29,0.15,0.27,1200.0,1200.0,1200.0,0.62,1200.0,0.47,0.55,1200.0,ok,ok,ok,timeout,ok,ok,ok,ok,timeout,ok,ok,ok,ok,ok,ok,ok,ok,ok,ok,ok,ok,ok,ok,timeout,timeout,timeout,ok,timeout,ok,ok,timeout,/Users/herreran/Documents/Universidad/practica-invg/data/sat/datasets/sat_cnn_data_images/images/instance_n4_i5_pp__85cf52ad743d.npy
SAT_Competition2009/CRAFTED/parity-games/instance_n5_i5_pp.cnf,instance_n5_i5_pp,/Users/herreran/Documents/Universidad/practica-invg/data/sat/instances/sc2012-hard-combinatorial/Hard Combinatorial SAT+UNSAT/SATCompetition2009/crafted/SAT09/CRAFTED/parity-games/instance_n5_i5_pp.cnf,5000.0,ebminisat,0.1,0.73,0.24,1200.0,0.16,0.08,0.18,0.11,1200.0,0.97,0.15,5.78,0.15,0.15,0.65,0.14,0.16,0.1,0.19,0.42,0.19,0.39,0.22,1200.0,1200.0,1200.0,1.67,1200.0,0.29,0.13,1200.0,ok,ok,ok,timeout,ok,ok,ok,ok,timeout,ok,ok,ok,ok,ok,ok,ok,ok,ok,ok,ok,ok,ok,ok,timeout,timeout,timeout,ok,timeout,ok,ok,timeout,/Users/herreran/Documents/Universidad/practica-invg/data/sat/datasets/sat_cnn_data_images/images/instance_n5_i5_pp__5780cd0c5d53.npy
SAT_Competition2009/CRAFTED/parity-games/instance_n5_i6_pp.cnf,instance_n5_i6_pp,/Users/herreran/Documents/Universidad/practica-invg/data/sat/instances/sc2012-hard-combinatorial/Hard Combinatorial SAT+UNSAT/SATCompetition2009/crafted/SAT09/CRAFTED/parity-games/instance_n5_i6_pp.cnf,5000.0,glueminisat,3.83,14.62,1.33,1200.0,2.15,0.41,1.19,0.26,1200.0,1.94,1.42,1200.0,0.62,2.79,5.5,3.11,5.11,1.67,2.44,4.43,0.56,5.42,0.65,1200.0,1200.0,1200.0,26.63,1200.0,0.91,5.56,1200.0,ok,ok,ok,timeout,ok,ok,ok,ok,timeout,ok,ok,timeout,ok,ok,ok,ok,ok,ok,ok,ok,ok,ok,ok,timeout,timeout,timeout,ok,timeout,ok,ok,timeout,/Users/herreran/Documents/Universidad/practica-invg/data/sat/datasets/sat_cnn_data_images/images/instance_n5_i6_pp__2cc5a55fa4e2.npy
SAT_Competition2009/CRAFTED/parity-games/instance_n5_i6_pp_ci_ce.cnf,instance_n5_i6_pp_ci_ce,/Users/herreran/Documents/Universidad/practica-invg/data/sat/instances/sc2012-hard-combinatorial/Hard Combinatorial SAT+UNSAT/SATCompetition2009/crafted/SAT09/CRAFTED/parity-games/instance_n5_i6_pp_ci_ce.cnf,5000.0,ebminisat,0.87,1.27,1.55,1200.0,1.23,0.78,0.81,0.78,1200.0,1.65,1.05,932.93,1.04,1.39,2.07,1.34,1.14,2.58,1.09,1.99,1.19,0.79,1.48,1200.0,1200.0,1200.0,4.23,1200.0,2.24,2.26,1200.0,ok,ok,ok,timeout,ok,ok,ok,ok,timeout,ok,ok,ok,ok,ok,ok,ok,ok,ok,ok,ok,ok,ok,ok,timeout,timeout,timeout,ok,timeout,ok,ok,timeout,/Users/herreran/Documents/Universidad/practica-invg/data/sat/datasets/sat_cnn_data_images/images/instance_n5_i6_pp_ci_ce__ef43a3015c48.npy
SAT_Competition2009/CRAFTED/parity-games/instance_n6_i6_pp.cnf,instance_n6_i6_pp,/Users/herreran/Documents/Universidad/practica-invg/data/sat/instances/sc2012-hard-combinatorial/Hard Combinatorial SAT+UNSAT/SATCompetition2009/crafted/SAT09/CRAFTED/parity-games/instance_n6_i6_pp.cnf,5000.0,picosat,0.58,2.07,1.06,1200.0,0.6,1.04,0.54,0.72,1200.0,5.21,5.13,1200.0,0.47,1.87,2.21,1.91,2.83,0.35,1.2,4.72,1.24,0.71,3.41,1200.0,1200.0,1200.0,12.76,1200.0,1.5,1.08,1200.0,ok,ok,ok,timeout,ok,ok,ok,ok,timeout,ok,ok,timeout,ok,ok,ok,ok,ok,ok,ok,ok,ok,ok,ok,timeout,timeout,timeout,ok,timeout,ok,ok,timeout,/Users/herreran/Documents/Universidad/practica-invg/data/sat/datasets/sat_cnn_data_images/images/instance_n6_i6_pp__7ed89b6e9e9f.npy
SAT_Competition2009/CRAFTED/parity-games/instance_n6_i6_pp_ci_ce.cnf,instance_n6_i6_pp_ci_ce,/Users/herreran/Documents/Universidad/practica-invg/data/sat/instances/sc2012-hard-combinatorial/Hard Combinatorial SAT+UNSAT/SATCompetition2009/crafted/SAT09/CRAFTED/parity-games/instance_n6_i6_pp_ci_ce.cnf,5000.0,glucose2,7.52,5.16,1.8,1200.0,5.82,8.04,0.38,1.56,1200.0,6.77,3.89,1200.0,15.09,1.36,4.74,1.29,1.22,1.42,1.89,4.97,2.01,1.63,8.92,1200.0,1200.0,1200.0,222.97,1200.0,64.56,4.78,1200.0,ok,ok,ok,timeout,ok,ok,ok,ok,timeout,ok,ok,timeout,ok,ok,ok,ok,ok,ok,ok,ok,ok,ok,ok,timeout,timeout,timeout,ok,timeout,ok,ok,timeout,/Users/herreran/Documents/Universidad/practica-invg/data/sat/datasets/sat_cnn_data_images/images/instance_n6_i6_pp_ci_ce__9cf60d32110c.npy
SAT_Competition2009/CRAFTED/parity-games/instance_n6_i7_pp.cnf,instance_n6_i7_pp,/Users/herreran/Documents/Universidad/practica-invg/data/sat/instances/sc2012-hard-combinatorial/Hard Combinatorial SAT+UNSAT/SATCompetition2009/crafted/SAT09/CRAFTED/parity-games/instance_n6_i7_pp.cnf,5000.0,rcl,12.64,9.62,8.43,1200.0,8.88,1.01,1.59,3.89,1200.0,14.46,66.56,1200.0,5.96,4.78,5.18,4.86,2.32,8.14,3.94,10.66,0.74,10.89,2.62,1200.0,1200.0,1200.0,59.17,1200.0,20.32,3.92,1200.0,ok,ok,ok,timeout,ok,ok,ok,ok,timeout,ok,ok,timeout,ok,ok,ok,ok,ok,ok,ok,ok,ok,ok,ok,timeout,timeout,timeout,ok,timeout,ok,ok,timeout,/Users/herreran/Documents/Universidad/practica-invg/data/sat/datasets/sat_cnn_data_images/images/instance_n6_i7_pp__f236b68a1ec6.npy
SAT_Competition2009/CRAFTED/parity-games/instance_n6_i7_pp_ci_ce.cnf,instance_n6_i7_pp_ci_ce,/Users/herreran/Documents/Universidad/practica-invg/data/sat/instances/sc2012-hard-combinatorial/Hard Combinatorial SAT+UNSAT/SATCompetition2009/crafted/SAT09/CRAFTED/parity-games/instance_n6_i7_pp_ci_ce.cnf,5000.0,lingeling,62.55,96.88,80.59,1200.0,66.52,53.73,41.27,38.46,1200.0,37.2,260.25,1200.0,64.55,156.28,68.09,169.81,84.92,146.76,91.06,84.38,98.52,44.79,93.4,1200.0,1200.0,1200.0,762.07,1200.0,293.82,446.39,1200.0,ok,ok,ok,timeout,ok,ok,ok,ok,timeout,ok,ok,timeout,ok,ok,ok,ok,ok,ok,ok,ok,ok,ok,ok,timeout,timeout,timeout,ok,timeout,ok,ok,timeout,/Users/herreran/Documents/Universidad/practica-invg/data/sat/datasets/sat_cnn_data_images/images/instance_n6_i7_pp_ci_ce__ac3d6882e5f2.npy
SAT_Competition2009/CRAFTED/parity-games/instance_n7_i7_pp.cnf,instance_n7_i7_pp,/Users/herreran/Documents/Universidad/practica-invg/data/sat/instances/sc2012-hard-combinatorial/Hard Combinatorial SAT+UNSAT/SATCompetition2009/crafted/SAT09/CRAFTED/parity-games/instance_n7_i7_pp.cnf,5000.0,picosat,10.09,22.47,16.13,1200.0,11.81,3.99,1.88,11.81,1200.0,17.52,107.92,1200.0,8.81,43.91,11.1,62.67,9.36,1.38,29.73,9.17,2.58,6.69,1.65,1200.0,1200.0,1200.0,151.44,1200.0,9.66,34.14,1200.0,ok,ok,ok,timeout,ok,ok,ok,ok,timeout,ok,ok,timeout,ok,ok,ok,ok,ok,ok,ok,ok,ok,ok,ok,timeout,timeout,timeout,ok,timeout,ok,ok,timeout,/Users/herreran/Documents/Universidad/practica-invg/data/sat/datasets/sat_cnn_data_images/images/instance_n7_i7_pp__4bab350391ee.npy
SAT_Competition2009/CRAFTED/parity-games/instance_n7_i7_pp_ci_ce.cnf,instance_n7_i7_pp_ci_ce,/Users/herreran/Documents/Universidad/practica-invg/data/sat/instances/sc2012-hard-combinatorial/Hard Combinatorial SAT+UNSAT/SATCompetition2009/crafted/SAT09/CRAFTED/parity-games/instance_n7_i7_pp_ci_ce.cnf,5000.0,lrglshr,57.87,254.08,21.88,1200.0,21.62,71.71,52.53,16.56,1200.0,59.08,6.82,1200.0,62.62,58.76,13.12,57.22,30.77,467.04,31.28,50.86,128.24,81.34,138.49,1200.0,1200.0,1200.0,1200.0,1200.0,625.24,1200.0,1200.0,ok,ok,ok,timeout,ok,ok,ok,ok,timeout,ok,ok,timeout,ok,ok,ok,ok,ok,ok,ok,ok,ok,ok,ok,timeout,timeout,timeout,timeout,timeout,ok,timeout,timeout,/Users/herreran/Documents/Universidad/practica-invg/data/sat/datasets/sat_cnn_data_images/images/instance_n7_i7_pp_ci_ce__7752132b6fd6.npy
SAT_Competition2009/CRAFTED/parity-games/instance_n7_i8_pp.cnf,instance_n7_i8_pp,/Users/herreran/Documents/Universidad/practica-invg/data/sat/instances/sc2012-hard-combinatorial/Hard Combinatorial SAT+UNSAT/SATCompetition2009/crafted/SAT09/CRAFTED/parity-games/instance_n7_i8_pp.cnf,5000.0,minisatpsm,12.43,45.35,191.38,1200.0,38.25,8.59,21.91,276.8,1200.0,229.41,1200.0,1200.0,4.53,17.73,88.71,17.71,8.56,52.61,43.11,124.19,132.71,13.59,47.01,1200.0,1200.0,1200.0,1152.05,1200.0,44.72,459.95,1200.0,ok,ok,ok,timeout,ok,ok,ok,ok,timeout,ok,timeout,timeout,ok,ok,ok,ok,ok,ok,ok,ok,ok,ok,ok,timeout,timeout,timeout,ok,timeout,ok,ok,timeout,/Users/herreran/Documents/Universidad/practica-invg/data/sat/datasets/sat_cnn_data_images/images/instance_n7_i8_pp__2ef62f6c18da.npy
SAT_Competition2009/CRAFTED/parity-games/instance_n7_i8_pp_ci_ce.cnf,instance_n7_i8_pp_ci_ce,,5000.0,clasp1,1200.0,1200.0,1200.0,1200.0,1200.0,1200.0,1200.0,1200.0,1200.0,1200.0,1200.0,1200.0,1200.0,1200.0,1200.0,1200.0,1200.0,1200.0,1200.0,1200.0,1200.0,1200.0,1200.0,1200.0,1200.0,1200.0,1200.0,1200.0,1200.0,1200.0,1200.0,timeout,timeout,timeout,timeout,timeout,timeout,timeout,timeout,timeout,timeout,timeout,timeout,timeout,timeout,timeout,timeout,timeout,timeout,timeout,timeout,timeout,timeout,timeout,timeout,timeout,timeout,timeout,timeout,timeout,timeout,timeout,
SAT_Competition2009/CRAFTED/parity-games/instance_n8_i8_pp.cnf,instance_n8_i8_pp,/Users/herreran/Documents/Universidad/practica-invg/data/sat/instances/sc2012-hard-combinatorial/Hard Combinatorial SAT+UNSAT/SATCompetition2009/crafted/SAT09/CRAFTED/parity-games/instance_n8_i8_pp.cnf,5000.0,rcl,346.27,170.64,233.6,1200.0,568.37,280.37,44.86,1200.0,1200.0,45.15,1200.0,1200.0,73.26,39.68,186.3,38.8,311.48,47.96,284.5,788.37,6.68,57.52,136.33,1200.0,1200.0,1200.0,1200.0,1200.0,67.25,237.52,1200.0,ok,ok,ok,timeout,ok,ok,ok,timeout,timeout,ok,timeout,timeout,ok,ok,ok,ok,ok,ok,ok,ok,ok,ok,ok,timeout,timeout,timeout,timeout,timeout,ok,ok,timeout,/Users/herreran/Documents/Universidad/practica-invg/data/sat/datasets/sat_cnn_data_images/images/instance_n8_i8_pp__ace26ded298e.npy
SAT_Competition2009/CRAFTED/parity-games/instance_n8_i8_pp_ci_ce.cnf,instance_n8_i8_pp_ci_ce,/Users/herreran/Documents/Universidad/practica-invg/data/sat/instances/sc2012-hard-combinatorial/Hard Combinatorial SAT+UNSAT/SATCompetition2011/crafted/SAT09/CRAFTED/parity-games/instance_n8_i8_pp_ci_ce.cnf,5000.0,precosat,1200.0,48.38,488.76,1200.0,498.51,1200.0,238.97,182.85,1200.0,365.73,1200.0,1200.0,81.01,157.3,125.22,255.68,1200.0,107.18,12.71,186.87,1200.0,167.35,514.93,1200.0,1200.0,1200.0,1200.0,1200.0,1200.0,1200.0,1200.0,timeout,ok,ok,timeout,ok,timeout,ok,ok,timeout,ok,timeout,timeout,ok,ok,ok,ok,timeout,ok,ok,ok,timeout,ok,ok,timeout,timeout,timeout,timeout,timeout,timeout,timeout,timeout,/Users/herreran/Documents/Universidad/practica-invg/data/sat/datasets/sat_cnn_data_images/images/instance_n8_i8_pp_ci_ce__f1a32b4b6d76.npy
SAT_Competition2009/CRAFTED/parity-games/instance_n8_i9_pp.cnf,instance_n8_i9_pp,/Users/herreran/Documents/Universidad/practica-invg/data/sat/instances/sc2012-hard-combinatorial/Hard Combinatorial SAT+UNSAT/SATCompetition2009/crafted/SAT09/CRAFTED/parity-games/instance_n8_i9_pp.cnf,5000.0,minisatpsm,681.58,28.46,1200.0,1200.0,1200.0,1200.0,282.19,1200.0,1200.0,673.03,1200.0,1200.0,4.88,897.14,319.71,1190.03,653.75,329.11,945.28,1200.0,391.86,64.39,143.41,1200.0,1200.0,1200.0,1200.0,1200.0,307.45,579.04,1200.0,ok,ok,timeout,timeout,timeout,timeout,ok,timeout,timeout,ok,timeout,timeout,ok,ok,ok,ok,ok,ok,ok,timeout,ok,ok,ok,timeout,timeout,timeout,timeout,timeout,ok,ok,timeout,/Users/herreran/Documents/Universidad/practica-invg/data/sat/datasets/sat_cnn_data_images/images/instance_n8_i9_pp__04a43c91675b.npy
SAT_Competition2009/CRAFTED/parity-games/instance_n8_i9_pp_ci_ce.cnf,instance_n8_i9_pp_ci_ce,,5000.0,clasp1,1200.0,1200.0,1200.0,1200.0,1200.0,1200.0,1200.0,1200.0,1200.0,1200.0,1200.0,1200.0,1200.0,1200.0,1200.0,1200.0,1200.0,1200.0,1200.0,1200.0,1200.0,1200.0,1200.0,1200.0,1200.0,1200.0,1200.0,1200.0,1200.0,1200.0,1200.0,timeout,timeout,timeout,timeout,timeout,timeout,timeout,timeout,timeout,timeout,timeout,timeout,timeout,timeout,timeout,timeout,timeout,timeout,timeout,timeout,timeout,timeout,timeout,timeout,timeout,timeout,timeout,timeout,timeout,timeout,timeout,
SAT_Competition2009/CRAFTED/parity-games/instance_n9_i9_pp.cnf,instance_n9_i9_pp,/Users/herreran/Documents/Universidad/practica-invg/data/sat/instances/sc2012-hard-combinatorial/Hard Combinatorial SAT+UNSAT/SATCompetition2011/crafted/SAT09/CRAFTED/parity-games/instance_n9_i9_pp.cnf,5000.0,mxc09,1200.0,587.01,1200.0,1200.0,1200.0,1200.0,1200.0,1200.0,1200.0,957.72,1200.0,1200.0,1200.0,1200.0,1200.0,1132.85,455.45,1200.0,1200.0,1200.0,907.4,898.09,1200.0,1200.0,1200.0,1200.0,1200.0,1200.0,560.98,1200.0,1200.0,timeout,ok,timeout,timeout,timeout,timeout,timeout,timeout,timeout,ok,timeout,timeout,timeout,timeout,timeout,ok,ok,timeout,timeout,timeout,ok,ok,timeout,timeout,timeout,timeout,timeout,timeout,ok,timeout,timeout,/Users/herreran/Documents/Universidad/practica-invg/data/sat/datasets/sat_cnn_data_images/images/instance_n9_i9_pp__05090b6375fb.npy
SAT_Competition2009/CRAFTED/parity-games/instance_n9_i9_pp_ci_ce.cnf,instance_n9_i9_pp_ci_ce,/Users/herreran/Documents/Universidad/practica-invg/data/sat/instances/sc2012-hard-combinatorial/Hard Combinatorial SAT+UNSAT/SATCompetition2009/crafted/SAT09/CRAFTED/parity-games/instance_n9_i9_pp_ci_ce.cnf,5000.0,precosat,1200.0,1200.0,1200.0,1200.0,1200.0,1200.0,508.32,418.15,1200.0,1011.46,1200.0,1200.0,1200.0,522.79,194.17,605.38,1200.0,1200.0,119.84,1200.0,1200.0,502.59,1200.0,1200.0,1200.0,1200.0,1200.0,1200.0,1200.0,1200.0,1200.0,timeout,timeout,timeout,timeout,timeout,timeout,ok,ok,timeout,ok,timeout,timeout,timeout,ok,ok,ok,timeout,timeout,ok,timeout,timeout,ok,timeout,timeout,timeout,timeout,timeout,timeout,timeout,timeout,timeout,/Users/herreran/Documents/Universidad/practica-invg/data/sat/datasets/sat_cnn_data_images/images/instance_n9_i9_pp_ci_ce__51bd583a7f92.npy
SAT_Competition2009/CRAFTED/ramseycube/Q32inK09.cnf,Q32inK09,/Users/herreran/Documents/Universidad/practica-invg/data/sat/instances/sc2012-hard-combinatorial/Hard Combinatorial SAT+UNSAT/SATCompetition2009/crafted/SAT09/CRAFTED/ramseycube/Q32inK09.cnf,5000.0,sol,12.09,12.71,70.39,1200.0,19.71,43.33,10.95,102.88,1200.0,15.36,1200.0,33.96,191.34,62.82,280.86,62.63,8.05,6.91,18.02,73.86,133.13,76.97,85.16,1200.0,1200.0,1200.0,3.31,1200.0,24.08,818.57,1200.0,ok,ok,ok,timeout,ok,ok,ok,ok,timeout,ok,timeout,ok,ok,ok,ok,ok,ok,ok,ok,ok,ok,ok,ok,timeout,timeout,timeout,ok,timeout,ok,ok,timeout,/Users/herreran/Documents/Universidad/practica-invg/data/sat/datasets/sat_cnn_data_images/images/Q32inK09__8a8da4be71ee.npy
SAT_Competition2009/CRAFTED/ramseycube/Q32inK10.cnf,Q32inK10,/Users/herreran/Documents/Universidad/practica-invg/data/sat/instances/sc2012-hard-combinatorial/Hard Combinatorial SAT+UNSAT/SATCompetition2009/crafted/SAT09/CRAFTED/ramseycube/Q32inK10.cnf,5000.0,glucose2,27.01,27.14,145.98,1200.0,39.47,111.23,14.16,207.39,1200.0,22.09,1200.0,1051.27,413.77,147.73,1200.0,113.91,18.24,24.33,32.89,299.58,707.65,291.46,414.37,1200.0,1200.0,1200.0,57.69,1200.0,43.67,1200.0,1200.0,ok,ok,ok,timeout,ok,ok,ok,ok,timeout,ok,timeout,ok,ok,ok,timeout,ok,ok,ok,ok,ok,ok,ok,ok,timeout,timeout,timeout,ok,timeout,ok,timeout,timeout,/Users/herreran/Documents/Universidad/practica-invg/data/sat/datasets/sat_cnn_data_images/images/Q32inK10__4eb8757f0ff8.npy
SAT_Competition2009/CRAFTED/ramseycube/Q32inK11.cnf,Q32inK11,/Users/herreran/Documents/Universidad/practica-invg/data/sat/instances/sc2012-hard-combinatorial/Hard Combinatorial SAT+UNSAT/SATCompetition2009/crafted/SAT09/CRAFTED/ramseycube/Q32inK11.cnf,5000.0,glucose2,144.44,140.99,895.01,1200.0,47.78,512.8,19.06,261.99,1200.0,31.51,1200.0,1200.0,227.33,47.55,1200.0,49.36,241.73,36.22,39.52,1200.0,328.25,881.45,916.75,1200.0,1200.0,1200.0,467.99,1200.0,148.41,1200.0,1200.0,ok,ok,ok,timeout,ok,ok,ok,ok,timeout,ok,timeout,timeout,ok,ok,timeout,ok,ok,ok,ok,timeout,ok,ok,ok,timeout,timeout,timeout,ok,timeout,ok,timeout,timeout,/Users/herreran/Documents/Universidad/practica-invg/data/sat/datasets/sat_cnn_data_images/images/Q32inK11__f36c7641480d.npy
SAT_Competition2009/CRAFTED/ramseycube/Q3inK08.cnf,Q3inK08,,5000.0,eagleup,0.02,0.01,0.03,0.0,0.05,0.02,0.05,0.02,0.0,0.1,0.03,0.33,0.05,0.04,0.1,0.04,0.03,0.0,0.02,0.19,0.07,0.02,0.03,0.55,0.54,0.55,0.24,0.0,0.0,0.0,0.64,ok,ok,ok,ok,ok,ok,ok,ok,ok,ok,ok,ok,ok,ok,ok,ok,ok,ok,ok,ok,ok,ok,ok,ok,ok,ok,ok,ok,ok,ok,ok,
SAT_Competition2009/CRAFTED/ramseycube/Q3inK09.cnf,Q3inK09,/Users/herreran/Documents/Universidad/practica-invg/data/sat/instances/sc2012-hard-combinatorial/Hard Combinatorial SAT+UNSAT/SATCompetition2009/crafted/SAT09/CRAFTED/ramseycube/Q3inK09.cnf,5000.0,picosat,1.26,0.9,1.03,0.72,0.09,0.53,0.09,0.54,0.03,0.39,0.77,35.9,0.11,0.11,1.0,0.11,4.71,0.01,0.04,2.96,0.14,0.77,2.96,33.33,33.11,33.78,7.14,0.06,0.04,0.04,41.17,ok,ok,ok,ok,ok,ok,ok,ok,ok,ok,ok,ok,ok,ok,ok,ok,ok,ok,ok,ok,ok,ok,ok,ok,ok,ok,ok,ok,ok,ok,ok,/Users/herreran/Documents/Universidad/practica-invg/data/sat/datasets/sat_cnn_data_images/images/Q3inK09__ec180f0c1389.npy
SAT_Competition2009/CRAFTED/ramseycube/Q3inK10.cnf,Q3inK10,/Users/herreran/Documents/Universidad/practica-invg/data/sat/instances/sc2012-hard-combinatorial/Hard Combinatorial SAT+UNSAT/SATCompetition2011/crafted/SAT09/CRAFTED/ramseycube/Q3inK10.cnf,5000.0,picosat,24.66,19.75,18.77,3.74,0.35,13.88,0.33,14.12,0.19,1.01,13.99,601.09,0.36,0.62,3.65,0.58,40.91,0.11,0.35,16.48,0.45,13.85,48.18,684.22,688.6,708.26,42.91,0.37,0.23,0.23,847.37,ok,ok,ok,ok,ok,ok,ok,ok,ok,ok,ok,ok,ok,ok,ok,ok,ok,ok,ok,ok,ok,ok,ok,ok,ok,ok,ok,ok,ok,ok,ok,/Users/herreran/Documents/Universidad/practica-invg/data/sat/datasets/sat_cnn_data_images/images/Q3inK10__dda950663cea.npy
SAT_Competition2009/CRAFTED/ramseycube/Q3inK11.cnf,Q3inK11,/Users/herreran/Documents/Universidad/practica-invg/data/sat/instances/sc2012-hard-combinatorial/Hard Combinatorial SAT+UNSAT/SATCompetition2009/crafted/SAT09/CRAFTED/ramseycube/Q3inK11.cnf,5000.0,picosat,1044.4,131.03,330.98,14.55,1.16,575.25,1.13,680.46,0.67,3.0,710.03,1200.0,1.3,2.27,2.92,2.53,1200.0,0.65,1.25,49.18,1.82,747.17,100.35,1200.0,1200.0,1200.0,204.56,1.57,0.95,0.93,1200.0,ok,ok,ok,ok,ok,ok,ok,ok,ok,ok,ok,timeout,ok,ok,ok,ok,timeout,ok,ok,ok,ok,ok,ok,timeout,timeout,timeout,ok,ok,ok,ok,timeout,/Users/herreran/Documents/Universidad/practica-invg/data/sat/datasets/sat_cnn_data_images/images/Q3inK11__6221aeccf070.npy
SAT_Competition2009/CRAFTED/ramseycube/Q3inK12.cnf,Q3inK12,/Users/herreran/Documents/Universidad/practica-invg/data/sat/instances/sc2012-hard-combinatorial/Hard Combinatorial SAT+UNSAT/SATCompetition2009/crafted/SAT09/CRAFTED/ramseycube/Q3inK12.cnf,5000.0,gnoveltyp2,1200.0,177.22,1200.0,45.39,197.86,1200.0,148.54,1200.0,1.98,8.52,1200.0,1200.0,4.6,8.72,10.66,10.26,1200.0,2.71,6.75,106.42,6.93,1200.0,101.87,1200.0,1200.0,1200.0,464.11,5.5,9.13,4.07,1200.0,timeout,ok,timeout,ok,ok,timeout,ok,timeout,ok,ok,timeout,timeout,ok,ok,ok,ok,timeout,ok,ok,ok,ok,timeout,ok,timeout,timeout,timeout,ok,ok,ok,ok,timeout,/Users/herreran/Documents/Universidad/practica-invg/data/sat/datasets/sat_cnn_data_images/images/Q3inK12__50e1dd5793e4.npy
SAT_Competition2009/CRAFTED/ramseycube/Q3inK13.cnf,Q3inK13,,5000.0,clasp1,1200.0,1200.0,1200.0,1200.0,1200.0,1200.0,1200.0,1200.0,1200.0,1200.0,1200.0,1200.0,1200.0,1200.0,1200.0,1200.0,1200.0,1200.0,1200.0,1200.0,1200.0,1200.0,1200.0,1200.0,1200.0,1200.0,1200.0,1200.0,1200.0,1200.0,1200.0,timeout,timeout,timeout,timeout,timeout,timeout,timeout,timeout,timeout,timeout,timeout,timeout,timeout,timeout,timeout,timeout,timeout,timeout,timeout,timeout,timeout,timeout,timeout,timeout,timeout,timeout,timeout,timeout,timeout,timeout,timeout,
SAT_Competition2009/CRAFTED/rbsat/crafted/forced/rbsat-v1150c84314gyes1.cnf,rbsat-v1150c84314gyes1,/Users/herreran/Documents/Universidad/practica-invg/data/sat/instances/sc2012-hard-combinatorial/Hard Combinatorial SAT+UNSAT/SATCompetition2011/crafted/SAT09/CRAFTED/rbsat/random/forced/rbsat-v1150c84314gyes1.cnf,5000.0,tnm,1200.0,1200.0,1200.0,1200.0,1200.0,1200.0,1200.0,1200.0,1200.0,1200.0,1200.0,1200.0,1200.0,1200.0,1200.0,1200.0,1200.0,1200.0,1200.0,1200.0,1200.0,1200.0,1200.0,655.38,439.74,1200.0,1200.0,218.15,1200.0,1200.0,77.74,timeout,timeout,timeout,timeout,timeout,timeout,timeout,timeout,timeout,timeout,timeout,timeout,timeout,timeout,timeout,timeout,timeout,timeout,timeout,timeout,timeout,timeout,timeout,ok,ok,timeout,timeout,ok,timeout,timeout,ok,/Users/herreran/Documents/Universidad/practica-invg/data/sat/datasets/sat_cnn_data_images/images/rbsat-v1150c84314gyes1__884f4a702b14.npy
SAT_Competition2009/CRAFTED/rbsat/crafted/forced/rbsat-v1150c84314gyes2.cnf,rbsat-v1150c84314gyes2,/Users/herreran/Documents/Universidad/practica-invg/data/sat/instances/sc2012-hard-combinatorial/Hard Combinatorial SAT+UNSAT/SC2012 Hard Combinatorial/satcomp09-main-track-unselected/crafted/SAT09/CRAFTED/rbsat/random/forced/rbsat-v1150c84314gyes2.cnf,5000.0,satime11,1200.0,1200.0,1200.0,1200.0,1200.0,1200.0,1200.0,1200.0,1200.0,1200.0,1200.0,1200.0,1200.0,1200.0,1200.0,1200.0,1200.0,1200.0,1200.0,1200.0,1200.0,1200.0,1200.0,4.61,38.31,278.12,1200.0,125.22,1200.0,1200.0,8.92,timeout,timeout,timeout,timeout,timeout,timeout,timeout,timeout,timeout,timeout,timeout,timeout,timeout,timeout,timeout,timeout,timeout,timeout,timeout,timeout,timeout,timeout,timeout,ok,ok,ok,timeout,ok,timeout,timeout,ok,/Users/herreran/Documents/Universidad/practica-invg/data/sat/datasets/sat_cnn_data_images/images/rbsat-v1150c84314gyes2__a11fad5f32cb.npy
SAT_Competition2009/CRAFTED/rbsat/crafted/forced/rbsat-v1560c133795gyes9.cnf,rbsat-v1560c133795gyes9,,5000.0,sattime,1200.0,1200.0,1200.0,1200.0,1200.0,1200.0,1200.0,1200.0,1200.0,1200.0,1200.0,1200.0,1200.0,1200.0,1200.0,1200.0,1200.0,1200.0,1200.0,1200.0,1200.0,1200.0,1200.0,1200.0,287.36,1200.0,1200.0,1200.0,1200.0,1200.0,1200.0,timeout,timeout,timeout,timeout,timeout,timeout,timeout,timeout,timeout,timeout,timeout,timeout,timeout,timeout,timeout,timeout,timeout,timeout,timeout,timeout,timeout,timeout,timeout,timeout,ok,timeout,timeout,timeout,timeout,timeout,timeout,
SAT_Competition2009/CRAFTED/rbsat/crafted/forced/rbsat-v1820c171155gyes6.cnf,rbsat-v1820c171155gyes6,,5000.0,clasp1,1200.0,1200.0,1200.0,1200.0,1200.0,1200.0,1200.0,1200.0,1200.0,1200.0,1200.0,1200.0,1200.0,1200.0,1200.0,1200.0,1200.0,1200.0,1200.0,1200.0,1200.0,1200.0,1200.0,1200.0,1200.0,1200.0,1200.0,1200.0,1200.0,1200.0,1200.0,timeout,timeout,timeout,timeout,timeout,timeout,timeout,timeout,timeout,timeout,timeout,timeout,timeout,timeout,timeout,timeout,timeout,timeout,timeout,timeout,timeout,timeout,timeout,timeout,timeout,timeout,timeout,timeout,timeout,timeout,timeout,
SAT_Competition2009/CRAFTED/rbsat/crafted/forced/rbsat-v2640c305320gyes8.cnf,rbsat-v2640c305320gyes8,,5000.0,clasp1,1200.0,1200.0,1200.0,1200.0,1200.0,1200.0,1200.0,1200.0,1200.0,1200.0,1200.0,1200.0,1200.0,1200.0,1200.0,1200.0,1200.0,1200.0,1200.0,1200.0,1200.0,1200.0,1200.0,1200.0,1200.0,1200.0,1200.0,1200.0,1200.0,1200.0,1200.0,timeout,timeout,timeout,timeout,timeout,timeout,timeout,timeout,timeout,timeout,timeout,timeout,timeout,timeout,timeout,timeout,timeout,timeout,timeout,timeout,timeout,timeout,timeout,timeout,timeout,timeout,timeout,timeout,timeout,timeout,timeout,
SAT_Competition2009/CRAFTED/rbsat/crafted/forced/rbsat-v760c43649gyes1.cnf,rbsat-v760c43649gyes1,/Users/herreran/Documents/Universidad/practica-invg/data/sat/instances/sc2012-hard-combinatorial/Hard Combinatorial SAT+UNSAT/SATCompetition2009/crafted/SAT09/CRAFTED/rbsat/crafted/forced/rbsat-v760c43649gyes1.cnf,5000.0,tnm,1200.0,1200.0,1200.0,1200.0,1200.0,1200.0,1200.0,1200.0,1200.0,1200.0,1200.0,293.57,1200.0,78.16,176.51,78.26,1200.0,1200.0,1200.0,1200.0,1200.0,1200.0,601.69,0.87,1.34,2.8,1200.0,13.83,1200.0,1200.0,0.71,timeout,timeout,timeout,timeout,timeout,timeout,timeout,timeout,timeout,timeout,timeout,ok,timeout,ok,ok,ok,timeout,timeout,timeout,timeout,timeout,timeout,ok,ok,ok,ok,timeout,ok,timeout,timeout,ok,/Users/herreran/Documents/Universidad/practica-invg/data/sat/datasets/sat_cnn_data_images/images/rbsat-v760c43649gyes1__54cf549bedc8.npy
SAT_Competition2009/CRAFTED/rbsat/crafted/forced/rbsat-v945c61409gyes2.cnf,rbsat-v945c61409gyes2,/Users/herreran/Documents/Universidad/practica-invg/data/sat/instances/sc2012-hard-combinatorial/Hard Combinatorial SAT+UNSAT/SATCompetition2009/crafted/SAT09/CRAFTED/rbsat/crafted/forced/rbsat-v945c61409gyes2.cnf,5000.0,sparrow,1200.0,480.7,1200.0,1200.0,1200.0,1200.0,1200.0,1200.0,1200.0,1200.0,1200.0,1200.0,1200.0,1200.0,1200.0,1200.0,1200.0,1200.0,1200.0,1200.0,1200.0,1200.0,1200.0,2.32,11.58,5.0,1200.0,0.92,1200.0,1200.0,1.63,timeout,ok,timeout,timeout,timeout,timeout,timeout,timeout,timeout,timeout,timeout,timeout,timeout,timeout,timeout,timeout,timeout,timeout,timeout,timeout,timeout,timeout,timeout,ok,ok,ok,timeout,ok,timeout,timeout,ok,/Users/herreran/Documents/Universidad/practica-invg/data/sat/datasets/sat_cnn_data_images/images/rbsat-v945c61409gyes2__6a76599b3391.npy
SAT_Competition2009/CRAFTED/rbsat/crafted/forced/rbsat-v945c61409gyes8.cnf,rbsat-v945c61409gyes8,,5000.0,satime11,1200.0,1200.0,1200.0,1200.0,1200.0,1200.0,1200.0,1200.0,1200.0,1200.0,1200.0,1200.0,1200.0,1200.0,1200.0,1200.0,1200.0,1200.0,1200.0,1200.0,1200.0,1200.0,1200.0,6.03,6.62,45.47,1200.0,30.74,1200.0,1200.0,23.47,timeout,timeout,timeout,timeout,timeout,timeout,timeout,timeout,timeout,timeout,timeout,timeout,timeout,timeout,timeout,timeout,timeout,timeout,timeout,timeout,timeout,timeout,timeout,ok,ok,ok,timeout,ok,timeout,timeout,ok,
SAT_Competition2009/CRAFTED/rbsat/crafted/unforced/rbsat-v1375c111739g2.cnf,rbsat-v1375c111739g2,,5000.0,clasp1,1200.0,1200.0,1200.0,1200.0,1200.0,1200.0,1200.0,1200.0,1200.0,1200.0,1200.0,1200.0,1200.0,1200.0,1200.0,1200.0,1200.0,1200.0,1200.0,1200.0,1200.0,1200.0,1200.0,1200.0,1200.0,1200.0,1200.0,1200.0,1200.0,1200.0,1200.0,timeout,timeout,timeout,timeout,timeout,timeout,timeout,timeout,timeout,timeout,timeout,timeout,timeout,timeout,timeout,timeout,timeout,timeout,timeout,timeout,timeout,timeout,timeout,timeout,timeout,timeout,timeout,timeout,timeout,timeout,timeout,
SAT_Competition2009/CRAFTED/rbsat/crafted/unforced/rbsat-v1375c111739g6.cnf,rbsat-v1375c111739g6,,5000.0,sparrow,1200.0,1200.0,1200.0,1200.0,1200.0,1200.0,1200.0,1200.0,1200.0,1200.0,1200.0,1200.0,1200.0,1200.0,1200.0,1200.0,1200.0,1200.0,1200.0,1200.0,1200.0,1200.0,1200.0,527.21,226.29,408.45,1200.0,81.16,1200.0,1200.0,151.72,timeout,timeout,timeout,timeout,timeout,timeout,timeout,timeout,timeout,timeout,timeout,timeout,timeout,timeout,timeout,timeout,timeout,timeout,timeout,timeout,timeout,timeout,timeout,ok,ok,ok,timeout,ok,timeout,timeout,ok,
SAT_Competition2009/CRAFTED/rbsat/crafted/unforced/rbsat-v1820c171155g4.cnf,rbsat-v1820c171155g4,,5000.0,clasp1,1200.0,1200.0,1200.0,1200.0,1200.0,1200.0,1200.0,1200.0,1200.0,1200.0,1200.0,1200.0,1200.0,1200.0,1200.0,1200.0,1200.0,1200.0,1200.0,1200.0,1200.0,1200.0,1200.0,1200.0,1200.0,1200.0,1200.0,1200.0,1200.0,1200.0,1200.0,timeout,timeout,timeout,timeout,timeout,timeout,timeout,timeout,timeout,timeout,timeout,timeout,timeout,timeout,timeout,timeout,timeout,timeout,timeout,timeout,timeout,timeout,timeout,timeout,timeout,timeout,timeout,timeout,timeout,timeout,timeout,
SAT_Competition2009/CRAFTED/rbsat/crafted/unforced/rbsat-v2400c266431g5.cnf,rbsat-v2400c266431g5,,5000.0,clasp1,1200.0,1200.0,1200.0,1200.0,1200.0,1200.0,1200.0,1200.0,1200.0,1200.0,1200.0,1200.0,1200.0,1200.0,1200.0,1200.0,1200.0,1200.0,1200.0,1200.0,1200.0,1200.0,1200.0,1200.0,1200.0,1200.0,1200.0,1200.0,1200.0,1200.0,1200.0,timeout,timeout,timeout,timeout,timeout,timeout,timeout,timeout,timeout,timeout,timeout,timeout,timeout,timeout,timeout,timeout,timeout,timeout,timeout,timeout,timeout,timeout,timeout,timeout,timeout,timeout,timeout,timeout,timeout,timeout,timeout,
SAT_Competition2009/CRAFTED/rbsat/crafted/unforced/rbsat-v2640c305320g4.cnf,rbsat-v2640c305320g4,,5000.0,clasp1,1200.0,1200.0,1200.0,1200.0,1200.0,1200.0,1200.0,1200.0,1200.0,1200.0,1200.0,1200.0,1200.0,1200.0,1200.0,1200.0,1200.0,1200.0,1200.0,1200.0,1200.0,1200.0,1200.0,1200.0,1200.0,1200.0,1200.0,1200.0,1200.0,1200.0,1200.0,timeout,timeout,timeout,timeout,timeout,timeout,timeout,timeout,timeout,timeout,timeout,timeout,timeout,timeout,timeout,timeout,timeout,timeout,timeout,timeout,timeout,timeout,timeout,timeout,timeout,timeout,timeout,timeout,timeout,timeout,timeout,
SAT_Competition2009/CRAFTED/rbsat/random/forced/rbsat-v1150c84314gyes3.cnf,rbsat-v1150c84314gyes3,,5000.0,sattime,1200.0,1200.0,1200.0,1200.0,1200.0,1200.0,1200.0,1200.0,1200.0,1200.0,1200.0,1200.0,1200.0,1200.0,1200.0,1200.0,1200.0,1200.0,1200.0,1200.0,1200.0,1200.0,1200.0,767.76,40.56,136.27,1200.0,1112.85,1200.0,1200.0,975.53,timeout,timeout,timeout,timeout,timeout,timeout,timeout,timeout,timeout,timeout,timeout,timeout,timeout,timeout,timeout,timeout,timeout,timeout,timeout,timeout,timeout,timeout,timeout,ok,ok,ok,timeout,ok,timeout,timeout,ok,
SAT_Competition2009/CRAFTED/rbsat/random/forced/rbsat-v2100c215164gyes2.cnf,rbsat-v2100c215164gyes2,,5000.0,clasp1,1200.0,1200.0,1200.0,1200.0,1200.0,1200.0,1200.0,1200.0,1200.0,1200.0,1200.0,1200.0,1200.0,1200.0,1200.0,1200.0,1200.0,1200.0,1200.0,1200.0,1200.0,1200.0,1200.0,1200.0,1200.0,1200.0,1200.0,1200.0,1200.0,1200.0,1200.0,timeout,timeout,timeout,timeout,timeout,timeout,timeout,timeout,timeout,timeout,timeout,timeout,timeout,timeout,timeout,timeout,timeout,timeout,timeout,timeout,timeout,timeout,timeout,timeout,timeout,timeout,timeout,timeout,timeout,timeout,timeout,
SAT_Competition2009/CRAFTED/rbsat/random/forced/rbsat-v760c43649gyes1.cnf,rbsat-v760c43649gyes1,/Users/herreran/Documents/Universidad/practica-invg/data/sat/instances/sc2012-hard-combinatorial/Hard Combinatorial SAT+UNSAT/SATCompetition2009/crafted/SAT09/CRAFTED/rbsat/crafted/forced/rbsat-v760c43649gyes1.cnf,5000.0,sattime,41.97,324.02,184.51,1200.0,108.23,148.11,88.55,0.59,358.15,277.69,41.51,64.43,215.23,156.71,332.03,160.61,593.24,87.19,74.48,111.66,415.99,168.52,386.35,2.34,0.27,19.41,786.32,0.35,1200.0,1200.0,0.63,ok,ok,ok,timeout,ok,ok,ok,ok,ok,ok,ok,ok,ok,ok,ok,ok,ok,ok,ok,ok,ok,ok,ok,ok,ok,ok,ok,ok,timeout,timeout,ok,/Users/herreran/Documents/Universidad/practica-invg/data/sat/datasets/sat_cnn_data_images/images/rbsat-v760c43649gyes1__6c3c8bde889e.npy
SAT_Competition2009/CRAFTED/rbsat/random/forced/rbsat-v760c43649gyes10.cnf,rbsat-v760c43649gyes10,/Users/herreran/Documents/Universidad/practica-invg/data/sat/instances/sc2012-hard-combinatorial/Hard Combinatorial SAT+UNSAT/SC2012 Hard Combinatorial/satcomp09-main-track-unselected/crafted/SAT09/CRAFTED/rbsat/crafted/forced/rbsat-v760c43649gyes10.cnf,5000.0,sattime,11.3,20.43,21.86,1200.0,4.52,43.75,24.64,5.17,1200.0,6.12,67.25,9.32,33.19,1.77,8.83,1.83,20.85,16.98,60.25,27.48,63.02,50.25,12.02,21.62,0.4,37.92,24.7,5.78,1200.0,543.92,0.47,ok,ok,ok,timeout,ok,ok,ok,ok,timeout,ok,ok,ok,ok,ok,ok,ok,ok,ok,ok,ok,ok,ok,ok,ok,ok,ok,ok,ok,timeout,ok,ok,/Users/herreran/Documents/Universidad/practica-invg/data/sat/datasets/sat_cnn_data_images/images/rbsat-v760c43649gyes10__f6059b2d86af.npy
SAT_Competition2009/CRAFTED/rbsat/random/forced/rbsat-v760c43649gyes4.cnf,rbsat-v760c43649gyes4,/Users/herreran/Documents/Universidad/practica-invg/data/sat/instances/sc2012-hard-combinatorial/Hard Combinatorial SAT+UNSAT/SC2012 Hard Combinatorial/satcomp09-main-track-unselected/crafted/SAT09/CRAFTED/rbsat/crafted/forced/rbsat-v760c43649gyes4.cnf,5000.0,sattime,62.03,53.12,73.3,1200.0,90.43,121.55,7.13,196.52,267.51,17.29,118.65,14.04,70.98,64.7,196.77,65.46,4.5,167.35,83.57,37.71,81.1,71.88,209.46,0.28,0.21,0.39,265.11,2.85,65.62,1200.0,1.4,ok,ok,ok,timeout,ok,ok,ok,ok,ok,ok,ok,ok,ok,ok,ok,ok,ok,ok,ok,ok,ok,ok,ok,ok,ok,ok,ok,ok,ok,timeout,ok,/Users/herreran/Documents/Universidad/practica-invg/data/sat/datasets/sat_cnn_data_images/images/rbsat-v760c43649gyes4__6632d466325e.npy
SAT_Competition2009/CRAFTED/rbsat/random/forced/rbsat-v760c43649gyes6.cnf,rbsat-v760c43649gyes6,/Users/herreran/Documents/Universidad/practica-invg/data/sat/instances/sc2012-hard-combinatorial/Hard Combinatorial SAT+UNSAT/SATCompetition2011/crafted/SAT09/CRAFTED/rbsat/crafted/forced/rbsat-v760c43649gyes6.cnf,5000.0,sattime,16.43,1.11,5.27,1200.0,240.62,70.46,108.68,42.51,847.9,394.17,848.53,48.04,421.2,67.73,131.77,61.94,110.14,20.14,127.95,450.54,638.77,58.09,717.38,2.42,0.51,23.74,118.31,3.75,1200.0,1200.0,4.48,ok,ok,ok,timeout,ok,ok,ok,ok,ok,ok,ok,ok,ok,ok,ok,ok,ok,ok,ok,ok,ok,ok,ok,ok,ok,ok,ok,ok,timeout,timeout,ok,/Users/herreran/Documents/Universidad/practica-invg/data/sat/datasets/sat_cnn_data_images/images/rbsat-v760c43649gyes6__d2e4216fb193.npy
SAT_Competition2009/CRAFTED/rbsat/random/forced/rbsat-v945c61409gyes4.cnf,rbsat-v945c61409gyes4,/Users/herreran/Documents/Universidad/practica-invg/data/sat/instances/sc2012-hard-combinatorial/Hard Combinatorial SAT+UNSAT/SC2012 Hard Combinatorial/satcomp09-main-track-unselected/crafted/SAT09/CRAFTED/rbsat/crafted/forced/rbsat-v945c61409gyes4.cnf,5000.0,satime11,43.36,1200.0,1200.0,1200.0,927.41,1200.0,509.1,1200.0,1200.0,1200.0,106.53,795.4,1200.0,1094.19,1200.0,1095.65,1041.8,886.37,1200.0,1200.0,1200.0,1200.0,1200.0,3.46,22.4,30.12,1200.0,7.93,1200.0,1200.0,24.04,ok,timeout,timeout,timeout,ok,timeout,ok,timeout,timeout,timeout,ok,ok,timeout,ok,timeout,ok,ok,ok,timeout,timeout,timeout,timeout,timeout,ok,ok,ok,timeout,ok,timeout,timeout,ok,/Users/herreran/Documents/Universidad/practica-invg/data/sat/datasets/sat_cnn_data_images/images/rbsat-v945c61409gyes4__2b72c91bb1d5.npy
SAT_Competition2009/CRAFTED/rbsat/random/forced/rbsat-v945c61409gyes9.cnf,rbsat-v945c61409gyes9,/Users/herreran/Documents/Universidad/practica-invg/data/sat/instances/sc2012-hard-combinatorial/Hard Combinatorial SAT+UNSAT/SATCompetition2009/crafted/SAT09/CRAFTED/rbsat/random/forced/rbsat-v945c61409gyes9.cnf,5000.0,sattimep,194.4,28.41,159.67,1200.0,831.88,231.48,140.57,1200.0,1200.0,1200.0,1200.0,616.01,138.44,1200.0,1200.0,1200.0,605.72,60.49,781.18,469.87,413.74,274.42,1200.0,9.98,42.74,9.05,1200.0,63.44,419.12,1200.0,28.77,ok,ok,ok,timeout,ok,ok,ok,timeout,timeout,timeout,timeout,ok,ok,timeout,timeout,timeout,ok,ok,ok,ok,ok,ok,timeout,ok,ok,ok,timeout,ok,ok,timeout,ok,/Users/herreran/Documents/Universidad/practica-invg/data/sat/datasets/sat_cnn_data_images/images/rbsat-v945c61409gyes9__fcbca8c58196.npy
SAT_Competition2009/CRAFTED/rbsat/random/unforced/rbsat-v1150c84314g2.cnf,rbsat-v1150c84314g2,,5000.0,clasp1,1200.0,1200.0,1200.0,1200.0,1200.0,1200.0,1200.0,1200.0,1200.0,1200.0,1200.0,1200.0,1200.0,1200.0,1200.0,1200.0,1200.0,1200.0,1200.0,1200.0,1200.0,1200.0,1200.0,1200.0,1200.0,1200.0,1200.0,1200.0,1200.0,1200.0,1200.0,timeout,timeout,timeout,timeout,timeout,timeout,timeout,timeout,timeout,timeout,timeout,timeout,timeout,timeout,timeout,timeout,timeout,timeout,timeout,timeout,timeout,timeout,timeout,timeout,timeout,timeout,timeout,timeout,timeout,timeout,timeout,
SAT_Competition2009/CRAFTED/rbsat/random/unforced/rbsat-v1820c171155g3.cnf,rbsat-v1820c171155g3,,5000.0,clasp1,1200.0,1200.0,1200.0,1200.0,1200.0,1200.0,1200.0,1200.0,1200.0,1200.0,1200.0,1200.0,1200.0,1200.0,1200.0,1200.0,1200.0,1200.0,1200.0,1200.0,1200.0,1200.0,1200.0,1200.0,1200.0,1200.0,1200.0,1200.0,1200.0,1200.0,1200.0,timeout,timeout,timeout,timeout,timeout,timeout,timeout,timeout,timeout,timeout,timeout,timeout,timeout,timeout,timeout,timeout,timeout,timeout,timeout,timeout,timeout,timeout,timeout,timeout,timeout,timeout,timeout,timeout,timeout,timeout,timeout,
SAT_Competition2009/CRAFTED/rbsat/random/unforced/rbsat-v2640c305320g2.cnf,rbsat-v2640c305320g2,,5000.0,clasp1,1200.0,1200.0,1200.0,1200.0,1200.0,1200.0,1200.0,1200.0,1200.0,1200.0,1200.0,1200.0,1200.0,1200.0,1200.0,1200.0,1200.0,1200.0,1200.0,1200.0,1200.0,1200.0,1200.0,1200.0,1200.0,1200.0,1200.0,1200.0,1200.0,1200.0,1200.0,timeout,timeout,timeout,timeout,timeout,timeout,timeout,timeout,timeout,timeout,timeout,timeout,timeout,timeout,timeout,timeout,timeout,timeout,timeout,timeout,timeout,timeout,timeout,timeout,timeout,timeout,timeout,timeout,timeout,timeout,timeout,
SAT_Competition2009/CRAFTED/rbsat/random/unforced/rbsat-v2640c305320g6.cnf,rbsat-v2640c305320g6,,5000.0,clasp1,1200.0,1200.0,1200.0,1200.0,1200.0,1200.0,1200.0,1200.0,1200.0,1200.0,1200.0,1200.0,1200.0,1200.0,1200.0,1200.0,1200.0,1200.0,1200.0,1200.0,1200.0,1200.0,1200.0,1200.0,1200.0,1200.0,1200.0,1200.0,1200.0,1200.0,1200.0,timeout,timeout,timeout,timeout,timeout,timeout,timeout,timeout,timeout,timeout,timeout,timeout,timeout,timeout,timeout,timeout,timeout,timeout,timeout,timeout,timeout,timeout,timeout,timeout,timeout,timeout,timeout,timeout,timeout,timeout,timeout,
SAT_Competition2009/CRAFTED/rbsat/random/unforced/rbsat-v760c43649g1.cnf,rbsat-v760c43649g1,/Users/herreran/Documents/Universidad/practica-invg/data/sat/instances/sc2012-hard-combinatorial/Hard Combinatorial SAT+UNSAT/SATCompetition2009/crafted/SAT09/CRAFTED/rbsat/random/unforced/rbsat-v760c43649g1.cnf,5000.0,sparrow,64.06,55.55,195.23,1200.0,201.79,48.71,104.02,171.84,1200.0,201.54,21.4,35.7,75.01,200.65,484.72,176.8,118.29,75.74,89.76,48.41,3.42,362.36,555.41,0.84,2.44,28.57,349.0,0.09,1200.0,1200.0,0.39,ok,ok,ok,timeout,ok,ok,ok,ok,timeout,ok,ok,ok,ok,ok,ok,ok,ok,ok,ok,ok,ok,ok,ok,ok,ok,ok,ok,ok,timeout,timeout,ok,/Users/herreran/Documents/Universidad/practica-invg/data/sat/datasets/sat_cnn_data_images/images/rbsat-v760c43649g1__250a21e1768f.npy
SAT_Competition2009/CRAFTED/rbsat/random/unforced/rbsat-v760c43649g10.cnf,rbsat-v760c43649g10,/Users/herreran/Documents/Universidad/practica-invg/data/sat/instances/sc2012-hard-combinatorial/Hard Combinatorial SAT+UNSAT/SATCompetition2009/crafted/SAT09/CRAFTED/rbsat/random/unforced/rbsat-v760c43649g10.cnf,5000.0,marchrw,22.35,135.95,255.98,1200.0,438.23,313.78,250.32,344.99,1200.0,74.09,24.39,3.37,230.86,218.15,484.41,218.77,96.97,245.69,142.4,170.32,820.98,65.69,444.91,8.34,233.22,1200.0,15.29,401.3,1200.0,104.52,5.88,ok,ok,ok,timeout,ok,ok,ok,ok,timeout,ok,ok,ok,ok,ok,ok,ok,ok,ok,ok,ok,ok,ok,ok,ok,ok,timeout,ok,ok,timeout,ok,ok,/Users/herreran/Documents/Universidad/practica-invg/data/sat/datasets/sat_cnn_data_images/images/rbsat-v760c43649g10__355f2617d0ae.npy
SAT_Competition2009/CRAFTED/rbsat/random/unforced/rbsat-v760c43649g4.cnf,rbsat-v760c43649g4,/Users/herreran/Documents/Universidad/practica-invg/data/sat/instances/sc2012-hard-combinatorial/Hard Combinatorial SAT+UNSAT/SC2012 Hard Combinatorial/satcomp09-main-track-unselected/crafted/SAT09/CRAFTED/rbsat/crafted/unforced/rbsat-v760c43649g4.cnf,5000.0,clasp1,197.07,211.61,371.75,1200.0,786.44,1200.0,303.09,1128.15,1200.0,1200.0,933.61,233.45,641.44,549.52,1010.78,572.81,499.19,1200.0,556.87,314.13,855.33,958.7,1200.0,1200.0,1200.0,1200.0,1173.2,1200.0,1200.0,1200.0,1200.0,ok,ok,ok,timeout,ok,timeout,ok,ok,timeout,timeout,ok,ok,ok,ok,ok,ok,ok,timeout,ok,ok,ok,ok,timeout,timeout,timeout,timeout,ok,timeout,timeout,timeout,timeout,/Users/herreran/Documents/Universidad/practica-invg/data/sat/datasets/sat_cnn_data_images/images/rbsat-v760c43649g4__2f756558034f.npy
SAT_Competition2009/CRAFTED/rbsat/random/unforced/rbsat-v760c43649g8.cnf,rbsat-v760c43649g8,/Users/herreran/Documents/Universidad/practica-invg/data/sat/instances/sc2012-hard-combinatorial/Hard Combinatorial SAT+UNSAT/SC2012 Hard Combinatorial/satcomp09-main-track-unselected/crafted/SAT09/CRAFTED/rbsat/crafted/unforced/rbsat-v760c43649g8.cnf,5000.0,minisatpsm,33.56,4.42,95.12,1200.0,239.05,302.98,120.64,32.2,648.1,125.27,92.01,29.79,0.59,206.58,373.11,190.51,9.23,387.8,19.37,120.7,358.07,78.06,364.41,10.67,14.07,32.15,10.17,2.39,1200.0,1200.0,1.88,ok,ok,ok,timeout,ok,ok,ok,ok,ok,ok,ok,ok,ok,ok,ok,ok,ok,ok,ok,ok,ok,ok,ok,ok,ok,ok,ok,ok,timeout,timeout,ok,/Users/herreran/Documents/Universidad/practica-invg/data/sat/datasets/sat_cnn_data_images/images/rbsat-v760c43649g8__fbcd5fa70047.npy
SAT_Competition2009/CRAFTED/rbsat/random/unforced/rbsat-v945c61409g10.cnf,rbsat-v945c61409g10,/Users/herreran/Documents/Universidad/practica-invg/data/sat/instances/sc2012-hard-combinatorial/Hard Combinatorial SAT+UNSAT/SATCompetition2009/crafted/SAT09/CRAFTED/rbsat/random/unforced/rbsat-v945c61409g10.cnf,5000.0,clasp2,68.32,3.59,962.47,1200.0,848.73,53.54,52.81,16.07,1200.0,1200.0,1061.01,243.16,990.61,142.82,602.38,149.9,815.49,1124.98,977.04,601.99,885.68,1200.0,1200.0,28.76,218.38,555.74,33.42,7.08,1200.0,1200.0,149.15,ok,ok,ok,timeout,ok,ok,ok,ok,timeout,timeout,ok,ok,ok,ok,ok,ok,ok,ok,ok,ok,ok,timeout,timeout,ok,ok,ok,ok,ok,timeout,timeout,ok,/Users/herreran/Documents/Universidad/practica-invg/data/sat/datasets/sat_cnn_data_images/images/rbsat-v945c61409g10__adbffae7d908.npy
SAT_Competition2009/CRAFTED/sgen/sat/sgen1-sat-140-100.cnf,sgen1-sat-140-100,/Users/herreran/Documents/Universidad/practica-invg/data/sat/instances/sc2012-hard-combinatorial/Hard Combinatorial SAT+UNSAT/SATCompetition2009/crafted/SAT09/CRAFTED/sgen/sat/sgen1-sat-140-100.cnf,5000.0,sattime,26.0,62.59,118.62,1200.0,879.98,7.56,63.66,1200.0,0.25,759.24,9.33,1.29,1000.87,0.7,0.74,0.72,18.22,47.71,90.83,16.01,132.77,0.16,12.5,0.07,0.01,0.2,1200.0,0.15,8.18,1101.49,2.27,ok,ok,ok,timeout,ok,ok,ok,timeout,ok,ok,ok,ok,ok,ok,ok,ok,ok,ok,ok,ok,ok,ok,ok,ok,ok,ok,timeout,ok,ok,ok,ok,/Users/herreran/Documents/Universidad/practica-invg/data/sat/datasets/sat_cnn_data_images/images/sgen1-sat-140-100__abb584a9dadc.npy
SAT_Competition2009/CRAFTED/sgen/sat/sgen1-sat-160-100.cnf,sgen1-sat-160-100,/Users/herreran/Documents/Universidad/practica-invg/data/sat/instances/sc2012-hard-combinatorial/Hard Combinatorial SAT+UNSAT/SATCompetition2009/crafted/SAT09/CRAFTED/sgen/sat/sgen1-sat-160-100.cnf,5000.0,satime11,263.74,583.32,1200.0,1200.0,1200.0,1.04,1200.0,405.57,0.25,226.65,239.79,3.79,58.09,0.93,0.76,1.01,104.47,38.06,1006.25,1200.0,137.62,16.54,29.2,0.13,0.63,1.06,1200.0,3.05,13.61,1200.0,0.59,ok,ok,timeout,timeout,timeout,ok,timeout,ok,ok,ok,ok,ok,ok,ok,ok,ok,ok,ok,ok,timeout,ok,ok,ok,ok,ok,ok,timeout,ok,ok,timeout,ok,/Users/herreran/Documents/Universidad/practica-invg/data/sat/datasets/sat_cnn_data_images/images/sgen1-sat-160-100__801f2341ce61.npy
SAT_Competition2009/CRAFTED/sgen/sat/sgen1-sat-180-100.cnf,sgen1-sat-180-100,/Users/herreran/Documents/Universidad/practica-invg/data/sat/instances/sc2012-hard-combinatorial/Hard Combinatorial SAT+UNSAT/SATCompetition2009/crafted/SAT09/CRAFTED/sgen/sat/sgen1-sat-180-100.cnf,5000.0,tnm,238.33,1200.0,1200.0,1200.0,1200.0,749.48,1200.0,1200.0,0.61,105.7,455.86,36.15,1200.0,0.88,0.67,0.84,166.71,1200.0,1200.0,1200.0,1200.0,434.97,242.68,0.35,3.43,0.35,1200.0,6.05,1200.0,1200.0,0.31,ok,timeout,timeout,timeout,timeout,ok,timeout,timeout,ok,ok,ok,ok,timeout,ok,ok,ok,ok,timeout,timeout,timeout,timeout,ok,ok,ok,ok,ok,timeout,ok,timeout,timeout,ok,/Users/herreran/Documents/Universidad/practica-invg/data/sat/datasets/sat_cnn_data_images/images/sgen1-sat-180-100__3a85a9f7b210.npy
SAT_Competition2009/CRAFTED/sgen/sat/sgen1-sat-200-100.cnf,sgen1-sat-200-100,/Users/herreran/Documents/Universidad/practica-invg/data/sat/instances/sc2012-hard-combinatorial/Hard Combinatorial SAT+UNSAT/SATCompetition2009/crafted/SAT09/CRAFTED/sgen/sat/sgen1-sat-200-100.cnf,5000.0,sattime,1200.0,1200.0,1200.0,1200.0,1200.0,1200.0,1200.0,1200.0,6.41,1200.0,1200.0,527.15,1200.0,44.9,39.37,14.52,28.91,1200.0,1200.0,1200.0,1200.0,52.12,149.51,7.15,0.44,2.33,1200.0,10.38,221.36,1200.0,36.94,timeout,timeout,timeout,timeout,timeout,timeout,timeout,timeout,ok,timeout,timeout,ok,timeout,ok,ok,ok,ok,timeout,timeout,timeout,timeout,ok,ok,ok,ok,ok,timeout,ok,ok,timeout,ok,/Users/herreran/Documents/Universidad/practica-invg/data/sat/datasets/sat_cnn_data_images/images/sgen1-sat-200-100__44016c97f5d4.npy
SAT_Competition2009/CRAFTED/sgen/sat/sgen1-sat-220-100.cnf,sgen1-sat-220-100,/Users/herreran/Documents/Universidad/practica-invg/data/sat/instances/sc2012-hard-combinatorial/Hard Combinatorial SAT+UNSAT/SATCompetition2009/crafted/SAT09/CRAFTED/sgen/sat/sgen1-sat-220-100.cnf,5000.0,sattime,1200.0,1200.0,1200.0,1200.0,1200.0,1200.0,1200.0,1200.0,7.25,1200.0,1200.0,1072.78,1200.0,44.33,37.98,57.72,1200.0,1200.0,1200.0,1200.0,1200.0,1200.0,883.54,0.56,0.04,1.39,1200.0,33.54,1200.0,1200.0,40.76,timeout,timeout,timeout,timeout,timeout,timeout,timeout,timeout,ok,timeout,timeout,ok,timeout,ok,ok,ok,timeout,timeout,timeout,timeout,timeout,timeout,ok,ok,ok,ok,timeout,ok,timeout,timeout,ok,/Users/herreran/Documents/Universidad/practica-invg/data/sat/datasets/sat_cnn_data_images/images/sgen1-sat-220-100__479998a5690d.npy
SAT_Competition2009/CRAFTED/sgen/sat/sgen1-sat-230-100.cnf,sgen1-sat-230-100,/Users/herreran/Documents/Universidad/practica-invg/data/sat/instances/sc2012-hard-combinatorial/Hard Combinatorial SAT+UNSAT/SATCompetition2009/crafted/SAT09/CRAFTED/sgen/sat/sgen1-sat-230-100.cnf,5000.0,mphaseSAT64,1200.0,1200.0,1200.0,1200.0,1200.0,1200.0,1200.0,1200.0,24.54,1200.0,1200.0,1200.0,1200.0,2.76,2.2,2.73,1200.0,1200.0,1200.0,1200.0,1200.0,699.64,1200.0,23.72,12.39,5.26,1200.0,14.64,1200.0,1200.0,582.82,timeout,timeout,timeout,timeout,timeout,timeout,timeout,timeout,ok,timeout,timeout,timeout,timeout,ok,ok,ok,timeout,timeout,timeout,timeout,timeout,ok,timeout,ok,ok,ok,timeout,ok,timeout,timeout,ok,/Users/herreran/Documents/Universidad/practica-invg/data/sat/datasets/sat_cnn_data_images/images/sgen1-sat-230-100__85b748e26869.npy
SAT_Competition2009/CRAFTED/sgen/sat/sgen1-sat-240-100.cnf,sgen1-sat-240-100,/Users/herreran/Documents/Universidad/practica-invg/data/sat/instances/sc2012-hard-combinatorial/Hard Combinatorial SAT+UNSAT/SATCompetition2009/crafted/SAT09/CRAFTED/sgen/sat/sgen1-sat-240-100.cnf,5000.0,mphaseSAT64,1200.0,1200.0,1200.0,1200.0,1200.0,1200.0,1200.0,1200.0,41.17,1200.0,1200.0,1200.0,1200.0,13.74,11.51,15.29,1200.0,1200.0,1200.0,1200.0,1200.0,1200.0,1200.0,76.85,71.33,64.29,1200.0,640.8,1200.0,1200.0,76.51,timeout,timeout,timeout,timeout,timeout,timeout,timeout,timeout,ok,timeout,timeout,timeout,timeout,ok,ok,ok,timeout,timeout,timeout,timeout,timeout,timeout,timeout,ok,ok,ok,timeout,ok,timeout,timeout,ok,/Users/herreran/Documents/Universidad/practica-invg/data/sat/datasets/sat_cnn_data_images/images/sgen1-sat-240-100__e76d391a52f1.npy
SAT_Competition2009/CRAFTED/sgen/sat/sgen1-sat-250-100.cnf,sgen1-sat-250-100,/Users/herreran/Documents/Universidad/practica-invg/data/sat/instances/sc2012-hard-combinatorial/Hard Combinatorial SAT+UNSAT/SATCompetition2009/crafted/SAT09/CRAFTED/sgen/sat/sgen1-sat-250-100.cnf,5000.0,sattimep,1200.0,1200.0,1200.0,1200.0,1200.0,1200.0,1200.0,1200.0,15.94,1200.0,1200.0,1200.0,1200.0,80.44,64.68,168.89,1200.0,1200.0,1200.0,1200.0,1200.0,1200.0,1200.0,48.94,428.59,7.26,1200.0,226.95,1200.0,1200.0,109.54,timeout,timeout,timeout,timeout,timeout,timeout,timeout,timeout,ok,timeout,timeout,timeout,timeout,ok,ok,ok,timeout,timeout,timeout,timeout,timeout,timeout,timeout,ok,ok,ok,timeout,ok,timeout,timeout,ok,/Users/herreran/Documents/Universidad/practica-invg/data/sat/datasets/sat_cnn_data_images/images/sgen1-sat-250-100__323ed8c2efb2.npy
SAT_Competition2009/CRAFTED/sgen/sat/sgen1-sat-260-100.cnf,sgen1-sat-260-100,/Users/herreran/Documents/Universidad/practica-invg/data/sat/instances/sc2012-hard-combinatorial/Hard Combinatorial SAT+UNSAT/SATCompetition2009/crafted/SAT09/CRAFTED/sgen/sat/sgen1-sat-260-100.cnf,5000.0,sattimep,1200.0,1200.0,1200.0,1200.0,1200.0,1200.0,1200.0,1200.0,17.73,1200.0,1200.0,1200.0,1200.0,505.82,410.54,257.99,1200.0,1200.0,1200.0,1200.0,1200.0,1200.0,1200.0,104.89,177.61,13.3,1200.0,13.34,1200.0,1200.0,786.04,timeout,timeout,timeout,timeout,timeout,timeout,timeout,timeout,ok,timeout,timeout,timeout,timeout,ok,ok,ok,timeout,timeout,timeout,timeout,timeout,timeout,timeout,ok,ok,ok,timeout,ok,timeout,timeout,ok,/Users/herreran/Documents/Universidad/practica-invg/data/sat/datasets/sat_cnn_data_images/images/sgen1-sat-260-100__d3d2d89f6bf4.npy
SAT_Competition2009/CRAFTED/sgen/sat/sgen1-sat-270-100.cnf,sgen1-sat-270-100,/Users/herreran/Documents/Universidad/practica-invg/data/sat/instances/sc2012-hard-combinatorial/Hard Combinatorial SAT+UNSAT/SATCompetition2009/crafted/SAT09/CRAFTED/sgen/sat/sgen1-sat-270-100.cnf,5000.0,mphaseSAT64,1200.0,1200.0,1200.0,1200.0,1200.0,1200.0,1200.0,1200.0,323.91,1200.0,1200.0,1200.0,1200.0,1.18,0.81,1.25,1200.0,1200.0,1200.0,1200.0,1200.0,1200.0,1200.0,411.17,228.19,19.97,1200.0,727.14,1200.0,1200.0,1200.0,timeout,timeout,timeout,timeout,timeout,timeout,timeout,timeout,ok,timeout,timeout,timeout,timeout,ok,ok,ok,timeout,timeout,timeout,timeout,timeout,timeout,timeout,ok,ok,ok,timeout,ok,timeout,timeout,timeout,/Users/herreran/Documents/Universidad/practica-invg/data/sat/datasets/sat_cnn_data_images/images/sgen1-sat-270-100__f356e885b158.npy
SAT_Competition2009/CRAFTED/sgen/sat/sgen1-sat-280-100.cnf,sgen1-sat-280-100,/Users/herreran/Documents/Universidad/practica-invg/data/sat/instances/sc2012-hard-combinatorial/Hard Combinatorial SAT+UNSAT/SATCompetition2009/crafted/SAT09/CRAFTED/sgen/sat/sgen1-sat-280-100.cnf,5000.0,gnoveltyp2,1200.0,1200.0,1200.0,1200.0,1200.0,1200.0,1200.0,1200.0,26.04,1200.0,1200.0,1200.0,1200.0,448.48,393.23,583.68,1200.0,1200.0,1200.0,1200.0,1200.0,1200.0,1200.0,300.79,1200.0,993.31,1200.0,1200.0,1200.0,1200.0,455.09,timeout,timeout,timeout,timeout,timeout,timeout,timeout,timeout,ok,timeout,timeout,timeout,timeout,ok,ok,ok,timeout,timeout,timeout,timeout,timeout,timeout,timeout,ok,timeout,ok,timeout,timeout,timeout,timeout,ok,/Users/herreran/Documents/Universidad/practica-invg/data/sat/datasets/sat_cnn_data_images/images/sgen1-sat-280-100__19baccbb3e6f.npy
SAT_Competition2009/CRAFTED/sgen/sat/sgen1-sat-290-100.cnf,sgen1-sat-290-100,/Users/herreran/Documents/Universidad/practica-invg/data/sat/instances/sc2012-hard-combinatorial/Hard Combinatorial SAT+UNSAT/SATCompetition2009/crafted/SAT09/CRAFTED/sgen/sat/sgen1-sat-290-100.cnf,5000.0,sattimep,1200.0,1200.0,1200.0,1200.0,1200.0,1200.0,1200.0,1200.0,323.4,1200.0,1200.0,1200.0,1200.0,345.56,282.04,247.63,1200.0,1200.0,1200.0,1200.0,1200.0,1200.0,1200.0,1200.0,507.77,11.65,1200.0,1200.0,1200.0,1200.0,1200.0,timeout,timeout,timeout,timeout,timeout,timeout,timeout,timeout,ok,timeout,timeout,timeout,timeout,ok,ok,ok,timeout,timeout,timeout,timeout,timeout,timeout,timeout,timeout,ok,ok,timeout,timeout,timeout,timeout,timeout,/Users/herreran/Documents/Universidad/practica-invg/data/sat/datasets/sat_cnn_data_images/images/sgen1-sat-290-100__5f1a4d52258f.npy
SAT_Competition2009/CRAFTED/sgen/sat/sgen1-sat-300-100.cnf,sgen1-sat-300-100,/Users/herreran/Documents/Universidad/practica-invg/data/sat/instances/sc2012-hard-combinatorial/Hard Combinatorial SAT+UNSAT/SATCompetition2009/crafted/SAT09/CRAFTED/sgen/sat/sgen1-sat-300-100.cnf,5000.0,sattime,1200.0,1200.0,1200.0,1200.0,1200.0,1200.0,1200.0,1200.0,547.68,1200.0,1200.0,1200.0,1200.0,1200.0,1200.0,1200.0,1200.0,1200.0,1200.0,1200.0,1200.0,1200.0,1200.0,1195.22,39.27,87.04,1200.0,1200.0,1200.0,1200.0,1200.0,timeout,timeout,timeout,timeout,timeout,timeout,timeout,timeout,ok,timeout,timeout,timeout,timeout,timeout,timeout,timeout,timeout,timeout,timeout,timeout,timeout,timeout,timeout,ok,ok,ok,timeout,timeout,timeout,timeout,timeout,/Users/herreran/Documents/Universidad/practica-invg/data/sat/datasets/sat_cnn_data_images/images/sgen1-sat-300-100__413f591a298a.npy
SAT_Competition2009/CRAFTED/sgen/unsat/sgen1-unsat-103-100.cnf,sgen1-unsat-103-100,,5000.0,clasp1,1200.0,1200.0,1200.0,1200.0,1200.0,1200.0,1200.0,1200.0,1200.0,1200.0,1200.0,1200.0,1200.0,1200.0,1200.0,1200.0,1200.0,1200.0,1200.0,1200.0,1200.0,1200.0,1200.0,1200.0,1200.0,1200.0,1200.0,1200.0,1200.0,1200.0,1200.0,timeout,timeout,timeout,timeout,timeout,timeout,timeout,timeout,timeout,timeout,timeout,timeout,timeout,timeout,timeout,timeout,timeout,timeout,timeout,timeout,timeout,timeout,timeout,timeout,timeout,timeout,timeout,timeout,timeout,timeout,timeout,
SAT_Competition2009/CRAFTED/sgen/unsat/sgen1-unsat-109-100.cnf,sgen1-unsat-109-100,,5000.0,clasp1,1200.0,1200.0,1200.0,1200.0,1200.0,1200.0,1200.0,1200.0,1200.0,1200.0,1200.0,1200.0,1200.0,1200.0,1200.0,1200.0,1200.0,1200.0,1200.0,1200.0,1200.0,1200.0,1200.0,1200.0,1200.0,1200.0,1200.0,1200.0,1200.0,1200.0,1200.0,timeout,timeout,timeout,timeout,timeout,timeout,timeout,timeout,timeout,timeout,timeout,timeout,timeout,timeout,timeout,timeout,timeout,timeout,timeout,timeout,timeout,timeout,timeout,timeout,timeout,timeout,timeout,timeout,timeout,timeout,timeout,
SAT_Competition2009/CRAFTED/sgen/unsat/sgen1-unsat-115-100.cnf,sgen1-unsat-115-100,,5000.0,clasp1,1200.0,1200.0,1200.0,1200.0,1200.0,1200.0,1200.0,1200.0,1200.0,1200.0,1200.0,1200.0,1200.0,1200.0,1200.0,1200.0,1200.0,1200.0,1200.0,1200.0,1200.0,1200.0,1200.0,1200.0,1200.0,1200.0,1200.0,1200.0,1200.0,1200.0,1200.0,timeout,timeout,timeout,timeout,timeout,timeout,timeout,timeout,timeout,timeout,timeout,timeout,timeout,timeout,timeout,timeout,timeout,timeout,timeout,timeout,timeout,timeout,timeout,timeout,timeout,timeout,timeout,timeout,timeout,timeout,timeout,
SAT_Competition2009/CRAFTED/sgen/unsat/sgen1-unsat-121-100.cnf,sgen1-unsat-121-100,,5000.0,clasp1,1200.0,1200.0,1200.0,1200.0,1200.0,1200.0,1200.0,1200.0,1200.0,1200.0,1200.0,1200.0,1200.0,1200.0,1200.0,1200.0,1200.0,1200.0,1200.0,1200.0,1200.0,1200.0,1200.0,1200.0,1200.0,1200.0,1200.0,1200.0,1200.0,1200.0,1200.0,timeout,timeout,timeout,timeout,timeout,timeout,timeout,timeout,timeout,timeout,timeout,timeout,timeout,timeout,timeout,timeout,timeout,timeout,timeout,timeout,timeout,timeout,timeout,timeout,timeout,timeout,timeout,timeout,timeout,timeout,timeout,
SAT_Competition2009/CRAFTED/sgen/unsat/sgen1-unsat-127-100.cnf,sgen1-unsat-127-100,,5000.0,clasp1,1200.0,1200.0,1200.0,1200.0,1200.0,1200.0,1200.0,1200.0,1200.0,1200.0,1200.0,1200.0,1200.0,1200.0,1200.0,1200.0,1200.0,1200.0,1200.0,1200.0,1200.0,1200.0,1200.0,1200.0,1200.0,1200.0,1200.0,1200.0,1200.0,1200.0,1200.0,timeout,timeout,timeout,timeout,timeout,timeout,timeout,timeout,timeout,timeout,timeout,timeout,timeout,timeout,timeout,timeout,timeout,timeout,timeout,timeout,timeout,timeout,timeout,timeout,timeout,timeout,timeout,timeout,timeout,timeout,timeout,
SAT_Competition2009/CRAFTED/sgen/unsat/sgen1-unsat-133-100.cnf,sgen1-unsat-133-100,,5000.0,clasp1,1200.0,1200.0,1200.0,1200.0,1200.0,1200.0,1200.0,1200.0,1200.0,1200.0,1200.0,1200.0,1200.0,1200.0,1200.0,1200.0,1200.0,1200.0,1200.0,1200.0,1200.0,1200.0,1200.0,1200.0,1200.0,1200.0,1200.0,1200.0,1200.0,1200.0,1200.0,timeout,timeout,timeout,timeout,timeout,timeout,timeout,timeout,timeout,timeout,timeout,timeout,timeout,timeout,timeout,timeout,timeout,timeout,timeout,timeout,timeout,timeout,timeout,timeout,timeout,timeout,timeout,timeout,timeout,timeout,timeout,
SAT_Competition2009/CRAFTED/sgen/unsat/sgen1-unsat-139-100.cnf,sgen1-unsat-139-100,,5000.0,clasp1,1200.0,1200.0,1200.0,1200.0,1200.0,1200.0,1200.0,1200.0,1200.0,1200.0,1200.0,1200.0,1200.0,1200.0,1200.0,1200.0,1200.0,1200.0,1200.0,1200.0,1200.0,1200.0,1200.0,1200.0,1200.0,1200.0,1200.0,1200.0,1200.0,1200.0,1200.0,timeout,timeout,timeout,timeout,timeout,timeout,timeout,timeout,timeout,timeout,timeout,timeout,timeout,timeout,timeout,timeout,timeout,timeout,timeout,timeout,timeout,timeout,timeout,timeout,timeout,timeout,timeout,timeout,timeout,timeout,timeout,
SAT_Competition2009/CRAFTED/sgen/unsat/sgen1-unsat-145-100.cnf,sgen1-unsat-145-100,,5000.0,clasp1,1200.0,1200.0,1200.0,1200.0,1200.0,1200.0,1200.0,1200.0,1200.0,1200.0,1200.0,1200.0,1200.0,1200.0,1200.0,1200.0,1200.0,1200.0,1200.0,1200.0,1200.0,1200.0,1200.0,1200.0,1200.0,1200.0,1200.0,1200.0,1200.0,1200.0,1200.0,timeout,timeout,timeout,timeout,timeout,timeout,timeout,timeout,timeout,timeout,timeout,timeout,timeout,timeout,timeout,timeout,timeout,timeout,timeout,timeout,timeout,timeout,timeout,timeout,timeout,timeout,timeout,timeout,timeout,timeout,timeout,
SAT_Competition2009/CRAFTED/sgen/unsat/sgen1-unsat-151-100.cnf,sgen1-unsat-151-100,,5000.0,clasp1,1200.0,1200.0,1200.0,1200.0,1200.0,1200.0,1200.0,1200.0,1200.0,1200.0,1200.0,1200.0,1200.0,1200.0,1200.0,1200.0,1200.0,1200.0,1200.0,1200.0,1200.0,1200.0,1200.0,1200.0,1200.0,1200.0,1200.0,1200.0,1200.0,1200.0,1200.0,timeout,timeout,timeout,timeout,timeout,timeout,timeout,timeout,timeout,timeout,timeout,timeout,timeout,timeout,timeout,timeout,timeout,timeout,timeout,timeout,timeout,timeout,timeout,timeout,timeout,timeout,timeout,timeout,timeout,timeout,timeout,
SAT_Competition2009/CRAFTED/sgen/unsat/sgen1-unsat-61-100.cnf,sgen1-unsat-61-100,/Users/herreran/Documents/Universidad/practica-invg/data/sat/instances/sc2012-hard-combinatorial/Hard Combinatorial SAT+UNSAT/SATCompetition2009/crafted/SAT09/CRAFTED/sgen/unsat/sgen1-unsat-61-100.cnf,5000.0,mxc09,0.61,1.26,4.31,1200.0,2.02,1.98,0.81,3.78,1200.0,2.08,1200.0,1.74,2.61,12.8,14.02,11.92,0.5,0.79,1.1,1.62,1.37,6.65,5.15,1200.0,1200.0,1200.0,3.05,1200.0,4.7,82.67,1200.0,ok,ok,ok,timeout,ok,ok,ok,ok,timeout,ok,timeout,ok,ok,ok,ok,ok,ok,ok,ok,ok,ok,ok,ok,timeout,timeout,timeout,ok,timeout,ok,ok,timeout,/Users/herreran/Documents/Universidad/practica-invg/data/sat/datasets/sat_cnn_data_images/images/sgen1-unsat-61-100__584ba276ab67.npy
SAT_Competition2009/CRAFTED/sgen/unsat/sgen1-unsat-73-100.cnf,sgen1-unsat-73-100,/Users/herreran/Documents/Universidad/practica-invg/data/sat/instances/sc2012-hard-combinatorial/Hard Combinatorial SAT+UNSAT/SATCompetition2009/crafted/SAT09/CRAFTED/sgen/unsat/sgen1-unsat-73-100.cnf,5000.0,picosat,11.34,22.98,15.31,1200.0,28.05,36.51,15.98,58.96,1200.0,20.76,1200.0,21.47,98.24,59.41,61.83,35.13,8.69,6.23,25.01,28.26,43.75,59.7,56.91,1200.0,1200.0,1200.0,136.6,1200.0,48.96,1200.0,1200.0,ok,ok,ok,timeout,ok,ok,ok,ok,timeout,ok,timeout,ok,ok,ok,ok,ok,ok,ok,ok,ok,ok,ok,ok,timeout,timeout,timeout,ok,timeout,ok,timeout,timeout,/Users/herreran/Documents/Universidad/practica-invg/data/sat/datasets/sat_cnn_data_images/images/sgen1-unsat-73-100__1c73a68c2e05.npy
SAT_Competition2009/CRAFTED/sgen/unsat/sgen1-unsat-85-100.cnf,sgen1-unsat-85-100,/Users/herreran/Documents/Universidad/practica-invg/data/sat/instances/sc2012-hard-combinatorial/Hard Combinatorial SAT+UNSAT/SATCompetition2009/crafted/SAT09/CRAFTED/sgen/unsat/sgen1-unsat-85-100.cnf,5000.0,picosat,107.45,140.59,440.09,1200.0,1200.0,491.92,929.25,1200.0,1200.0,854.31,1200.0,277.64,1200.0,431.94,326.51,413.71,275.93,56.67,753.94,462.43,1200.0,707.97,1200.0,1200.0,1200.0,1200.0,1200.0,1200.0,643.08,1200.0,1200.0,ok,ok,ok,timeout,timeout,ok,ok,timeout,timeout,ok,timeout,ok,timeout,ok,ok,ok,ok,ok,ok,ok,timeout,ok,timeout,timeout,timeout,timeout,timeout,timeout,ok,timeout,timeout,/Users/herreran/Documents/Universidad/practica-invg/data/sat/datasets/sat_cnn_data_images/images/sgen1-unsat-85-100__569e412de0ed.npy
SAT_Competition2009/CRAFTED/sgen/unsat/sgen1-unsat-97-100.cnf,sgen1-unsat-97-100,/Users/herreran/Documents/Universidad/practica-invg/data/sat/instances/sc2012-hard-combinatorial/Hard Combinatorial SAT+UNSAT/SATCompetition2009/crafted/SAT09/CRAFTED/sgen/unsat/sgen1-unsat-97-100.cnf,5000.0,clasp1,798.5,1062.41,1200.0,1200.0,1200.0,1200.0,1200.0,1200.0,1200.0,1200.0,1200.0,1200.0,1200.0,1200.0,1200.0,1200.0,1200.0,1200.0,1200.0,1200.0,1200.0,1200.0,1200.0,1200.0,1200.0,1200.0,1200.0,1200.0,1200.0,1200.0,1200.0,ok,ok,timeout,timeout,timeout,timeout,timeout,timeout,timeout,timeout,timeout,timeout,timeout,timeout,timeout,timeout,timeout,timeout,timeout,timeout,timeout,timeout,timeout,timeout,timeout,timeout,timeout,timeout,timeout,timeout,timeout,/Users/herreran/Documents/Universidad/practica-invg/data/sat/datasets/sat_cnn_data_images/images/sgen1-unsat-97-100__1d3dae865451.npy
SAT_Competition2009/CRAFTED/sgi/new-difficult-20-152-18-95.cnf,new-difficult-20-152-18-95,/Users/herreran/Documents/Universidad/practica-invg/data/sat/instances/sc2012-hard-combinatorial/Hard Combinatorial SAT+UNSAT/SATCompetition2009/crafted/SAT09/CRAFTED/sgi/new-difficult-20-152-18-95.cnf,5000.0,tnm,51.53,2.33,141.97,1200.0,2.24,70.55,3.4,174.24,0.57,1200.0,1.74,1200.0,5.48,49.97,5.96,48.04,11.88,28.4,270.91,227.69,146.23,89.3,61.13,0.08,0.11,0.28,0.15,0.13,932.03,1200.0,0.06,ok,ok,ok,timeout,ok,ok,ok,ok,ok,timeout,ok,timeout,ok,ok,ok,ok,ok,ok,ok,ok,ok,ok,ok,ok,ok,ok,ok,ok,ok,timeout,ok,/Users/herreran/Documents/Universidad/practica-invg/data/sat/datasets/sat_cnn_data_images/images/new-difficult-20-152-18-95__ed6493f1fb78.npy
SAT_Competition2009/CRAFTED/sgi/new-difficult-21-168-19-90.cnf,new-difficult-21-168-19-90,/Users/herreran/Documents/Universidad/practica-invg/data/sat/instances/sc2012-hard-combinatorial/Hard Combinatorial SAT+UNSAT/SATCompetition2009/crafted/SAT09/CRAFTED/sgi/new-difficult-21-168-19-90.cnf,5000.0,tnm,215.61,318.48,1200.0,1200.0,1200.0,0.94,1131.52,1200.0,3.05,1200.0,1080.98,1200.0,1200.0,34.51,44.36,34.42,1200.0,25.63,370.17,1100.11,1200.0,1200.0,69.33,0.31,0.14,4.91,115.18,0.43,1200.0,1200.0,0.05,ok,ok,timeout,timeout,timeout,ok,ok,timeout,ok,timeout,ok,timeout,timeout,ok,ok,ok,timeout,ok,ok,ok,timeout,timeout,ok,ok,ok,ok,ok,ok,timeout,timeout,ok,/Users/herreran/Documents/Universidad/practica-invg/data/sat/datasets/sat_cnn_data_images/images/new-difficult-21-168-19-90__0c7a2f1cad48.npy
SAT_Competition2009/CRAFTED/sgi/new-difficult-22-173-20-80.cnf,new-difficult-22-173-20-80,/Users/herreran/Documents/Universidad/practica-invg/data/sat/instances/sc2012-hard-combinatorial/Hard Combinatorial SAT+UNSAT/SATCompetition2009/crafted/SAT09/CRAFTED/sgi/new-difficult-22-173-20-80.cnf,5000.0,sol,73.07,41.97,62.54,1200.0,27.05,342.8,68.25,35.23,8.74,1200.0,74.65,907.67,51.92,73.28,1200.0,74.71,147.36,456.1,17.43,602.48,3.3,353.6,250.76,0.88,2.82,0.95,0.19,2.42,321.68,1200.0,0.83,ok,ok,ok,timeout,ok,ok,ok,ok,ok,timeout,ok,ok,ok,ok,timeout,ok,ok,ok,ok,ok,ok,ok,ok,ok,ok,ok,ok,ok,ok,timeout,ok,/Users/herreran/Documents/Universidad/practica-invg/data/sat/datasets/sat_cnn_data_images/images/new-difficult-22-173-20-80__b4c0b77f9198.npy
SAT_Competition2009/CRAFTED/sgi/new-difficult-23-189-21-75.cnf,new-difficult-23-189-21-75,/Users/herreran/Documents/Universidad/practica-invg/data/sat/instances/sc2012-hard-combinatorial/Hard Combinatorial SAT+UNSAT/SATCompetition2011/crafted/SAT09/CRAFTED/sgi/new-difficult-23-189-21-75.cnf,5000.0,sol,1200.999,1200.0,1200.0,1200.0,1200.0,1200.0,1200.0,60.3,874.5,1200.0,1200.0,1200.0,48.57,11.14,24.1,11.41,1200.0,1200.0,1200.0,1200.0,1200.0,1200.0,1200.0,4.99,0.52,2.99,0.22,6.51,1200.0,1200.0,2.22,timeout,timeout,timeout,timeout,timeout,timeout,timeout,ok,ok,timeout,timeout,timeout,ok,ok,ok,ok,timeout,timeout,timeout,timeout,timeout,timeout,timeout,ok,ok,ok,ok,ok,timeout,timeout,ok,/Users/herreran/Documents/Universidad/practica-invg/data/sat/datasets/sat_cnn_data_images/images/new-difficult-23-189-21-75__197e219b6220.npy
SAT_Competition2009/CRAFTED/sgi/new-difficult-24-193-22-70.cnf,new-difficult-24-193-22-70,/Users/herreran/Documents/Universidad/practica-invg/data/sat/instances/sc2012-hard-combinatorial/Hard Combinatorial SAT+UNSAT/SATCompetition2009/crafted/SAT09/CRAFTED/sgi/new-difficult-24-193-22-70.cnf,5000.0,tnm,12.0,102.87,92.92,1200.0,39.73,145.78,94.36,410.0,391.25,3.06,1.36,1200.0,220.14,18.95,63.15,20.29,343.61,159.18,21.73,63.71,1200.0,1200.0,1200.0,8.18,5.15,17.09,449.08,37.25,1200.0,1200.0,0.35,ok,ok,ok,timeout,ok,ok,ok,ok,ok,ok,ok,timeout,ok,ok,ok,ok,ok,ok,ok,ok,timeout,timeout,timeout,ok,ok,ok,ok,ok,timeout,timeout,ok,/Users/herreran/Documents/Universidad/practica-invg/data/sat/datasets/sat_cnn_data_images/images/new-difficult-24-193-22-70__76643f2852fd.npy
SAT_Competition2009/CRAFTED/sgi/new-difficult-26-243-24-70.cnf,new-difficult-26-243-24-70,/Users/herreran/Documents/Universidad/practica-invg/data/sat/instances/sc2012-hard-combinatorial/Hard Combinatorial SAT+UNSAT/SATCompetition2009/crafted/SAT09/CRAFTED/sgi/new-difficult-26-243-24-70.cnf,5000.0,sol,1200.0,1200.0,1200.0,1200.0,1200.0,1200.0,1200.0,1200.0,689.51,1200.0,1098.55,1200.0,341.99,68.88,11.75,68.68,1200.0,1200.0,1200.0,1200.0,1200.0,1200.0,1200.0,22.89,2.77,24.42,0.39,29.09,1200.0,1200.0,17.77,timeout,timeout,timeout,timeout,timeout,timeout,timeout,timeout,ok,timeout,ok,timeout,ok,ok,ok,ok,timeout,timeout,timeout,timeout,timeout,timeout,timeout,ok,ok,ok,ok,ok,timeout,timeout,ok,/Users/herreran/Documents/Universidad/practica-invg/data/sat/datasets/sat_cnn_data_images/images/new-difficult-26-243-24-70__bd81b45056d5.npy
SAT_Competition2009/CRAFTED/sgi/new-difficult-28-302-26-75.cnf,new-difficult-28-302-26-75,/Users/herreran/Documents/Universidad/practica-invg/data/sat/instances/sc2012-hard-combinatorial/Hard Combinatorial SAT+UNSAT/SATCompetition2009/crafted/SAT09/CRAFTED/sgi/new-difficult-28-302-26-75.cnf,5000.0,satime11,1200.0,1200.0,1200.0,1200.0,1200.0,1200.0,1200.0,1200.0,33.93,1200.0,1200.0,1200.0,1200.0,373.43,1200.0,379.58,1200.0,1200.0,1200.0,1200.0,1200.0,1200.0,1200.0,1.98,7.44,49.93,1200.0,44.03,1200.0,1200.0,4.89,timeout,timeout,timeout,timeout,timeout,timeout,timeout,timeout,ok,timeout,timeout,timeout,timeout,ok,timeout,ok,timeout,timeout,timeout,timeout,timeout,timeout,timeout,ok,ok,ok,timeout,ok,timeout,timeout,ok,/Users/herreran/Documents/Universidad/practica-invg/data/sat/datasets/sat_cnn_data_images/images/new-difficult-28-302-26-75__54ee0125f60a.npy
SAT_Competition2009/CRAFTED/sgi/satsgi-n17himBHm20-p0-q146.cnf,satsgi-n17himBHm20-p0-q146,,5000.0,cryptominisat2011,0.01,0.01,0.0,0.0,0.05,0.01,0.05,0.01,0.01,0.04,0.01,0.07,0.05,0.02,0.04,0.02,0.01,0.0,0.0,0.06,0.06,0.01,0.01,0.0,0.0,0.0,1.16,0.0,0.0,0.0,0.0,ok,ok,ok,ok,ok,ok,ok,ok,ok,ok,ok,ok,ok,ok,ok,ok,ok,ok,ok,ok,ok,ok,ok,ok,ok,ok,ok,ok,ok,ok,ok,
SAT_Competition2009/CRAFTED/sgi/satsgi-n18himBHm21-p0-q167.cnf,satsgi-n18himBHm21-p0-q167,,5000.0,clasp2,0.01,0.0,0.0,0.0,0.08,0.0,0.05,0.0,0.01,0.05,0.0,0.1,0.06,0.03,0.05,0.02,0.02,0.0,0.01,0.07,0.08,0.0,0.01,0.01,0.0,0.01,1.41,0.0,0.0,0.0,0.0,ok,ok,ok,ok,ok,ok,ok,ok,ok,ok,ok,ok,ok,ok,ok,ok,ok,ok,ok,ok,ok,ok,ok,ok,ok,ok,ok,ok,ok,ok,ok,
SAT_Competition2009/CRAFTED/sgi/satsgi-n19himBHm22-p0-q181.cnf,satsgi-n19himBHm22-p0-q181,,5000.0,cryptominisat2011,0.01,0.01,0.0,0.01,0.07,0.0,0.07,0.0,0.01,0.06,0.0,0.12,0.07,0.03,0.06,0.03,0.02,0.0,0.01,0.07,0.08,0.0,0.01,0.01,0.01,0.01,1.87,0.0,0.0,0.0,0.01,ok,ok,ok,ok,ok,ok,ok,ok,ok,ok,ok,ok,ok,ok,ok,ok,ok,ok,ok,ok,ok,ok,ok,ok,ok,ok,ok,ok,ok,ok,ok,
SAT_Competition2009/CRAFTED/sgi/satsgi-n22himBHm24-p0-q209.cnf,satsgi-n22himBHm24-p0-q209,,5000.0,ebminisat,0.02,0.02,0.01,0.01,0.09,0.0,0.08,0.0,0.02,0.09,0.0,0.16,0.07,0.03,321.29,0.04,0.04,0.0,0.02,0.07,0.09,0.0,0.01,0.02,0.02,0.01,3.05,0.0,0.0,0.0,0.01,ok,ok,ok,ok,ok,ok,ok,ok,ok,ok,ok,ok,ok,ok,ok,ok,ok,ok,ok,ok,ok,ok,ok,ok,ok,ok,ok,ok,ok,ok,ok,
SAT_Competition2009/CRAFTED/sgi/satsgi-n22himBHm25-p0-q229.cnf,satsgi-n22himBHm25-p0-q229,,5000.0,ebminisat,0.02,0.01,0.01,0.01,0.06,0.0,0.07,0.0,0.02,0.1,0.0,0.16,0.07,0.03,304.9,0.03,0.04,0.0,0.02,0.08,0.08,0.01,0.0,0.02,0.02,0.02,3.21,0.0,0.01,0.0,0.01,ok,ok,ok,ok,ok,ok,ok,ok,ok,ok,ok,ok,ok,ok,ok,ok,ok,ok,ok,ok,ok,ok,ok,ok,ok,ok,ok,ok,ok,ok,ok,
SAT_Competition2009/CRAFTED/sgi/satsgi-n23himBHm25-p0-q219.cnf,satsgi-n23himBHm25-p0-q219,,5000.0,ebminisat,0.03,0.02,0.01,0.01,0.07,0.0,0.07,0.0,0.02,0.11,0.01,0.17,0.07,0.03,306.9,0.03,0.04,0.0,0.02,0.07,0.09,0.0,0.01,0.02,0.01,0.02,3.81,0.0,0.01,0.01,0.02,ok,ok,ok,ok,ok,ok,ok,ok,ok,ok,ok,ok,ok,ok,ok,ok,ok,ok,ok,ok,ok,ok,ok,ok,ok,ok,ok,ok,ok,ok,ok,
SAT_Competition2009/CRAFTED/sgi/satsgi-n23himBHm26-p0-q248.cnf,satsgi-n23himBHm26-p0-q248,,5000.0,glueminisat,0.03,0.01,0.01,0.01,0.08,0.01,0.06,0.0,0.02,0.11,0.0,0.17,0.06,0.04,273.72,0.03,0.04,0.0,0.02,0.08,0.08,0.01,0.01,0.02,0.02,0.02,3.96,0.0,0.01,0.01,0.02,ok,ok,ok,ok,ok,ok,ok,ok,ok,ok,ok,ok,ok,ok,ok,ok,ok,ok,ok,ok,ok,ok,ok,ok,ok,ok,ok,ok,ok,ok,ok,
SAT_Competition2009/CRAFTED/sgi/satsgi-n23himBHm27-p0-q251.cnf,satsgi-n23himBHm27-p0-q251,,5000.0,picosat,0.03,0.02,0.01,0.01,0.08,0.01,0.08,0.01,0.02,0.13,0.01,0.19,0.09,0.04,257.49,0.04,0.06,0.0,0.02,0.1,0.1,0.01,0.01,0.02,0.03,0.02,4.26,0.0,0.01,0.01,0.02,ok,ok,ok,ok,ok,ok,ok,ok,ok,ok,ok,ok,ok,ok,ok,ok,ok,ok,ok,ok,ok,ok,ok,ok,ok,ok,ok,ok,ok,ok,ok,
SAT_Competition2009/CRAFTED/sgi/satsgi-n25himBHm27-p0-q251.cnf,satsgi-n25himBHm27-p0-q251,,5000.0,picosat,0.03,0.02,0.01,0.01,0.06,0.01,0.05,0.01,0.02,0.14,0.01,0.19,0.07,0.04,264.48,0.05,0.06,0.0,0.02,0.08,0.08,0.0,0.01,0.02,0.02,0.02,5.17,0.0,0.01,0.01,0.02,ok,ok,ok,ok,ok,ok,ok,ok,ok,ok,ok,ok,ok,ok,ok,ok,ok,ok,ok,ok,ok,ok,ok,ok,ok,ok,ok,ok,ok,ok,ok,
SAT_Competition2009/CRAFTED/sgi/satsgi-n25himBHm29-p0-q290.cnf,satsgi-n25himBHm29-p0-q290,,5000.0,picosat,0.04,0.02,0.02,0.02,0.09,0.01,0.09,0.01,0.03,0.18,0.01,0.24,0.08,0.08,0.18,0.09,0.08,0.0,0.03,0.11,0.11,0.01,0.02,0.04,0.03,0.03,6.21,0.01,0.01,0.01,0.03,ok,ok,ok,ok,ok,ok,ok,ok,ok,ok,ok,ok,ok,ok,ok,ok,ok,ok,ok,ok,ok,ok,ok,ok,ok,ok,ok,ok,ok,ok,ok,
SAT_Competition2009/CRAFTED/sgi/satsgi-n28himBHm30-p0-q333.cnf,satsgi-n28himBHm30-p0-q333,,5000.0,ebminisat,0.05,0.04,0.02,0.02,0.09,0.01,0.1,0.01,0.04,0.24,0.01,0.29,0.08,0.06,0.26,0.07,0.11,0.01,0.04,0.12,0.1,0.02,0.02,0.04,0.05,0.04,8.69,0.01,0.01,0.02,0.04,ok,ok,ok,ok,ok,ok,ok,ok,ok,ok,ok,ok,ok,ok,ok,ok,ok,ok,ok,ok,ok,ok,ok,ok,ok,ok,ok,ok,ok,ok,ok,
SAT_Competition2009/CRAFTED/sgi/sgi-difficult4.cnf,sgi-difficult4,,5000.0,picosat,0.02,0.03,0.01,0.32,0.09,0.01,0.07,0.01,0.02,0.25,0.01,1.15,0.08,0.06,0.25,0.06,0.06,0.0,0.02,0.09,0.09,0.01,0.01,0.02,0.03,0.02,0.19,0.0,0.01,0.01,0.03,ok,ok,ok,ok,ok,ok,ok,ok,ok,ok,ok,ok,ok,ok,ok,ok,ok,ok,ok,ok,ok,ok,ok,ok,ok,ok,ok,ok,ok,ok,ok,
SAT_Competition2009/CRAFTED/sgi/sgi-difficult7.cnf,sgi-difficult7,,5000.0,picosat,0.07,0.06,0.03,46.34,0.11,0.02,0.1,0.02,0.05,0.45,0.02,0.31,0.1,0.14,0.39,0.13,0.17,0.01,0.05,0.13,0.12,0.02,0.03,0.08,0.07,0.07,0.25,0.01,0.02,0.02,0.08,ok,ok,ok,ok,ok,ok,ok,ok,ok,ok,ok,ok,ok,ok,ok,ok,ok,ok,ok,ok,ok,ok,ok,ok,ok,ok,ok,ok,ok,ok,ok,
SAT_Competition2011/SAT02/handmade/chu-min-li/urquhart/urquhart3_25bis.shuffled.cnf,urquhart3_25bis.shuffled,/Users/herreran/Documents/Universidad/practica-invg/data/sat/instances/sc2012-hard-combinatorial/Hard Combinatorial SAT+UNSAT/SATCompetition2011/crafted/SAT02/handmade/chu-min-li/urquhart/urquhart3_25bis.shuffled.cnf,5000.0,marchrw,147.85,26.73,1.67,1200.0,33.67,107.08,13.39,290.8,1200.0,29.46,1200.0,0.0,404.74,0.0,0.0,0.0,64.22,7.58,13.52,1.0,387.71,109.41,870.68,1200.0,1200.0,1200.0,0.09,1200.0,144.26,217.89,1200.0,ok,ok,ok,timeout,ok,ok,ok,ok,timeout,ok,timeout,ok,ok,ok,ok,ok,ok,ok,ok,ok,ok,ok,ok,timeout,timeout,timeout,ok,timeout,ok,ok,timeout,/Users/herreran/Documents/Universidad/practica-invg/data/sat/datasets/sat_cnn_data_images/images/urquhart3_25bis.shuffled__2023f4970a62.npy
SAT_Competition2011/SAT02/handmade/pehoushek/plainoldcnf/5cnf_3500_3500_30f1.shuffled.cnf,5cnf_3500_3500_30f1.shuffled,,5000.0,clasp1,0.0,0.0,0.0,1200.0,0.06,0.0,0.06,0.0,1200.0,0.01,0.0,0.0,0.07,0.01,0.02,0.01,0.0,0.0,0.0,0.05,0.06,0.0,0.0,1200.0,1200.0,1200.0,0.09,1200.0,0.0,0.01,1200.0,ok,ok,ok,timeout,ok,ok,ok,ok,timeout,ok,ok,ok,ok,ok,ok,ok,ok,ok,ok,ok,ok,ok,ok,timeout,timeout,timeout,ok,timeout,ok,ok,timeout,
SAT_Competition2011/SAT02/handmade/pehoushek/plainoldcnf/5cnf_3900_3900_060.shuffled.cnf,5cnf_3900_3900_060.shuffled,,5000.0,marchrw,2.33,2.3,9.05,1200.0,5.58,5.75,3.15,12.5,1200.0,6.0,1200.0,0.38,14.48,40.16,43.99,36.7,1.61,1.23,6.1,9.35,24.85,10.53,8.17,1200.0,1200.0,1200.0,11.13,1200.0,3.95,271.19,1200.0,ok,ok,ok,timeout,ok,ok,ok,ok,timeout,ok,timeout,ok,ok,ok,ok,ok,ok,ok,ok,ok,ok,ok,ok,timeout,timeout,timeout,ok,timeout,ok,ok,timeout,
SAT_Competition2011/SAT02/handmade/pehoushek/plainoldcnf/5cnf_3900_3900_220.shuffled.cnf,5cnf_3900_3900_220.shuffled,,5000.0,sparrow,1200.0,1200.0,1200.0,1200.0,1200.0,1200.0,1200.0,1200.0,0.02,1200.0,1200.0,1200.0,1200.0,1.05,0.61,1.15,1200.0,1200.0,1200.0,1200.0,1200.0,1200.0,1200.0,0.04,0.04,0.07,1200.0,0.01,1200.0,1200.0,0.05,timeout,timeout,timeout,timeout,timeout,timeout,timeout,timeout,ok,timeout,timeout,timeout,timeout,ok,ok,ok,timeout,timeout,timeout,timeout,timeout,timeout,timeout,ok,ok,ok,timeout,ok,timeout,timeout,ok,
SAT_Competition2011/SAT02/handmade/pehoushek/plainoldcnf/5cnf_4300_4300_110.shuffled.cnf,5cnf_4300_4300_110.shuffled,,5000.0,tnm,1200.0,1200.0,1200.0,1200.0,1200.0,1200.0,1200.0,1200.0,0.03,1200.0,1200.0,15.39,1200.0,0.85,0.62,0.83,1200.0,358.37,1200.0,179.87,1200.0,1200.0,45.46,0.1,0.03,0.11,1200.0,0.15,1200.0,1200.0,0.02,timeout,timeout,timeout,timeout,timeout,timeout,timeout,timeout,ok,timeout,timeout,ok,timeout,ok,ok,ok,timeout,ok,timeout,ok,timeout,timeout,ok,ok,ok,ok,timeout,ok,timeout,timeout,ok,
SAT_Competition2011/SAT02/handmade/pehoushek/plainoldcnf/5cnf_4300_4300_170.shuffled.cnf,5cnf_4300_4300_170.shuffled,,5000.0,sparrow,1200.0,1200.0,1200.0,1200.0,1200.0,1200.0,1200.0,1200.0,0.19,1200.0,1200.0,536.36,1200.0,0.97,0.64,1.0,1200.0,1200.0,1200.0,1200.0,1200.0,1200.0,1200.0,0.28,0.26,0.09,1200.0,0.05,1200.0,1200.0,0.14,timeout,timeout,timeout,timeout,timeout,timeout,timeout,timeout,ok,timeout,timeout,ok,timeout,ok,ok,ok,timeout,timeout,timeout,timeout,timeout,timeout,timeout,ok,ok,ok,timeout,ok,timeout,timeout,ok,
SAT_Competition2011/SAT02/handmade/pehoushek/twentyvars/7cnf20_90000_90000_7.shuffled.cnf,7cnf20_90000_90000_7.shuffled,,5000.0,eagleup,0.02,0.01,0.03,0.0,0.08,0.01,0.08,0.01,0.0,0.09,0.01,0.08,0.09,0.02,0.1,0.02,0.03,0.0,0.01,0.12,0.09,0.01,0.02,0.11,0.1,0.11,0.08,0.0,0.01,0.01,0.13,ok,ok,ok,ok,ok,ok,ok,ok,ok,ok,ok,ok,ok,ok,ok,ok,ok,ok,ok,ok,ok,ok,ok,ok,ok,ok,ok,ok,ok,ok,ok,
SAT_Competition2011/SAT02/handmade/simon/satex-challenges/c6288.shuffled.cnf,c6288.shuffled,,5000.0,lrglshr,1200.0,1200.0,1200.0,1200.0,1200.0,1200.0,1200.0,1200.0,1200.0,1200.0,620.65,1200.0,1200.0,1200.0,1200.0,1200.0,1200.0,1200.0,1200.0,1200.0,1200.0,1200.0,1200.0,1200.0,1200.0,1200.0,1200.0,1200.0,1200.0,1200.0,1200.0,timeout,timeout,timeout,timeout,timeout,timeout,timeout,timeout,timeout,timeout,ok,timeout,timeout,timeout,timeout,timeout,timeout,timeout,timeout,timeout,timeout,timeout,timeout,timeout,timeout,timeout,timeout,timeout,timeout,timeout,timeout,
SAT_Competition2011/SAT02/handmade/simon/satex-challenges/f600.shuffled.cnf,f600.shuffled,/Users/herreran/Documents/Universidad/practica-invg/data/sat/instances/sc2012-hard-combinatorial/Hard Combinatorial SAT+UNSAT/SATCompetition2011/crafted/SAT02/handmade/simon/satex-challenges/f600.shuffled.cnf,5000.0,tnm,1200.0,1200.0,1200.0,0.06,1200.0,1200.0,1200.0,1200.0,0.04,1200.0,1200.0,89.59,1200.0,1.0,0.79,0.9,1200.0,1200.0,1200.0,1200.0,1200.0,1200.0,1200.0,0.01,0.06,0.25,1200.0,0.06,1200.0,1200.0,0.0,timeout,timeout,timeout,ok,timeout,timeout,timeout,timeout,ok,timeout,timeout,ok,timeout,ok,ok,ok,timeout,timeout,timeout,timeout,timeout,timeout,timeout,ok,ok,ok,timeout,ok,timeout,timeout,ok,/Users/herreran/Documents/Universidad/practica-invg/data/sat/datasets/sat_cnn_data_images/images/f600.shuffled__ef6f9e3a7d4c.npy
SAT_Competition2011/SAT02/handmade/simon/satex-challenges/par32-3.shuffled.cnf,par32-3.shuffled,/Users/herreran/Documents/Universidad/practica-invg/data/sat/instances/sc2012-hard-combinatorial/Hard Combinatorial SAT+UNSAT/SATCompetition2011/crafted/SAT02/handmade/simon/satex-challenges/par32-3.shuffled.cnf,5000.0,marchrw,1200.0,1200.0,1200.0,1200.0,1200.0,1200.0,1200.0,1200.0,1200.0,1200.0,1200.0,1.38,1200.0,128.65,24.56,121.8,1200.0,1200.0,1200.0,1200.0,1200.0,1200.0,1200.0,1200.0,1200.0,1200.0,1200.0,1200.0,1200.0,1200.0,1200.0,timeout,timeout,timeout,timeout,timeout,timeout,timeout,timeout,timeout,timeout,timeout,ok,timeout,ok,ok,ok,timeout,timeout,timeout,timeout,timeout,timeout,timeout,timeout,timeout,timeout,timeout,timeout,timeout,timeout,timeout,/Users/herreran/Documents/Universidad/practica-invg/data/sat/datasets/sat_cnn_data_images/images/par32-3.shuffled__4c0bee8670bb.npy
SAT_Competition2011/SAT02/handmade/zhang-lintao/xor-chain/x1_40.shuffled.cnf,x1_40.shuffled,/Users/herreran/Documents/Universidad/practica-invg/data/sat/instances/sc2012-hard-combinatorial/Hard Combinatorial SAT+UNSAT/SATCompetition2011/crafted/SAT02/handmade/zhang-lintao/xor-chain/x1_40.shuffled.cnf,5000.0,marchrw,593.6,138.44,1.06,1200.0,134.36,190.05,247.73,46.89,1200.0,252.68,1200.0,0.0,26.96,0.0,0.0,0.0,41.86,39.15,119.94,1.09,500.7,448.2,1200.0,1200.0,1200.0,1200.0,0.1,1200.0,1200.0,1200.0,1200.0,ok,ok,ok,timeout,ok,ok,ok,ok,timeout,ok,timeout,ok,ok,ok,ok,ok,ok,ok,ok,ok,ok,ok,timeout,timeout,timeout,timeout,ok,timeout,timeout,timeout,timeout,/Users/herreran/Documents/Universidad/practica-invg/data/sat/datasets/sat_cnn_data_images/images/x1_40.shuffled__706e24d9bd0e.npy
SAT_Competition2011/SAT02/handmade/zhang-lintao/xor-chain/x1_80.shuffled.cnf,x1_80.shuffled,/Users/herreran/Documents/Universidad/practica-invg/data/sat/instances/sc2012-hard-combinatorial/Hard Combinatorial SAT+UNSAT/SATCompetition2011/crafted/SAT02/handmade/zhang-lintao/xor-chain/x1_80.shuffled.cnf,5000.0,marchrw,1200.0,1200.0,3.37,1200.0,1200.0,1200.0,1200.0,1200.0,1200.0,1200.0,1200.0,0.0,1200.0,0.0,0.0,0.0,1200.0,1200.0,1200.0,5.83,1200.0,1200.0,1200.0,1200.0,1200.0,1200.0,0.28,1200.0,1200.0,1200.0,1200.0,timeout,timeout,ok,timeout,timeout,timeout,timeout,timeout,timeout,timeout,timeout,ok,timeout,ok,ok,ok,timeout,timeout,timeout,ok,timeout,timeout,timeout,timeout,timeout,timeout,ok,timeout,timeout,timeout,timeout,/Users/herreran/Documents/Universidad/practica-invg/data/sat/datasets/sat_cnn_data_images/images/x1_80.shuffled__3f027691ba5a.npy
SAT_Competition2011/SAT03/handmade/anton/SAT/SGI_30_80_15_90_4-dir.shuffled-as.sat03-6.cnf,SGI_30_80_15_90_4-dir.shuffled-as.sat03-6,/Users/herreran/Documents/Universidad/practica-invg/data/sat/instances/sc2012-hard-combinatorial/Hard Combinatorial SAT+UNSAT/SATCompetition2011/crafted/SAT03/handmade/anton/SAT/SGI_30_80_15_90_4-dir.shuffled-as.sat03-6.cnf,5000.0,tnm,1200.0,1200.0,1200.0,1200.0,1200.0,1200.0,1200.0,1200.0,9.25,970.11,1200.0,1200.0,1200.0,1200.0,291.02,1200.0,1200.0,1065.88,7.0,1200.0,1200.0,552.48,678.83,1.42,1.12,3.3,1200.0,11.79,1200.0,1200.0,0.36,timeout,timeout,timeout,timeout,timeout,timeout,timeout,timeout,ok,ok,timeout,timeout,timeout,timeout,ok,timeout,timeout,ok,ok,timeout,timeout,ok,ok,ok,ok,ok,timeout,ok,timeout,timeout,ok,/Users/herreran/Documents/Universidad/practica-invg/data/sat/datasets/sat_cnn_data_images/images/SGI_30_80_15_90_4-dir.shuffled-as.sat03-6__64294a65f0eb.npy
SAT_Competition2011/SAT03/handmade/anton/UNSAT/SGI_30_50_30_20_1-log.shuffled-as.sat03-107.cnf,SGI_30_50_30_20_1-log.shuffled-as.sat03-107,,5000.0,mxc09,1200.0,1200.0,1200.0,1200.0,1200.0,1200.0,1200.0,1200.0,1200.0,1008.2,1200.0,1200.0,1200.0,1200.0,1200.0,1200.0,446.65,1200.0,1200.0,1200.0,1200.0,1200.0,1200.0,1200.0,1200.0,1200.0,1200.0,1200.0,1200.0,1200.0,1200.0,timeout,timeout,timeout,timeout,timeout,timeout,timeout,timeout,timeout,ok,timeout,timeout,timeout,timeout,timeout,timeout,ok,timeout,timeout,timeout,timeout,timeout,timeout,timeout,timeout,timeout,timeout,timeout,timeout,timeout,timeout,
SAT_Competition2011/SAT03/handmade/anton/UNSAT/SGI_30_50_30_20_3-log.shuffled-as.sat03-109.cnf,SGI_30_50_30_20_3-log.shuffled-as.sat03-109,/Users/herreran/Documents/Universidad/practica-invg/data/sat/instances/sc2012-hard-combinatorial/Hard Combinatorial SAT+UNSAT/SATCompetition2011/crafted/SAT03/handmade/anton/UNSAT/SGI_30_50_30_20_3-log.shuffled-as.sat03-109.cnf,5000.0,mxc09,1200.0,1200.0,1200.0,1200.0,1200.0,1200.0,1200.0,1200.0,1200.0,1200.0,1200.0,1200.0,1200.0,1200.0,1200.0,1200.0,1119.56,1200.0,1200.0,1200.0,1200.0,1200.0,1200.0,1200.0,1200.0,1200.0,1200.0,1200.0,1200.0,1200.0,1200.0,timeout,timeout,timeout,timeout,timeout,timeout,timeout,timeout,timeout,timeout,timeout,timeout,timeout,timeout,timeout,timeout,ok,timeout,timeout,timeout,timeout,timeout,timeout,timeout,timeout,timeout,timeout,timeout,timeout,timeout,timeout,/Users/herreran/Documents/Universidad/practica-invg/data/sat/datasets/sat_cnn_data_images/images/SGI_30_50_30_20_3-log.shuffled-as.sat03-109__3e6801bd0be3.npy
SAT_Competition2011/SAT03/handmade/anton/UNSAT/SGI_30_50_30_20_5-log.shuffled-as.sat03-111.cnf,SGI_30_50_30_20_5-log.shuffled-as.sat03-111,/Users/herreran/Documents/Universidad/practica-invg/data/sat/instances/sc2012-hard-combinatorial/Hard Combinatorial SAT+UNSAT/SATCompetition2011/crafted/SAT03/handmade/anton/UNSAT/SGI_30_50_30_20_5-log.shuffled-as.sat03-111.cnf,5000.0,mxc09,1200.0,1200.0,1200.0,1200.0,1200.0,1200.0,1200.0,1200.0,1200.0,1200.0,1200.0,1200.0,1200.0,1200.0,1200.0,1200.0,1119.12,1200.0,1200.0,1200.0,1200.0,1200.0,1200.0,1200.0,1200.0,1200.0,1200.0,1200.0,1200.0,1200.0,1200.0,timeout,timeout,timeout,timeout,timeout,timeout,timeout,timeout,timeout,timeout,timeout,timeout,timeout,timeout,timeout,timeout,ok,timeout,timeout,timeout,timeout,timeout,timeout,timeout,timeout,timeout,timeout,timeout,timeout,timeout,timeout,/Users/herreran/Documents/Universidad/practica-invg/data/sat/datasets/sat_cnn_data_images/images/SGI_30_50_30_20_5-log.shuffled-as.sat03-111__ad061e1e6882.npy
SAT_Competition2011/SAT03/handmade/anton/UNSAT/SGI_30_60_20_50_3-dir.shuffled-as.sat03-114.cnf,SGI_30_60_20_50_3-dir.shuffled-as.sat03-114,/Users/herreran/Documents/Universidad/practica-invg/data/sat/instances/sc2012-hard-combinatorial/Hard Combinatorial SAT+UNSAT/SATCompetition2011/crafted/SAT03/handmade/anton/UNSAT/SGI_30_60_20_50_3-dir.shuffled-as.sat03-114.cnf,5000.0,clasp1,1200.0,1200.0,1200.0,1200.0,1200.0,1200.0,1200.0,1200.0,1200.0,1200.0,1200.0,1200.0,1200.0,1200.0,1200.0,1200.0,1200.0,1200.0,1200.0,1200.0,1200.0,1200.0,1200.0,1200.0,1200.0,1200.0,1200.0,1200.0,1200.0,1200.0,1200.0,timeout,timeout,timeout,timeout,timeout,timeout,timeout,timeout,timeout,timeout,timeout,timeout,timeout,timeout,timeout,timeout,timeout,timeout,timeout,timeout,timeout,timeout,timeout,timeout,timeout,timeout,timeout,timeout,timeout,timeout,timeout,/Users/herreran/Documents/Universidad/practica-invg/data/sat/datasets/sat_cnn_data_images/images/SGI_30_60_20_50_3-dir.shuffled-as.sat03-114__040f67fcdef4.npy
SAT_Competition2011/SAT03/handmade/anton/UNSAT/SGI_30_60_24_40_2-log.shuffled-as.sat03-119.cnf,SGI_30_60_24_40_2-log.shuffled-as.sat03-119,,5000.0,clasp1,1200.0,1200.0,1200.0,1200.0,1200.0,1200.0,1200.0,1200.0,1200.0,1200.0,1200.0,1200.0,1200.0,1200.0,1200.0,1200.0,1200.0,1200.0,1200.0,1200.0,1200.0,1200.0,1200.0,1200.0,1200.0,1200.0,1200.0,1200.0,1200.0,1200.0,1200.0,timeout,timeout,timeout,timeout,timeout,timeout,timeout,timeout,timeout,timeout,timeout,timeout,timeout,timeout,timeout,timeout,timeout,timeout,timeout,timeout,timeout,timeout,timeout,timeout,timeout,timeout,timeout,timeout,timeout,timeout,timeout,
SAT_Competition2011/SAT03/handmade/anton/UNSAT/SGI_30_60_28_40_7-log.shuffled-as.sat03-127.cnf,SGI_30_60_28_40_7-log.shuffled-as.sat03-127,,5000.0,clasp1,1200.0,1200.0,1200.0,1200.0,1200.0,1200.0,1200.0,1200.0,1200.0,1200.0,1200.0,1200.0,1200.0,1200.0,1200.0,1200.0,1200.0,1200.0,1200.0,1200.0,1200.0,1200.0,1200.0,1200.0,1200.0,1200.0,1200.0,1200.0,1200.0,1200.0,1200.0,timeout,timeout,timeout,timeout,timeout,timeout,timeout,timeout,timeout,timeout,timeout,timeout,timeout,timeout,timeout,timeout,timeout,timeout,timeout,timeout,timeout,timeout,timeout,timeout,timeout,timeout,timeout,timeout,timeout,timeout,timeout,
SAT_Competition2011/SAT03/handmade/anton/UNSAT/SGI_30_60_29_30_6-dir.shuffled-as.sat03-130.cnf,SGI_30_60_29_30_6-dir.shuffled-as.sat03-130,/Users/herreran/Documents/Universidad/practica-invg/data/sat/instances/sc2012-hard-combinatorial/Hard Combinatorial SAT+UNSAT/SATCompetition2011/crafted/SAT03/handmade/anton/UNSAT/SGI_30_60_29_30_6-dir.shuffled-as.sat03-130.cnf,5000.0,clasp1,1200.0,1200.0,1200.0,1200.0,1200.0,1200.0,1200.0,1200.0,1200.0,1200.0,1200.0,1200.0,1200.0,1200.0,1200.0,1200.0,1200.0,1200.0,1200.0,1200.0,1200.0,1200.0,1200.0,1200.0,1200.0,1200.0,1200.0,1200.0,1200.0,1200.0,1200.0,timeout,timeout,timeout,timeout,timeout,timeout,timeout,timeout,timeout,timeout,timeout,timeout,timeout,timeout,timeout,timeout,timeout,timeout,timeout,timeout,timeout,timeout,timeout,timeout,timeout,timeout,timeout,timeout,timeout,timeout,timeout,/Users/herreran/Documents/Universidad/practica-invg/data/sat/datasets/sat_cnn_data_images/images/SGI_30_60_29_30_6-dir.shuffled-as.sat03-130__bebb506cb594.npy
SAT_Competition2011/SAT03/handmade/anton/UNSAT/SGI_30_70_15_90_1-dir.shuffled-as.sat03-136.cnf,SGI_30_70_15_90_1-dir.shuffled-as.sat03-136,,5000.0,sol,1200.0,1200.0,1200.0,1200.0,1200.0,1200.0,1200.0,1200.0,1200.0,1200.0,1200.0,1200.0,1200.0,1200.0,1200.0,1200.0,1200.0,1200.0,1200.0,1200.0,1200.0,1200.0,1200.0,1200.0,1200.0,1200.0,1141.17,1200.0,1200.0,1200.0,1200.0,timeout,timeout,timeout,timeout,timeout,timeout,timeout,timeout,timeout,timeout,timeout,timeout,timeout,timeout,timeout,timeout,timeout,timeout,timeout,timeout,timeout,timeout,timeout,timeout,timeout,timeout,ok,timeout,timeout,timeout,timeout,
SAT_Competition2011/SAT03/handmade/anton/UNSAT/SGI_30_70_15_90_1-log.shuffled-as.sat03-137.cnf,SGI_30_70_15_90_1-log.shuffled-as.sat03-137,,5000.0,clasp1,1200.0,1200.0,1200.0,1200.0,1200.0,1200.0,1200.0,1200.0,1200.0,1200.0,1200.0,1200.0,1200.0,1200.0,1200.0,1200.0,1200.0,1200.0,1200.0,1200.0,1200.0,1200.0,1200.0,1200.0,1200.0,1200.0,1200.0,1200.0,1200.0,1200.0,1200.0,timeout,timeout,timeout,timeout,timeout,timeout,timeout,timeout,timeout,timeout,timeout,timeout,timeout,timeout,timeout,timeout,timeout,timeout,timeout,timeout,timeout,timeout,timeout,timeout,timeout,timeout,timeout,timeout,timeout,timeout,timeout,
SAT_Competition2011/SAT03/handmade/anton/UNSAT/SGI_30_70_18_80_10-dir.shuffled-as.sat03-140.cnf,SGI_30_70_18_80_10-dir.shuffled-as.sat03-140,,5000.0,clasp1,1200.0,1200.0,1200.0,1200.0,1200.0,1200.0,1200.0,1200.0,1200.0,1200.0,1200.0,1200.0,1200.0,1200.0,1200.0,1200.0,1200.0,1200.0,1200.0,1200.0,1200.0,1200.0,1200.0,1200.0,1200.0,1200.0,1200.0,1200.0,1200.0,1200.0,1200.0,timeout,timeout,timeout,timeout,timeout,timeout,timeout,timeout,timeout,timeout,timeout,timeout,timeout,timeout,timeout,timeout,timeout,timeout,timeout,timeout,timeout,timeout,timeout,timeout,timeout,timeout,timeout,timeout,timeout,timeout,timeout,
SAT_Competition2011/SAT03/handmade/anton/UNSAT/SGI_30_70_19_80_8-log.shuffled-as.sat03-143.cnf,SGI_30_70_19_80_8-log.shuffled-as.sat03-143,/Users/herreran/Documents/Universidad/practica-invg/data/sat/instances/sc2012-hard-combinatorial/Hard Combinatorial SAT+UNSAT/SATCompetition2011/crafted/SAT03/handmade/anton/UNSAT/SGI_30_70_19_80_8-log.shuffled-as.sat03-143.cnf,5000.0,mxc09,1200.0,1200.0,1200.0,1200.0,1200.0,1200.0,1200.0,1200.0,1200.0,1200.0,1200.0,1200.0,1200.0,1200.0,1200.0,1200.0,1046.8,1200.0,1200.0,1200.0,1200.0,1200.0,1200.0,1200.0,1200.0,1200.0,1200.0,1200.0,1200.0,1200.0,1200.0,timeout,timeout,timeout,timeout,timeout,timeout,timeout,timeout,timeout,timeout,timeout,timeout,timeout,timeout,timeout,timeout,ok,timeout,timeout,timeout,timeout,timeout,timeout,timeout,timeout,timeout,timeout,timeout,timeout,timeout,timeout,/Users/herreran/Documents/Universidad/practica-invg/data/sat/datasets/sat_cnn_data_images/images/SGI_30_70_19_80_8-log.shuffled-as.sat03-143__310de00405c0.npy
SAT_Competition2011/SAT03/handmade/anton/UNSAT/SGI_30_70_20_60_10-dir.shuffled-as.sat03-144.cnf,SGI_30_70_20_60_10-dir.shuffled-as.sat03-144,/Users/herreran/Documents/Universidad/practica-invg/data/sat/instances/sc2012-hard-combinatorial/Hard Combinatorial SAT+UNSAT/SATCompetition2011/crafted/SAT03/handmade/anton/UNSAT/SGI_30_70_20_60_10-dir.shuffled-as.sat03-144.cnf,5000.0,clasp2,1200.0,1065.05,1200.0,1200.0,1200.0,1200.0,1200.0,1200.0,1200.0,1200.0,1200.0,1200.0,1200.0,1200.0,1200.0,1200.0,1200.0,1200.0,1200.0,1200.0,1200.0,1200.0,1200.0,1200.0,1200.0,1200.0,1200.0,1200.0,1200.0,1200.0,1200.0,timeout,ok,timeout,timeout,timeout,timeout,timeout,timeout,timeout,timeout,timeout,timeout,timeout,timeout,timeout,timeout,timeout,timeout,timeout,timeout,timeout,timeout,timeout,timeout,timeout,timeout,timeout,timeout,timeout,timeout,timeout,/Users/herreran/Documents/Universidad/practica-invg/data/sat/datasets/sat_cnn_data_images/images/SGI_30_70_20_60_10-dir.shuffled-as.sat03-144__62f18a57ca25.npy
SAT_Competition2011/SAT03/handmade/anton/UNSAT/SGI_30_70_20_70_1-dir.shuffled-as.sat03-146.cnf,SGI_30_70_20_70_1-dir.shuffled-as.sat03-146,,5000.0,clasp1,1200.0,1200.0,1200.0,1200.0,1200.0,1200.0,1200.0,1200.0,1200.0,1200.0,1200.0,1200.0,1200.0,1200.0,1200.0,1200.0,1200.0,1200.0,1200.0,1200.0,1200.0,1200.0,1200.0,1200.0,1200.0,1200.0,1200.0,1200.0,1200.0,1200.0,1200.0,timeout,timeout,timeout,timeout,timeout,timeout,timeout,timeout,timeout,timeout,timeout,timeout,timeout,timeout,timeout,timeout,timeout,timeout,timeout,timeout,timeout,timeout,timeout,timeout,timeout,timeout,timeout,timeout,timeout,timeout,timeout,
SAT_Competition2011/SAT03/handmade/anton/UNSAT/SGI_30_70_21_60_7-log.shuffled-as.sat03-151.cnf,SGI_30_70_21_60_7-log.shuffled-as.sat03-151,,5000.0,clasp1,1200.0,1200.0,1200.0,1200.0,1200.0,1200.0,1200.0,1200.0,1200.0,1200.0,1200.0,1200.0,1200.0,1200.0,1200.0,1200.0,1200.0,1200.0,1200.0,1200.0,1200.0,1200.0,1200.0,1200.0,1200.0,1200.0,1200.0,1200.0,1200.0,1200.0,1200.0,timeout,timeout,timeout,timeout,timeout,timeout,timeout,timeout,timeout,timeout,timeout,timeout,timeout,timeout,timeout,timeout,timeout,timeout,timeout,timeout,timeout,timeout,timeout,timeout,timeout,timeout,timeout,timeout,timeout,timeout,timeout,
SAT_Competition2011/SAT03/handmade/anton/UNSAT/SGI_30_70_22_70_7-dir.shuffled-as.sat03-154.cnf,SGI_30_70_22_70_7-dir.shuffled-as.sat03-154,,5000.0,clasp1,1200.0,1200.0,1200.0,1200.0,1200.0,1200.0,1200.0,1200.0,1200.0,1200.0,1200.0,1200.0,1200.0,1200.0,1200.0,1200.0,1200.0,1200.0,1200.0,1200.0,1200.0,1200.0,1200.0,1200.0,1200.0,1200.0,1200.0,1200.0,1200.0,1200.0,1200.0,timeout,timeout,timeout,timeout,timeout,timeout,timeout,timeout,timeout,timeout,timeout,timeout,timeout,timeout,timeout,timeout,timeout,timeout,timeout,timeout,timeout,timeout,timeout,timeout,timeout,timeout,timeout,timeout,timeout,timeout,timeout,
SAT_Competition2011/SAT03/handmade/anton/UNSAT/SGI_30_70_26_40_6-dir.shuffled-as.sat03-163.cnf,SGI_30_70_26_40_6-dir.shuffled-as.sat03-163,,5000.0,clasp1,1200.0,1200.0,1200.0,1200.0,1200.0,1200.0,1200.0,1200.0,1200.0,1200.0,1200.0,1200.0,1200.0,1200.0,1200.0,1200.0,1200.0,1200.0,1200.0,1200.0,1200.0,1200.0,1200.0,1200.0,1200.0,1200.0,1200.0,1200.0,1200.0,1200.0,1200.0,timeout,timeout,timeout,timeout,timeout,timeout,timeout,timeout,timeout,timeout,timeout,timeout,timeout,timeout,timeout,timeout,timeout,timeout,timeout,timeout,timeout,timeout,timeout,timeout,timeout,timeout,timeout,timeout,timeout,timeout,timeout,
SAT_Competition2011/SAT03/handmade/anton/UNSAT/SGI_30_70_26_60_1-dir.shuffled-as.sat03-167.cnf,SGI_30_70_26_60_1-dir.shuffled-as.sat03-167,,5000.0,clasp1,1200.0,1200.0,1200.0,1200.0,1200.0,1200.0,1200.0,1200.0,1200.0,1200.0,1200.0,1200.0,1200.0,1200.0,1200.0,1200.0,1200.0,1200.0,1200.0,1200.0,1200.0,1200.0,1200.0,1200.0,1200.0,1200.0,1200.0,1200.0,1200.0,1200.0,1200.0,timeout,timeout,timeout,timeout,timeout,timeout,timeout,timeout,timeout,timeout,timeout,timeout,timeout,timeout,timeout,timeout,timeout,timeout,timeout,timeout,timeout,timeout,timeout,timeout,timeout,timeout,timeout,timeout,timeout,timeout,timeout,
SAT_Competition2011/SAT03/handmade/anton/UNSAT/SGI_30_70_27_50_3-dir.shuffled-as.sat03-169.cnf,SGI_30_70_27_50_3-dir.shuffled-as.sat03-169,,5000.0,clasp1,1200.0,1200.0,1200.0,1200.0,1200.0,1200.0,1200.0,1200.0,1200.0,1200.0,1200.0,1200.0,1200.0,1200.0,1200.0,1200.0,1200.0,1200.0,1200.0,1200.0,1200.0,1200.0,1200.0,1200.0,1200.0,1200.0,1200.0,1200.0,1200.0,1200.0,1200.0,timeout,timeout,timeout,timeout,timeout,timeout,timeout,timeout,timeout,timeout,timeout,timeout,timeout,timeout,timeout,timeout,timeout,timeout,timeout,timeout,timeout,timeout,timeout,timeout,timeout,timeout,timeout,timeout,timeout,timeout,timeout,
SAT_Competition2011/SAT03/handmade/anton/UNSAT/SGI_30_70_29_50_3-dir.shuffled-as.sat03-179.cnf,SGI_30_70_29_50_3-dir.shuffled-as.sat03-179,/Users/herreran/Documents/Universidad/practica-invg/data/sat/instances/sc2012-hard-combinatorial/Hard Combinatorial SAT+UNSAT/SATCompetition2011/crafted/SAT03/handmade/anton/UNSAT/SGI_30_70_29_50_3-dir.shuffled-as.sat03-179.cnf,5000.0,clasp1,1200.0,1200.0,1200.0,1200.0,1200.0,1200.0,1200.0,1200.0,1200.0,1200.0,1200.0,1200.0,1200.0,1200.0,1200.0,1200.0,1200.0,1200.0,1200.0,1200.0,1200.0,1200.0,1200.0,1200.0,1200.0,1200.0,1200.0,1200.0,1200.0,1200.0,1200.0,timeout,timeout,timeout,timeout,timeout,timeout,timeout,timeout,timeout,timeout,timeout,timeout,timeout,timeout,timeout,timeout,timeout,timeout,timeout,timeout,timeout,timeout,timeout,timeout,timeout,timeout,timeout,timeout,timeout,timeout,timeout,/Users/herreran/Documents/Universidad/practica-invg/data/sat/datasets/sat_cnn_data_images/images/SGI_30_70_29_50_3-dir.shuffled-as.sat03-179__ae065ed08a13.npy
SAT_Competition2011/SAT03/handmade/anton/UNSAT/SGI_30_80_17_90_7-log.shuffled-as.sat03-190.cnf,SGI_30_80_17_90_7-log.shuffled-as.sat03-190,,5000.0,clasp1,1200.0,1200.0,1200.0,1200.0,1200.0,1200.0,1200.0,1200.0,1200.0,1200.0,1200.0,1200.0,1200.0,1200.0,1200.0,1200.0,1200.0,1200.0,1200.0,1200.0,1200.0,1200.0,1200.0,1200.0,1200.0,1200.0,1200.0,1200.0,1200.0,1200.0,1200.0,timeout,timeout,timeout,timeout,timeout,timeout,timeout,timeout,timeout,timeout,timeout,timeout,timeout,timeout,timeout,timeout,timeout,timeout,timeout,timeout,timeout,timeout,timeout,timeout,timeout,timeout,timeout,timeout,timeout,timeout,timeout,
SAT_Competition2011/SAT03/handmade/anton/UNSAT/SGI_30_80_28_70_8-dir.shuffled-as.sat03-215.cnf,SGI_30_80_28_70_8-dir.shuffled-as.sat03-215,,5000.0,clasp1,1200.0,1200.0,1200.0,1200.0,1200.0,1200.0,1200.0,1200.0,1200.0,1200.0,1200.0,1200.0,1200.0,1200.0,1200.0,1200.0,1200.0,1200.0,1200.0,1200.0,1200.0,1200.0,1200.0,1200.0,1200.0,1200.0,1200.0,1200.0,1200.0,1200.0,1200.0,timeout,timeout,timeout,timeout,timeout,timeout,timeout,timeout,timeout,timeout,timeout,timeout,timeout,timeout,timeout,timeout,timeout,timeout,timeout,timeout,timeout,timeout,timeout,timeout,timeout,timeout,timeout,timeout,timeout,timeout,timeout,
SAT_Competition2011/SAT03/handmade/bevan/cnf/marg3x3add8.shuffled-as.sat03-1449.cnf,marg3x3add8.shuffled-as.sat03-1449,/Users/herreran/Documents/Universidad/practica-invg/data/sat/instances/sc2012-hard-combinatorial/Hard Combinatorial SAT+UNSAT/SATCompetition2011/crafted/SAT03/handmade/bevan/cnf/marg3x3add8.shuffled-as.sat03-1449.cnf,5000.0,marchrw,1.17,0.39,0.62,1200.0,0.81,1.19,0.27,0.18,1200.0,0.13,17.4,0.0,1.44,0.11,0.1,0.12,0.46,0.38,0.1,0.51,1.42,3.42,7.09,1200.0,1200.0,1200.0,0.09,1200.0,4.22,0.44,1200.0,ok,ok,ok,timeout,ok,ok,ok,ok,timeout,ok,ok,ok,ok,ok,ok,ok,ok,ok,ok,ok,ok,ok,ok,timeout,timeout,timeout,ok,timeout,ok,ok,timeout,/Users/herreran/Documents/Universidad/practica-invg/data/sat/datasets/sat_cnn_data_images/images/marg3x3add8.shuffled-as.sat03-1449__c55d47a1a8e7.npy
SAT_Competition2011/SAT03/handmade/bevan/cnf/marg3x3add8ch.shuffled-as.sat03-1448.cnf,marg3x3add8ch.shuffled-as.sat03-1448,/Users/herreran/Documents/Universidad/practica-invg/data/sat/instances/sc2012-hard-combinatorial/Hard Combinatorial SAT+UNSAT/SATCompetition2011/crafted/SAT03/handmade/bevan/cnf/marg3x3add8ch.shuffled-as.sat03-1448.cnf,5000.0,marchrw,3.67,1.73,0.74,1200.0,3.06,5.21,1.21,2.98,1200.0,1.72,84.79,0.0,50.85,4.14,4.95,2.27,4.56,1.32,1.13,1.06,28.9,10.15,13.16,1200.0,1200.0,1200.0,0.08,1200.0,6.77,10.0,1200.0,ok,ok,ok,timeout,ok,ok,ok,ok,timeout,ok,ok,ok,ok,ok,ok,ok,ok,ok,ok,ok,ok,ok,ok,timeout,timeout,timeout,ok,timeout,ok,ok,timeout,/Users/herreran/Documents/Universidad/practica-invg/data/sat/datasets/sat_cnn_data_images/images/marg3x3add8ch.shuffled-as.sat03-1448__402f06ec6f50.npy
SAT_Competition2011/SAT03/handmade/gomes/bqwh/bqwh.50.825.shuffled-as.sat03-1648.cnf,bqwh.50.825.shuffled-as.sat03-1648,,5000.0,sattimep,1200.0,1200.0,1200.0,1200.0,1200.0,1200.0,1200.0,1200.0,1200.0,1200.0,1200.0,1200.0,1200.0,1200.0,1200.0,1200.0,1200.0,1200.0,1200.0,1200.0,1200.0,1200.0,1200.0,1200.0,1200.0,5.09,1200.0,1200.0,1200.0,1200.0,1200.0,timeout,timeout,timeout,timeout,timeout,timeout,timeout,timeout,timeout,timeout,timeout,timeout,timeout,timeout,timeout,timeout,timeout,timeout,timeout,timeout,timeout,timeout,timeout,timeout,timeout,ok,timeout,timeout,timeout,timeout,timeout,
SAT_Competition2011/SAT03/handmade/gomes/bqwh/bqwh.60.1152.shuffled-as.sat03-1650.cnf,bqwh.60.1152.shuffled-as.sat03-1650,,5000.0,clasp1,1200.0,1200.0,1200.0,1200.0,1200.0,1200.0,1200.0,1200.0,1200.0,1200.0,1200.0,1200.0,1200.0,1200.0,1200.0,1200.0,1200.0,1200.0,1200.0,1200.0,1200.0,1200.0,1200.0,1200.0,1200.0,1200.0,1200.0,1200.0,1200.0,1200.0,1200.0,timeout,timeout,timeout,timeout,timeout,timeout,timeout,timeout,timeout,timeout,timeout,timeout,timeout,timeout,timeout,timeout,timeout,timeout,timeout,timeout,timeout,timeout,timeout,timeout,timeout,timeout,timeout,timeout,timeout,timeout,timeout,
SAT_Competition2011/SAT03/handmade/markstrom/UNSATISFIABLE/mm-2x2-6-6-s.1.shuffled-as.sat03-1499.cnf,mm-2x2-6-6-s.1.shuffled-as.sat03-1499,/Users/herreran/Documents/Universidad/practica-invg/data/sat/instances/sc2012-hard-combinatorial/Hard Combinatorial SAT+UNSAT/SATCompetition2011/crafted/SAT03/handmade/markstrom/UNSATISFIABLE/mm-2x2-6-6-s.1.shuffled-as.sat03-1499.cnf,5000.0,cryptominisat2011,315.25,228.9,196.34,1200.0,254.01,450.91,247.97,408.55,1200.0,378.15,1200.0,1200.0,370.45,735.31,891.19,1200.0,363.31,551.97,719.32,292.65,1200.0,456.57,871.98,1200.0,1200.0,1200.0,546.27,1200.0,257.44,1200.0,1200.0,ok,ok,ok,timeout,ok,ok,ok,ok,timeout,ok,timeout,timeout,ok,ok,ok,timeout,ok,ok,ok,ok,timeout,ok,ok,timeout,timeout,timeout,ok,timeout,ok,timeout,timeout,/Users/herreran/Documents/Universidad/practica-invg/data/sat/datasets/sat_cnn_data_images/images/mm-2x2-6-6-s.1.shuffled-as.sat03-1499__dab80a40cc1f.npy
SAT_Competition2011/SAT03/handmade/stanion/hwb/hwb-n28-01-S136611085.shuffled-as.sat03-1627.cnf,hwb-n28-01-S136611085.shuffled-as.sat03-1627,/Users/herreran/Documents/Universidad/practica-invg/data/sat/instances/sc2012-hard-combinatorial/Hard Combinatorial SAT+UNSAT/SATCompetition2011/crafted/SAT03/handmade/stanion/hwb/hwb-n28-01-S136611085.shuffled-as.sat03-1627.cnf,5000.0,picosat,1200.0,1200.0,1200.0,1200.0,1200.0,1200.0,1200.0,1200.0,1200.0,1200.0,1200.0,1200.0,1200.0,1200.0,1200.0,1200.0,883.36,571.23,1200.0,1200.0,1200.0,1200.0,1200.0,1200.0,1200.0,1200.0,1200.0,1200.0,1200.0,1200.0,1200.0,timeout,timeout,timeout,timeout,timeout,timeout,timeout,timeout,timeout,timeout,timeout,timeout,timeout,timeout,timeout,timeout,ok,ok,timeout,timeout,timeout,timeout,timeout,timeout,timeout,timeout,timeout,timeout,timeout,timeout,timeout,/Users/herreran/Documents/Universidad/practica-invg/data/sat/datasets/sat_cnn_data_images/images/hwb-n28-01-S136611085.shuffled-as.sat03-1627__41939b803719.npy
SAT_Competition2011/SAT03/handmade/stanion/hwb/hwb-n28-02-S818962541.shuffled-as.sat03-1628.cnf,hwb-n28-02-S818962541.shuffled-as.sat03-1628,,5000.0,picosat,1200.0,1200.0,1200.0,1200.0,1200.0,1200.0,1200.0,1200.0,1200.0,1200.0,1200.0,1200.0,1200.0,1200.0,1200.0,1200.0,1173.61,1157.19,1200.0,1200.0,1200.0,1200.0,1200.0,1200.0,1200.0,1200.0,1200.0,1200.0,1200.0,1200.0,1200.0,timeout,timeout,timeout,timeout,timeout,timeout,timeout,timeout,timeout,timeout,timeout,timeout,timeout,timeout,timeout,timeout,ok,ok,timeout,timeout,timeout,timeout,timeout,timeout,timeout,timeout,timeout,timeout,timeout,timeout,timeout,
SAT_Competition2011/SAT03/handmade/stanion/hwb/hwb-n30-02-S77299857.shuffled-as.sat03-1633.cnf,hwb-n30-02-S77299857.shuffled-as.sat03-1633,,5000.0,clasp1,1200.0,1200.0,1200.0,1200.0,1200.0,1200.0,1200.0,1200.0,1200.0,1200.0,1200.0,1200.0,1200.0,1200.0,1200.0,1200.0,1200.0,1200.0,1200.0,1200.0,1200.0,1200.0,1200.0,1200.0,1200.0,1200.0,1200.0,1200.0,1200.0,1200.0,1200.0,timeout,timeout,timeout,timeout,timeout,timeout,timeout,timeout,timeout,timeout,timeout,timeout,timeout,timeout,timeout,timeout,timeout,timeout,timeout,timeout,timeout,timeout,timeout,timeout,timeout,timeout,timeout,timeout,timeout,timeout,timeout,
SAT_Competition2011/SAT03/handmade/stanion/hwb/hwb-n32-02-S1478512323.shuffled-as.sat03-1638.cnf,hwb-n32-02-S1478512323.shuffled-as.sat03-1638,,5000.0,clasp1,1200.0,1200.0,1200.0,1200.0,1200.0,1200.0,1200.0,1200.0,1200.0,1200.0,1200.0,1200.0,1200.0,1200.0,1200.0,1200.0,1200.0,1200.0,1200.0,1200.0,1200.0,1200.0,1200.0,1200.0,1200.0,1200.0,1200.0,1200.0,1200.0,1200.0,1200.0,timeout,timeout,timeout,timeout,timeout,timeout,timeout,timeout,timeout,timeout,timeout,timeout,timeout,timeout,timeout,timeout,timeout,timeout,timeout,timeout,timeout,timeout,timeout,timeout,timeout,timeout,timeout,timeout,timeout,timeout,timeout,
SAT_Competition2011/SAT04/handmade/andrew/composite/Composite-024BitPrimes-1.used-as.sat04-861.cnf,Composite-024BitPrimes-1.used-as.sat04-861,/Users/herreran/Documents/Universidad/practica-invg/data/sat/instances/sc2012-hard-combinatorial/Hard Combinatorial SAT+UNSAT/SATCompetition2011/crafted/SAT04/handmade/andrew/composite/Composite-024BitPrimes-1.used-as.sat04-861.cnf,5000.0,sapperlot,308.83,135.43,170.44,1200.0,121.23,45.33,112.7,418.52,1200.0,198.37,169.93,791.13,79.53,459.05,204.02,459.88,113.48,42.0,88.65,155.94,131.09,18.2,11.67,1200.0,1200.0,1200.0,1080.16,1200.0,518.34,1200.0,1200.0,ok,ok,ok,timeout,ok,ok,ok,ok,timeout,ok,ok,ok,ok,ok,ok,ok,ok,ok,ok,ok,ok,ok,ok,timeout,timeout,timeout,ok,timeout,ok,timeout,timeout,/Users/herreran/Documents/Universidad/practica-invg/data/sat/datasets/sat_cnn_data_images/images/Composite-024BitPrimes-1.used-as.sat04-861__63792c53e60b.npy
SAT_Competition2011/SAT04/handmade/anton/l4k4/lksat-n900-m6174-k4-l4-s819398222.used-as.sat04-929.cnf,lksat-n900-m6174-k4-l4-s819398222.used-as.sat04-929,/Users/herreran/Documents/Universidad/practica-invg/data/sat/instances/sc2012-hard-combinatorial/Hard Combinatorial SAT+UNSAT/SATCompetition2011/crafted/SAT04/handmade/anton/l4k4/lksat-n900-m6174-k4-l4-s819398222.used-as.sat04-929.cnf,5000.0,gnoveltyp2,0.81,0.48,4.69,1.12,1.24,1.44,1.11,3.91,0.02,0.2,3.92,2.0,1.6,6.15,0.54,6.12,0.12,1.02,7.3,0.27,3.9,3.15,0.61,1.15,0.19,0.84,2.25,0.12,2.15,43.11,0.13,ok,ok,ok,ok,ok,ok,ok,ok,ok,ok,ok,ok,ok,ok,ok,ok,ok,ok,ok,ok,ok,ok,ok,ok,ok,ok,ok,ok,ok,ok,ok,/Users/herreran/Documents/Universidad/practica-invg/data/sat/datasets/sat_cnn_data_images/images/lksat-n900-m6174-k4-l4-s819398222.used-as.sat04-929__32ec14d0a827.npy
SAT_Competition2011/SAT04/handmade/anton/l5k3/lksat-n1100-m4103-k3-l5-s558351420.used-as.sat04-934.cnf,lksat-n1100-m4103-k3-l5-s558351420.used-as.sat04-934,/Users/herreran/Documents/Universidad/practica-invg/data/sat/instances/sc2012-hard-combinatorial/Hard Combinatorial SAT+UNSAT/SATCompetition2011/crafted/SAT04/handmade/anton/l5k3/lksat-n1100-m4103-k3-l5-s558351420.used-as.sat04-934.cnf,5000.0,eagleup,2.67,5.98,679.14,0.01,44.79,355.87,6.74,527.21,0.18,49.19,35.97,0.18,6.75,1.32,1.19,1.31,88.69,41.15,19.69,240.89,403.21,204.89,13.68,0.03,0.03,1.41,4.95,0.05,13.74,1200.0,0.04,ok,ok,ok,ok,ok,ok,ok,ok,ok,ok,ok,ok,ok,ok,ok,ok,ok,ok,ok,ok,ok,ok,ok,ok,ok,ok,ok,ok,ok,timeout,ok,/Users/herreran/Documents/Universidad/practica-invg/data/sat/datasets/sat_cnn_data_images/images/lksat-n1100-m4103-k3-l5-s558351420.used-as.sat04-934__8bf6b103ffe3.npy
SAT_Competition2011/SAT04/handmade/anton/l5k3/lksat-n900-m3357-k3-l5-s950595579.used-as.sat04-938.cnf,lksat-n900-m3357-k3-l5-s950595579.used-as.sat04-938,/Users/herreran/Documents/Universidad/practica-invg/data/sat/instances/sc2012-hard-combinatorial/Hard Combinatorial SAT+UNSAT/SATCompetition2011/crafted/SAT04/handmade/anton/l5k3/lksat-n900-m3357-k3-l5-s950595579.used-as.sat04-938.cnf,5000.0,sparrow,1.35,2.82,7.72,0.03,16.47,1.04,16.72,7.15,0.08,1.07,1.68,0.23,4.45,6.75,15.22,6.83,6.1,5.22,2.23,0.94,2.31,4.09,4.33,0.02,0.02,0.19,0.15,0.01,1.78,205.04,0.02,ok,ok,ok,ok,ok,ok,ok,ok,ok,ok,ok,ok,ok,ok,ok,ok,ok,ok,ok,ok,ok,ok,ok,ok,ok,ok,ok,ok,ok,ok,ok,/Users/herreran/Documents/Universidad/practica-invg/data/sat/datasets/sat_cnn_data_images/images/lksat-n900-m3357-k3-l5-s950595579.used-as.sat04-938__86a615e78cfe.npy
SAT_Competition2011/SAT04/handmade/connamacher/connm-d-0.02/connm-ue-csp-sat-n1200-d-0.02-s405595518.used-as.sat04-950.cnf,connm-ue-csp-sat-n1200-d-0.02-s405595518.used-as.sat04-950,,5000.0,lingeling,1200.0,1200.0,1200.0,1200.0,1200.0,1200.0,1200.0,1200.0,1200.0,960.7,1200.0,1200.0,1200.0,1200.0,1200.0,1200.0,1200.0,1200.0,1200.0,1200.0,1200.0,1200.0,1200.0,1200.0,1200.0,1200.0,1200.0,1200.0,1200.0,1200.0,1200.0,timeout,timeout,timeout,timeout,timeout,timeout,timeout,timeout,timeout,ok,timeout,timeout,timeout,timeout,timeout,timeout,timeout,timeout,timeout,timeout,timeout,timeout,timeout,timeout,timeout,timeout,timeout,timeout,timeout,timeout,timeout,
SAT_Competition2011/SAT04/handmade/connamacher/connm-d0.02/connm-ue-csp-sat-n800-d0.02-s111845174.used-as.sat04-958.cnf,connm-ue-csp-sat-n800-d0.02-s111845174.used-as.sat04-958,,5000.0,clasp1,1200.0,1200.0,1200.0,1200.0,1200.0,1200.0,1200.0,1200.0,1200.0,1200.0,1200.0,1200.0,1200.0,1200.0,1200.0,1200.0,1200.0,1200.0,1200.0,1200.0,1200.0,1200.0,1200.0,1200.0,1200.0,1200.0,1200.0,1200.0,1200.0,1200.0,1200.0,timeout,timeout,timeout,timeout,timeout,timeout,timeout,timeout,timeout,timeout,timeout,timeout,timeout,timeout,timeout,timeout,timeout,timeout,timeout,timeout,timeout,timeout,timeout,timeout,timeout,timeout,timeout,timeout,timeout,timeout,timeout,
SAT_Competition2011/SAT04/handmade/connamacher/connm-d0.04/connm-ue-csp-sat-n800-d0.04-s1788334438.used-as.sat04-976.cnf,connm-ue-csp-sat-n800-d0.04-s1788334438.used-as.sat04-976,,5000.0,clasp1,1200.0,1200.0,1200.0,1200.0,1200.0,1200.0,1200.0,1200.0,1200.0,1200.0,1200.0,1200.0,1200.0,1200.0,1200.0,1200.0,1200.0,1200.0,1200.0,1200.0,1200.0,1200.0,1200.0,1200.0,1200.0,1200.0,1200.0,1200.0,1200.0,1200.0,1200.0,timeout,timeout,timeout,timeout,timeout,timeout,timeout,timeout,timeout,timeout,timeout,timeout,timeout,timeout,timeout,timeout,timeout,timeout,timeout,timeout,timeout,timeout,timeout,timeout,timeout,timeout,timeout,timeout,timeout,timeout,timeout,
SAT_Competition2011/SAT04/handmade/hirsch03/hgen8-n320-01-S1432474240.shuffled-as.sat03-890.used-as.sat04-841.cnf,hgen8-n320-01-S1432474240.shuffled-as.sat03-890.used-as.sat04-841,,5000.0,clasp1,1200.0,1200.0,1200.0,1200.0,1200.0,1200.0,1200.0,1200.0,1200.0,1200.0,1200.0,1200.0,1200.0,1200.0,1200.0,1200.0,1200.0,1200.0,1200.0,1200.0,1200.0,1200.0,1200.0,1200.0,1200.0,1200.0,1200.0,1200.0,1200.0,1200.0,1200.0,timeout,timeout,timeout,timeout,timeout,timeout,timeout,timeout,timeout,timeout,timeout,timeout,timeout,timeout,timeout,timeout,timeout,timeout,timeout,timeout,timeout,timeout,timeout,timeout,timeout,timeout,timeout,timeout,timeout,timeout,timeout,
SAT_Competition2011/SAT04/handmade/kexu/frb-0.6/frb75-13-2.used-as.sat04-878.cnf,frb75-13-2.used-as.sat04-878,/Users/herreran/Documents/Universidad/practica-invg/data/sat/instances/sc2012-hard-combinatorial/Hard Combinatorial SAT+UNSAT/SATCompetition2011/crafted/SAT04/handmade/kexu/frb-0.6/frb75-13-2.used-as.sat04-878.cnf,5000.0,sparrow,1200.0,1200.0,1200.0,1200.0,1200.0,1200.0,1200.0,1200.0,1200.0,1200.0,1200.0,1200.0,1200.0,1200.0,1200.0,1200.0,1200.0,1200.0,1200.0,1200.0,1200.0,1200.0,1200.0,0.33,0.51,0.99,1200.0,0.1,1200.0,1200.0,0.77,timeout,timeout,timeout,timeout,timeout,timeout,timeout,timeout,timeout,timeout,timeout,timeout,timeout,timeout,timeout,timeout,timeout,timeout,timeout,timeout,timeout,timeout,timeout,ok,ok,ok,timeout,ok,timeout,timeout,ok,/Users/herreran/Documents/Universidad/practica-invg/data/sat/datasets/sat_cnn_data_images/images/frb75-13-2.used-as.sat04-878__6ae5db91b3ec.npy
SAT_Competition2011/SAT04/handmade/kexu/frb-0.6/frb80-14-2.used-as.sat04-880.cnf,frb80-14-2.used-as.sat04-880,/Users/herreran/Documents/Universidad/practica-invg/data/sat/instances/sc2012-hard-combinatorial/Hard Combinatorial SAT+UNSAT/SATCompetition2011/crafted/SAT04/handmade/kexu/frb-0.6/frb80-14-2.used-as.sat04-880.cnf,5000.0,tnm,1200.0,1200.0,1200.0,1200.0,1200.0,1200.0,1200.0,1200.0,1200.0,1200.0,1200.0,1200.0,1200.0,1200.0,1200.0,1200.0,1200.0,1200.0,1200.0,1200.0,1200.0,1200.0,1200.0,2.16,1.25,1200.0,1200.0,14.55,1200.0,1200.0,0.75,timeout,timeout,timeout,timeout,timeout,timeout,timeout,timeout,timeout,timeout,timeout,timeout,timeout,timeout,timeout,timeout,timeout,timeout,timeout,timeout,timeout,timeout,timeout,ok,ok,timeout,timeout,ok,timeout,timeout,ok,/Users/herreran/Documents/Universidad/practica-invg/data/sat/datasets/sat_cnn_data_images/images/frb80-14-2.used-as.sat04-880__6f0ac890552d.npy
SAT_Competition2011/SAT04/handmade/kexu/frb-0.8/frb45-21-1.used-as.sat04-883.cnf,frb45-21-1.used-as.sat04-883,/Users/herreran/Documents/Universidad/practica-invg/data/sat/instances/sc2012-hard-combinatorial/Hard Combinatorial SAT+UNSAT/SATCompetition2011/crafted/SAT04/handmade/kexu/frb-0.8/frb45-21-1.used-as.sat04-883.cnf,5000.0,satime11,1200.0,997.02,688.59,1200.0,1200.0,1200.0,1200.0,1200.0,1200.0,1200.0,1200.0,439.76,1200.0,1200.0,1200.0,1200.0,603.46,1200.0,1200.0,1200.0,1200.0,1200.0,423.34,7.43,19.47,23.32,373.59,9.82,1200.0,1200.0,15.09,timeout,ok,ok,timeout,timeout,timeout,timeout,timeout,timeout,timeout,timeout,ok,timeout,timeout,timeout,timeout,ok,timeout,timeout,timeout,timeout,timeout,ok,ok,ok,ok,ok,ok,timeout,timeout,ok,/Users/herreran/Documents/Universidad/practica-invg/data/sat/datasets/sat_cnn_data_images/images/frb45-21-1.used-as.sat04-883__70bc095a090f.npy
SAT_Competition2011/SAT04/handmade/kexu/frb-0.8/frb59-26-1.used-as.sat04-891.cnf,frb59-26-1.used-as.sat04-891,,5000.0,satime11,1200.0,1200.0,1200.0,1200.0,1200.0,1200.0,1200.0,1200.0,1200.0,1200.0,1200.0,1200.0,1200.0,1200.0,1200.0,1200.0,1200.0,1200.0,1200.0,1200.0,1200.0,1200.0,1200.0,571.22,1200.0,1200.0,1200.0,1200.0,1200.0,1200.0,1200.0,timeout,timeout,timeout,timeout,timeout,timeout,timeout,timeout,timeout,timeout,timeout,timeout,timeout,timeout,timeout,timeout,timeout,timeout,timeout,timeout,timeout,timeout,timeout,ok,timeout,timeout,timeout,timeout,timeout,timeout,timeout,
SAT_Competition2011/SAT04/handmade/kexu/frb-0.8/frb59-26-2.used-as.sat04-892.cnf,frb59-26-2.used-as.sat04-892,,5000.0,satime11,1200.0,1200.0,1200.0,1200.0,1200.0,1200.0,1200.0,1200.0,1200.0,1200.0,1200.0,1200.0,1200.0,1200.0,1200.0,1200.0,1200.0,1200.0,1200.0,1200.0,1200.0,1200.0,1200.0,579.16,1200.0,1200.0,1200.0,1200.0,1200.0,1200.0,1200.0,timeout,timeout,timeout,timeout,timeout,timeout,timeout,timeout,timeout,timeout,timeout,timeout,timeout,timeout,timeout,timeout,timeout,timeout,timeout,timeout,timeout,timeout,timeout,ok,timeout,timeout,timeout,timeout,timeout,timeout,timeout,
SAT_Competition2011/SAT04/handmade/marijn/equilarge-l/equilarge_l2.used-as.sat04-894.cnf,equilarge_l2.used-as.sat04-894,,5000.0,marchrw,1200.0,1200.0,1200.0,1200.0,1200.0,1200.0,1200.0,1200.0,1200.0,1200.0,1200.0,680.64,1200.0,1200.0,1200.0,1200.0,1200.0,1200.0,1200.0,1200.0,1200.0,1200.0,1200.0,1200.0,1200.0,1200.0,1200.0,1200.0,1200.0,1200.0,1200.0,timeout,timeout,timeout,timeout,timeout,timeout,timeout,timeout,timeout,timeout,timeout,ok,timeout,timeout,timeout,timeout,timeout,timeout,timeout,timeout,timeout,timeout,timeout,timeout,timeout,timeout,timeout,timeout,timeout,timeout,timeout,
SAT_Competition2011/SAT04/handmade/marijn/equilarge-l/equilarge_l4.used-as.sat04-896.cnf,equilarge_l4.used-as.sat04-896,,5000.0,marchrw,1200.0,1200.0,1200.0,1200.0,1200.0,1200.0,1200.0,1200.0,1200.0,1200.0,1200.0,628.96,1200.0,1200.0,1200.0,1200.0,1200.0,1200.0,1200.0,1200.0,1200.0,1200.0,1200.0,1200.0,1200.0,1200.0,1200.0,1200.0,1200.0,1200.0,1200.0,timeout,timeout,timeout,timeout,timeout,timeout,timeout,timeout,timeout,timeout,timeout,ok,timeout,timeout,timeout,timeout,timeout,timeout,timeout,timeout,timeout,timeout,timeout,timeout,timeout,timeout,timeout,timeout,timeout,timeout,timeout,
SAT_Competition2011/SAT05/crafted/jarvisalo05/mod2-rand3bip-sat/mod2-rand3bip-sat-270-1.shuffled-as.sat05-2248.cnf,mod2-rand3bip-sat-270-1.shuffled-as.sat05-2248,/Users/herreran/Documents/Universidad/practica-invg/data/sat/instances/sc2012-hard-combinatorial/Hard Combinatorial SAT+UNSAT/SATCompetition2011/crafted/SAT05/crafted/jarvisalo05/mod2-rand3bip-sat/mod2-rand3bip-sat-270-1.shuffled-as.sat05-2248.cnf,5000.0,mphaseSAT,1200.0,1200.0,1200.0,1200.0,1200.0,1200.0,1200.0,1200.0,1200.0,1200.0,1200.0,0.01,1200.0,0.0,0.0,0.0,1200.0,1200.0,1200.0,1200.0,1200.0,542.12,1200.0,1200.0,1200.0,1200.0,1200.0,1200.0,1200.0,1200.0,1200.0,timeout,timeout,timeout,timeout,timeout,timeout,timeout,timeout,timeout,timeout,timeout,ok,timeout,ok,ok,ok,timeout,timeout,timeout,timeout,timeout,ok,timeout,timeout,timeout,timeout,timeout,timeout,timeout,timeout,timeout,/Users/herreran/Documents/Universidad/practica-invg/data/sat/datasets/sat_cnn_data_images/images/mod2-rand3bip-sat-270-1.shuffled-as.sat05-2248__0219fc287ab1.npy
SAT_Competition2011/SAT05/crafted/jarvisalo05/mod2c-rand3bip-sat/mod2c-rand3bip-sat-220-3.shuffled-as.sat05-2490.cnf,mod2c-rand3bip-sat-220-3.shuffled-as.sat05-2490,/Users/herreran/Documents/Universidad/practica-invg/data/sat/instances/sc2012-hard-combinatorial/Hard Combinatorial SAT+UNSAT/SATCompetition2011/crafted/SAT05/crafted/jarvisalo05/mod2c-rand3bip-sat/mod2c-rand3bip-sat-220-3.shuffled-as.sat05-2490.cnf,5000.0,qutersat,895.81,378.75,943.43,1200.0,1200.0,86.89,83.87,860.88,1200.0,1200.0,1200.0,1200.0,1200.0,1200.0,1200.0,1200.0,46.28,1200.0,1200.0,12.69,1200.0,102.22,1200.0,1200.0,1200.0,1200.0,1200.0,1200.0,1200.0,1200.0,1200.0,ok,ok,ok,timeout,timeout,ok,ok,ok,timeout,timeout,timeout,timeout,timeout,timeout,timeout,timeout,ok,timeout,timeout,ok,timeout,ok,timeout,timeout,timeout,timeout,timeout,timeout,timeout,timeout,timeout,/Users/herreran/Documents/Universidad/practica-invg/data/sat/datasets/sat_cnn_data_images/images/mod2c-rand3bip-sat-220-3.shuffled-as.sat05-2490__fbc35415485a.npy
SAT_Competition2011/SAT05/crafted/jarvisalo05/mod2c-rand3bip-sat/mod2c-rand3bip-sat-230-3.shuffled-as.sat05-2505.cnf,mod2c-rand3bip-sat-230-3.shuffled-as.sat05-2505,/Users/herreran/Documents/Universidad/practica-invg/data/sat/instances/sc2012-hard-combinatorial/Hard Combinatorial SAT+UNSAT/SATCompetition2011/crafted/SAT05/crafted/jarvisalo05/mod2c-rand3bip-sat/mod2c-rand3bip-sat-230-3.shuffled-as.sat05-2505.cnf,5000.0,precosat,1200.0,415.92,357.15,1200.0,1200.0,1200.0,486.53,1200.0,1200.0,1200.0,776.19,1200.0,1200.0,1200.0,1200.0,1200.0,1200.0,1200.0,6.19,1200.0,1200.0,720.13,1200.0,1200.0,1200.0,1200.0,1200.0,1200.0,1200.0,1200.0,1200.0,timeout,ok,ok,timeout,timeout,timeout,ok,timeout,timeout,timeout,ok,timeout,timeout,timeout,timeout,timeout,timeout,timeout,ok,timeout,timeout,ok,timeout,timeout,timeout,timeout,timeout,timeout,timeout,timeout,timeout,/Users/herreran/Documents/Universidad/practica-invg/data/sat/datasets/sat_cnn_data_images/images/mod2c-rand3bip-sat-230-3.shuffled-as.sat05-2505__4717bdb1149e.npy
SAT_Competition2011/SAT05/crafted/jarvisalo05/mod2c-rand3bip-sat/mod2c-rand3bip-sat-240-2.shuffled-as.sat05-2519.cnf,mod2c-rand3bip-sat-240-2.shuffled-as.sat05-2519,/Users/herreran/Documents/Universidad/practica-invg/data/sat/instances/sc2012-hard-combinatorial/Hard Combinatorial SAT+UNSAT/SATCompetition2011/crafted/SAT05/crafted/jarvisalo05/mod2c-rand3bip-sat/mod2c-rand3bip-sat-240-2.shuffled-as.sat05-2519.cnf,5000.0,qutersat,1200.0,147.96,1200.0,1200.0,1200.0,1200.0,1200.0,1200.0,1200.0,1200.0,1200.0,1200.0,1200.0,1200.0,852.63,1200.0,1200.0,1200.0,1200.0,3.4,1200.0,1200.0,1200.0,1200.0,1200.0,1200.0,1200.0,1200.0,1200.0,1200.0,1200.0,timeout,ok,timeout,timeout,timeout,timeout,timeout,timeout,timeout,timeout,timeout,timeout,timeout,timeout,ok,timeout,timeout,timeout,timeout,ok,timeout,timeout,timeout,timeout,timeout,timeout,timeout,timeout,timeout,timeout,timeout,/Users/herreran/Documents/Universidad/practica-invg/data/sat/datasets/sat_cnn_data_images/images/mod2c-rand3bip-sat-240-2.shuffled-as.sat05-2519__6774cb5115b9.npy
SAT_Competition2011/SAT05/crafted/jarvisalo05/mod2c-rand3bip-sat/mod2c-rand3bip-sat-240-3.shuffled-as.sat05-2520.cnf,mod2c-rand3bip-sat-240-3.shuffled-as.sat05-2520,,5000.0,cryptominisat2011,1200.0,1200.0,732.83,1200.0,1200.0,1200.0,1200.0,1200.0,1200.0,1200.0,1200.0,1200.0,1200.0,1200.0,1200.0,1200.0,1200.0,1200.0,1200.0,1117.81,1200.0,870.63,1200.0,1200.0,1200.0,1200.0,1200.0,1200.0,1200.0,1200.0,1200.0,timeout,timeout,ok,timeout,timeout,timeout,timeout,timeout,timeout,timeout,timeout,timeout,timeout,timeout,timeout,timeout,timeout,timeout,timeout,ok,timeout,ok,timeout,timeout,timeout,timeout,timeout,timeout,timeout,timeout,timeout,
SAT_Competition2011/SAT05/crafted/jarvisalo05/mod2c-rand3bip-sat/mod2c-rand3bip-sat-250-1.shuffled-as.sat05-2533.cnf,mod2c-rand3bip-sat-250-1.shuffled-as.sat05-2533,,5000.0,cryptominisat2011,1200.0,1200.0,159.38,1200.0,925.8,874.77,1200.0,1200.0,1200.0,1200.0,1013.98,1200.0,1200.0,1200.0,1200.0,1200.0,642.2,1200.0,1200.0,1200.0,1200.0,592.94,1200.0,1200.0,1200.0,1200.0,1200.0,1200.0,1200.0,1200.0,1200.0,timeout,timeout,ok,timeout,ok,ok,timeout,timeout,timeout,timeout,ok,timeout,timeout,timeout,timeout,timeout,ok,timeout,timeout,timeout,timeout,ok,timeout,timeout,timeout,timeout,timeout,timeout,timeout,timeout,timeout,
SAT_Competition2011/SAT05/crafted/jarvisalo05/mod2c-rand3bip-sat/mod2c-rand3bip-sat-250-2.shuffled-as.sat05-2534.cnf,mod2c-rand3bip-sat-250-2.shuffled-as.sat05-2534,/Users/herreran/Documents/Universidad/practica-invg/data/sat/instances/sc2012-hard-combinatorial/Hard Combinatorial SAT+UNSAT/SATCompetition2011/crafted/SAT05/crafted/jarvisalo05/mod2c-rand3bip-sat/mod2c-rand3bip-sat-250-2.shuffled-as.sat05-2534.cnf,5000.0,clasp2,1200.0,165.91,827.93,1200.0,1200.0,1076.52,1200.0,1200.0,1200.0,1200.0,1200.0,1200.0,1200.0,1200.0,978.16,1200.0,1200.0,1200.0,1200.0,604.84,1200.0,934.66,1200.0,1200.0,1200.0,1200.0,1200.0,1200.0,1200.0,1200.0,1200.0,timeout,ok,ok,timeout,timeout,ok,timeout,timeout,timeout,timeout,timeout,timeout,timeout,timeout,ok,timeout,timeout,timeout,timeout,ok,timeout,ok,timeout,timeout,timeout,timeout,timeout,timeout,timeout,timeout,timeout,/Users/herreran/Documents/Universidad/practica-invg/data/sat/datasets/sat_cnn_data_images/images/mod2c-rand3bip-sat-250-2.shuffled-as.sat05-2534__3d31ee6bbc78.npy
SAT_Competition2011/SAT05/crafted/jarvisalo05/mod2c-rand3bip-sat/mod2c-rand3bip-sat-250-3.shuffled-as.sat05-2535.cnf,mod2c-rand3bip-sat-250-3.shuffled-as.sat05-2535,,5000.0,restartsat,1200.0,1200.0,1200.0,1200.0,1200.0,1200.0,1200.0,1200.0,1200.0,1200.0,1200.0,1200.0,1200.0,1200.0,1200.0,1200.0,1200.0,1200.0,1200.0,1200.0,1200.0,248.19,1200.0,1200.0,1200.0,1200.0,1200.0,1200.0,1200.0,1200.0,1200.0,timeout,timeout,timeout,timeout,timeout,timeout,timeout,timeout,timeout,timeout,timeout,timeout,timeout,timeout,timeout,timeout,timeout,timeout,timeout,timeout,timeout,ok,timeout,timeout,timeout,timeout,timeout,timeout,timeout,timeout,timeout,
SAT_Competition2011/SAT05/crafted/lynce05/social-golfer-problem/sgp_5-6-8.shuffled-as.sat05-2669.cnf,sgp_5-6-8.shuffled-as.sat05-2669,,5000.0,precosat,1200.0,1200.0,1200.0,1200.0,1200.0,1200.0,1200.0,1200.0,1200.0,1200.0,1200.0,1200.0,1005.64,1200.0,1200.0,1200.0,1200.0,1200.0,291.69,1200.0,1200.0,1200.0,1200.0,1200.0,1200.0,1200.0,1200.0,1200.0,1200.0,1200.0,1200.0,timeout,timeout,timeout,timeout,timeout,timeout,timeout,timeout,timeout,timeout,timeout,timeout,ok,timeout,timeout,timeout,timeout,timeout,ok,timeout,timeout,timeout,timeout,timeout,timeout,timeout,timeout,timeout,timeout,timeout,timeout,
SAT_Competition2011/SAT05/crafted/markstrom05/eulcbip/eulcbip-7-UNSAT.shuffled-as.sat05-3936.cnf,eulcbip-7-UNSAT.shuffled-as.sat05-3936,/Users/herreran/Documents/Universidad/practica-invg/data/sat/instances/sc2012-hard-combinatorial/Hard Combinatorial SAT+UNSAT/SATCompetition2011/crafted/SAT05/crafted/markstrom05/eulcbip/eulcbip-7-UNSAT.shuffled-as.sat05-3936.cnf,5000.0,mphaseSAT,1200.0,1200.0,1200.0,1200.0,1200.0,1200.0,1200.0,1200.0,1200.0,1200.0,1200.0,1200.0,1200.0,0.08,0.09,0.08,1200.0,1200.0,1200.0,1200.0,1200.0,1200.0,1200.0,1200.0,1200.0,1200.0,1200.0,1200.0,1200.0,1200.0,1200.0,timeout,timeout,timeout,timeout,timeout,timeout,timeout,timeout,timeout,timeout,timeout,timeout,timeout,ok,ok,ok,timeout,timeout,timeout,timeout,timeout,timeout,timeout,timeout,timeout,timeout,timeout,timeout,timeout,timeout,timeout,/Users/herreran/Documents/Universidad/practica-invg/data/sat/datasets/sat_cnn_data_images/images/eulcbip-7-UNSAT.shuffled-as.sat05-3936__80c9db6bdf5d.npy
SAT_Competition2011/SAT05/crafted/roussel05/visbmc-PHNF/phnf-size10-exclusive-philo.used-as.sat04-988.shuffled-as.sat05-4195.cnf,phnf-size10-exclusive-philo.used-as.sat04-988.shuffled-as.sat05-4195,,5000.0,clasp1,1200.0,1200.0,1200.0,1200.0,1200.0,1200.0,1200.0,1200.0,1200.0,1200.0,1200.0,1200.0,1200.0,1200.0,1200.0,1200.0,1200.0,1200.0,1200.0,1200.0,1200.0,1200.0,1200.0,1200.0,1200.0,1200.0,1200.0,1200.0,1200.0,1200.0,1200.0,timeout,timeout,timeout,timeout,timeout,timeout,timeout,timeout,timeout,timeout,timeout,timeout,timeout,timeout,timeout,timeout,timeout,timeout,timeout,timeout,timeout,timeout,timeout,timeout,timeout,timeout,timeout,timeout,timeout,timeout,timeout,
SAT_Competition2011/SAT05/crafted/sabharwal05/counting/fphp/unsat/harder/fphp-020-019.shuffled-as.sat05-1232.cnf,fphp-020-019.shuffled-as.sat05-1232,,5000.0,sol,1200.0,1200.0,1200.0,1200.0,1200.0,1200.0,1200.0,1200.0,1200.0,1200.0,1200.0,1200.0,1200.0,1200.0,1200.0,1200.0,1200.0,1200.0,1200.0,1200.0,1200.0,1200.0,1200.0,1200.0,1200.0,1200.0,2.37,1200.0,1200.0,1200.0,1200.0,timeout,timeout,timeout,timeout,timeout,timeout,timeout,timeout,timeout,timeout,timeout,timeout,timeout,timeout,timeout,timeout,timeout,timeout,timeout,timeout,timeout,timeout,timeout,timeout,timeout,timeout,ok,timeout,timeout,timeout,timeout,
SAT_Competition2011/SAT05/crafted/sabharwal05/counting/fphp/unsat/harder/fphp-030-029.shuffled-as.sat05-1234.cnf,fphp-030-029.shuffled-as.sat05-1234,,5000.0,sol,1200.0,1200.0,1200.0,1200.0,1200.0,1200.0,1200.0,1200.0,1200.0,1200.0,1200.0,1200.0,1200.0,1200.0,1200.0,1200.0,1200.0,1200.0,1200.0,1200.0,1200.0,1200.0,1200.0,1200.0,1200.0,1200.0,19.44,1200.0,1200.0,1200.0,1200.0,timeout,timeout,timeout,timeout,timeout,timeout,timeout,timeout,timeout,timeout,timeout,timeout,timeout,timeout,timeout,timeout,timeout,timeout,timeout,timeout,timeout,timeout,timeout,timeout,timeout,timeout,ok,timeout,timeout,timeout,timeout,
SAT_Competition2011/SAT05/crafted/sabharwal05/counting/php/unsat/easier/php-010-008.shuffled-as.sat05-1171.cnf,php-010-008.shuffled-as.sat05-1171,/Users/herreran/Documents/Universidad/practica-invg/data/sat/instances/sc2012-hard-combinatorial/Hard Combinatorial SAT+UNSAT/SATCompetition2011/crafted/SAT05/crafted/sabharwal05/counting/php/unsat/easier/php-010-008.shuffled-as.sat05-1171.cnf,5000.0,sol,0.4,0.55,1.31,1200.0,1.54,0.57,0.92,2.59,1200.0,1.59,3.39,0.29,1.59,3.57,1.58,3.45,0.71,0.49,2.2,0.71,1.71,0.87,1.36,1200.0,1200.0,1200.0,0.1,1200.0,1.15,2.56,1200.0,ok,ok,ok,timeout,ok,ok,ok,ok,timeout,ok,ok,ok,ok,ok,ok,ok,ok,ok,ok,ok,ok,ok,ok,timeout,timeout,timeout,ok,timeout,ok,ok,timeout,/Users/herreran/Documents/Universidad/practica-invg/data/sat/datasets/sat_cnn_data_images/images/php-010-008.shuffled-as.sat05-1171__13ed5984eff9.npy
SAT_Competition2011/SAT05/crafted/sabharwal05/counting/php/unsat/easier/php-045-035.shuffled-as.sat05-1181.cnf,php-045-035.shuffled-as.sat05-1181,,5000.0,sol,1200.0,1200.0,1200.0,1200.0,1200.0,1200.0,1200.0,1200.0,1200.0,1200.0,1200.0,1200.0,1200.0,1200.0,1200.0,1200.0,1200.0,1200.0,1200.0,1200.0,1200.0,1200.0,1200.0,1200.0,1200.0,1200.0,47.07,1200.0,1200.0,1200.0,1200.0,timeout,timeout,timeout,timeout,timeout,timeout,timeout,timeout,timeout,timeout,timeout,timeout,timeout,timeout,timeout,timeout,timeout,timeout,timeout,timeout,timeout,timeout,timeout,timeout,timeout,timeout,ok,timeout,timeout,timeout,timeout,
SAT_Competition2011/SAT05/crafted/sabharwal05/counting/php/unsat/harder/php-020-019.shuffled-as.sat05-1190.cnf,php-020-019.shuffled-as.sat05-1190,,5000.0,sol,1200.0,1200.0,1200.0,1200.0,1200.0,1200.0,1200.0,1200.0,1200.0,1200.0,1200.0,1200.0,1200.0,1200.0,1200.0,1200.0,1200.0,1200.0,1200.0,1200.0,1200.0,1200.0,1200.0,1200.0,1200.0,1200.0,1.82,1200.0,1200.0,1200.0,1200.0,timeout,timeout,timeout,timeout,timeout,timeout,timeout,timeout,timeout,timeout,timeout,timeout,timeout,timeout,timeout,timeout,timeout,timeout,timeout,timeout,timeout,timeout,timeout,timeout,timeout,timeout,ok,timeout,timeout,timeout,timeout,
SAT_Competition2011/SAT05/crafted/sabharwal05/counting/php/unsat/harder/php-040-039.shuffled-as.sat05-1194.cnf,php-040-039.shuffled-as.sat05-1194,,5000.0,sol,1200.0,1200.0,1200.0,1200.0,1200.0,1200.0,1200.0,1200.0,1200.0,1200.0,1200.0,1200.0,1200.0,1200.0,1200.0,1200.0,1200.0,1200.0,1200.0,1200.0,1200.0,1200.0,1200.0,1200.0,1200.0,1200.0,47.87,1200.0,1200.0,1200.0,1200.0,timeout,timeout,timeout,timeout,timeout,timeout,timeout,timeout,timeout,timeout,timeout,timeout,timeout,timeout,timeout,timeout,timeout,timeout,timeout,timeout,timeout,timeout,timeout,timeout,timeout,timeout,ok,timeout,timeout,timeout,timeout,
SAT_Competition2011/SAT05/crafted/sabharwal05/ordering/gt-ordering/sat/gt-030.shuffled-as.sat05-1295.cnf,gt-030.shuffled-as.sat05-1295,/Users/herreran/Documents/Universidad/practica-invg/data/sat/instances/sc2012-hard-combinatorial/Hard Combinatorial SAT+UNSAT/SATCompetition2011/crafted/SAT05/crafted/sabharwal05/ordering/gt-ordering/sat/gt-030.shuffled-as.sat05-1295.cnf,5000.0,lrglshr,1200.0,1200.0,19.39,1200.0,1200.0,1200.0,1200.0,7.46,1200.0,0.36,0.25,1200.0,1200.0,1200.0,1200.0,1200.0,1200.0,1200.0,0.35,35.47,1200.0,730.66,1.88,1200.0,1200.0,1200.0,1200.0,1200.0,1200.0,132.02,1200.0,timeout,timeout,ok,timeout,timeout,timeout,timeout,ok,timeout,ok,ok,timeout,timeout,timeout,timeout,timeout,timeout,timeout,ok,ok,timeout,ok,ok,timeout,timeout,timeout,timeout,timeout,timeout,ok,timeout,/Users/herreran/Documents/Universidad/practica-invg/data/sat/datasets/sat_cnn_data_images/images/gt-030.shuffled-as.sat05-1295__6bf465aeace1.npy
SAT_Competition2011/SAT05/crafted/sabharwal05/pebbling/grid-pebbling/unsat/grid-pbl-0250.shuffled-as.sat05-1349.shuffled-as.sat05-1349.cnf,grid-pbl-0250.shuffled-as.sat05-1349.shuffled-as.sat05-1349,/Users/herreran/Documents/Universidad/practica-invg/data/sat/instances/sc2012-hard-combinatorial/Hard Combinatorial SAT+UNSAT/SATCompetition2011/crafted/SAT05/crafted/sabharwal05/pebbling/grid-pebbling/unsat/grid-pbl-0250.shuffled-as.sat05-1349.shuffled-as.sat05-1349.cnf,5000.0,clasp1,0.5,0.5,18.82,1200.0,1.53,0.75,1.52,0.84,1200.0,3.6,0.82,1200.0,1.59,0.92,2.73,1.02,0.57,429.16,2.65,78.73,1.58,0.81,45.07,1200.0,1200.0,1200.0,1200.0,1200.0,1200.0,1200.0,1200.0,ok,ok,ok,timeout,ok,ok,ok,ok,timeout,ok,ok,timeout,ok,ok,ok,ok,ok,ok,ok,ok,ok,ok,ok,timeout,timeout,timeout,timeout,timeout,timeout,timeout,timeout,/Users/herreran/Documents/Universidad/practica-invg/data/sat/datasets/sat_cnn_data_images/images/grid-pbl-0250.shuffled-as.sat05-1349.shuffled-as.sat05-1349__6c5f3eb7a55b.npy
SAT_Competition2011/SAT05/crafted/sabharwal05/planning/logistics/unsat/logistics-rotate-07t5.shuffled-as.sat05-1137.cnf,logistics-rotate-07t5.shuffled-as.sat05-1137,/Users/herreran/Documents/Universidad/practica-invg/data/sat/instances/sc2012-hard-combinatorial/Hard Combinatorial SAT+UNSAT/SATCompetition2011/crafted/SAT05/crafted/sabharwal05/planning/logistics/unsat/logistics-rotate-07t5.shuffled-as.sat05-1137.cnf,5000.0,cryptominisat2011,2.09,1.71,0.57,1200.0,1.69,1.14,0.92,0.89,1200.0,2.52,1.0,1200.0,0.78,2.7,1.22,2.67,1.05,1.29,1.29,1.21,0.99,1.24,1.98,1200.0,1200.0,1200.0,5.77,1200.0,1.26,5.73,1200.0,ok,ok,ok,timeout,ok,ok,ok,ok,timeout,ok,ok,timeout,ok,ok,ok,ok,ok,ok,ok,ok,ok,ok,ok,timeout,timeout,timeout,ok,timeout,ok,ok,timeout,/Users/herreran/Documents/Universidad/practica-invg/data/sat/datasets/sat_cnn_data_images/images/logistics-rotate-07t5.shuffled-as.sat05-1137__df32e8d3adb7.npy
SAT_Competition2011/SAT05/crafted/sorge05/QG6/dead-dnd002.shuffled-as.sat05-2713.cnf,dead-dnd002.shuffled-as.sat05-2713,/Users/herreran/Documents/Universidad/practica-invg/data/sat/instances/sc2012-hard-combinatorial/Hard Combinatorial SAT+UNSAT/SATCompetition2011/crafted/SAT05/crafted/sorge05/QG6/dead-dnd002.shuffled-as.sat05-2713.cnf,5000.0,glueminisat,20.18,19.26,10.39,1200.0,75.45,38.21,72.24,8.4,1200.0,105.1,104.12,1200.0,201.84,55.32,1200.0,55.96,81.59,1018.28,12.74,19.52,1065.52,35.84,361.63,1200.0,1200.0,1200.0,68.62,1200.0,1200.0,1200.0,1200.0,ok,ok,ok,timeout,ok,ok,ok,ok,timeout,ok,ok,timeout,ok,ok,timeout,ok,ok,ok,ok,ok,ok,ok,ok,timeout,timeout,timeout,ok,timeout,timeout,timeout,timeout,/Users/herreran/Documents/Universidad/practica-invg/data/sat/datasets/sat_cnn_data_images/images/dead-dnd002.shuffled-as.sat05-2713__cdb44e209b91.npy
SAT_Competition2011/SAT05/crafted/sorge05/QG7/dead-dnd003.shuffled-as.sat05-3109.cnf,dead-dnd003.shuffled-as.sat05-3109,/Users/herreran/Documents/Universidad/practica-invg/data/sat/instances/sc2012-hard-combinatorial/Hard Combinatorial SAT+UNSAT/SATCompetition2011/crafted/SAT05/crafted/sorge05/QG7/dead-dnd003.shuffled-as.sat05-3109.cnf,5000.0,clasp1,144.31,175.39,1200.0,1200.0,1200.0,441.31,859.59,1200.0,1200.0,1200.0,740.0,1200.0,346.2,1200.0,235.72,1200.0,410.37,1200.0,1200.0,328.23,1200.0,1200.0,561.62,1200.0,1200.0,1200.0,1200.0,1200.0,313.08,1200.0,1200.0,ok,ok,timeout,timeout,timeout,ok,ok,timeout,timeout,timeout,ok,timeout,ok,timeout,ok,timeout,ok,timeout,timeout,ok,timeout,timeout,ok,timeout,timeout,timeout,timeout,timeout,ok,timeout,timeout,/Users/herreran/Documents/Universidad/practica-invg/data/sat/datasets/sat_cnn_data_images/images/dead-dnd003.shuffled-as.sat05-3109__f983f21517d8.npy
SAT_Competition2011/SAT05/crafted/sorge05/QG7/gensys-icl007.shuffled-as.sat05-3133.cnf,gensys-icl007.shuffled-as.sat05-3133,/Users/herreran/Documents/Universidad/practica-invg/data/sat/instances/sc2012-hard-combinatorial/Hard Combinatorial SAT+UNSAT/SATCompetition2011/crafted/SAT05/crafted/sorge05/QG7/gensys-icl007.shuffled-as.sat05-3133.cnf,5000.0,clasp2,299.34,198.53,1200.0,1200.0,1200.0,1200.0,854.64,1200.0,1200.0,1200.0,1200.0,1200.0,1200.0,1200.0,1200.0,1200.0,1200.0,1200.0,1200.0,1200.0,1200.0,1200.0,1200.0,1200.0,1200.0,1200.0,1200.0,1200.0,1200.0,1200.0,1200.0,ok,ok,timeout,timeout,timeout,timeout,ok,timeout,timeout,timeout,timeout,timeout,timeout,timeout,timeout,timeout,timeout,timeout,timeout,timeout,timeout,timeout,timeout,timeout,timeout,timeout,timeout,timeout,timeout,timeout,timeout,/Users/herreran/Documents/Universidad/practica-invg/data/sat/datasets/sat_cnn_data_images/images/gensys-icl007.shuffled-as.sat05-3133__8e48dd696b71.npy
SAT_Competition2011/SAT05/crafted/sorge05/QG7/iso-ukn004.shuffled-as.sat05-3385.cnf,iso-ukn004.shuffled-as.sat05-3385,/Users/herreran/Documents/Universidad/practica-invg/data/sat/instances/sc2012-hard-combinatorial/Hard Combinatorial SAT+UNSAT/SATCompetition2011/crafted/SAT05/crafted/sorge05/QG7/iso-ukn004.shuffled-as.sat05-3385.cnf,5000.0,clasp1,0.02,0.02,0.03,1200.0,0.12,0.03,0.08,0.02,0.51,0.1,0.03,0.19,0.11,0.06,0.09,0.06,0.02,0.02,0.03,0.13,0.08,0.02,0.04,0.49,2.27,6.47,0.22,119.33,0.04,0.03,12.82,ok,ok,ok,timeout,ok,ok,ok,ok,ok,ok,ok,ok,ok,ok,ok,ok,ok,ok,ok,ok,ok,ok,ok,ok,ok,ok,ok,ok,ok,ok,ok,/Users/herreran/Documents/Universidad/practica-invg/data/sat/datasets/sat_cnn_data_images/images/iso-ukn004.shuffled-as.sat05-3385__e89297ed4b47.npy
SAT_Competition2011/SAT05/crafted/sorge05/QG7a/gensys-brn002.shuffled-as.sat05-3935.cnf,gensys-brn002.shuffled-as.sat05-3935,/Users/herreran/Documents/Universidad/practica-invg/data/sat/instances/sc2012-hard-combinatorial/Hard Combinatorial SAT+UNSAT/SATCompetition2011/crafted/SAT05/crafted/sorge05/QG7a/gensys-brn002.shuffled-as.sat05-3935.cnf,5000.0,ebminisat,0.44,0.52,1.36,1200.0,4.76,0.23,0.71,0.45,7.29,2.2,2.63,1200.0,7.88,9.91,13.06,9.78,0.47,5.77,0.46,5.27,1.13,0.39,5.36,1.27,0.81,1.6,9.61,376.41,52.84,29.21,6.56,ok,ok,ok,timeout,ok,ok,ok,ok,ok,ok,ok,timeout,ok,ok,ok,ok,ok,ok,ok,ok,ok,ok,ok,ok,ok,ok,ok,ok,ok,ok,ok,/Users/herreran/Documents/Universidad/practica-invg/data/sat/datasets/sat_cnn_data_images/images/gensys-brn002.shuffled-as.sat05-3935__76fbb7e62464.npy
SAT_Competition2011/SAT05/crafted/sorge05/QG7a/gensys-icl005.shuffled-as.sat05-3826.cnf,gensys-icl005.shuffled-as.sat05-3826,/Users/herreran/Documents/Universidad/practica-invg/data/sat/instances/sc2012-hard-combinatorial/Hard Combinatorial SAT+UNSAT/SATCompetition2011/crafted/SAT05/crafted/sorge05/QG7a/gensys-icl005.shuffled-as.sat05-3826.cnf,5000.0,clasp2,486.57,435.09,648.59,1200.0,1200.0,1200.0,1200.0,1200.0,1200.0,1200.0,1200.0,1200.0,1200.0,1200.0,1200.0,1200.0,1200.0,1200.0,1200.0,531.12,1200.0,1200.0,1200.0,1200.0,1200.0,1200.0,1200.0,1200.0,1200.0,1200.0,1200.0,ok,ok,ok,timeout,timeout,timeout,timeout,timeout,timeout,timeout,timeout,timeout,timeout,timeout,timeout,timeout,timeout,timeout,timeout,ok,timeout,timeout,timeout,timeout,timeout,timeout,timeout,timeout,timeout,timeout,timeout,/Users/herreran/Documents/Universidad/practica-invg/data/sat/datasets/sat_cnn_data_images/images/gensys-icl005.shuffled-as.sat05-3826__b0cd9c4045fa.npy
SAT_Competition2011/SAT05/crafted/sorge05/QG7a/gensys-ukn003.shuffled-as.sat05-3843.cnf,gensys-ukn003.shuffled-as.sat05-3843,/Users/herreran/Documents/Universidad/practica-invg/data/sat/instances/sc2012-hard-combinatorial/Hard Combinatorial SAT+UNSAT/SATCompetition2011/crafted/SAT05/crafted/sorge05/QG7a/gensys-ukn003.shuffled-as.sat05-3843.cnf,5000.0,clasp1,1109.79,1193.51,1200.0,1200.0,1200.0,1200.0,1200.0,1200.0,1200.0,1200.0,1200.0,1200.0,1200.0,1200.0,1200.0,1200.0,1200.0,1200.0,1200.0,1200.0,1200.0,1200.0,1200.0,1200.0,1200.0,1200.0,1200.0,1200.0,1200.0,1200.0,1200.0,ok,ok,timeout,timeout,timeout,timeout,timeout,timeout,timeout,timeout,timeout,timeout,timeout,timeout,timeout,timeout,timeout,timeout,timeout,timeout,timeout,timeout,timeout,timeout,timeout,timeout,timeout,timeout,timeout,timeout,timeout,/Users/herreran/Documents/Universidad/practica-invg/data/sat/datasets/sat_cnn_data_images/images/gensys-ukn003.shuffled-as.sat05-3843__9a303e70cd40.npy
SAT_Competition2011/SAT05/crafted/sorge05/QG7a/gensys-ukn004.shuffled-as.sat05-3844.cnf,gensys-ukn004.shuffled-as.sat05-3844,/Users/herreran/Documents/Universidad/practica-invg/data/sat/instances/sc2012-hard-combinatorial/Hard Combinatorial SAT+UNSAT/SATCompetition2011/crafted/SAT05/crafted/sorge05/QG7a/gensys-ukn004.shuffled-as.sat05-3844.cnf,5000.0,clasp1,1200.0,1200.0,1200.0,1200.0,1200.0,1200.0,1200.0,1200.0,1200.0,1200.0,1200.0,1200.0,1200.0,1200.0,1200.0,1200.0,1200.0,1200.0,1200.0,1200.0,1200.0,1200.0,1200.0,1200.0,1200.0,1200.0,1200.0,1200.0,1200.0,1200.0,1200.0,timeout,timeout,timeout,timeout,timeout,timeout,timeout,timeout,timeout,timeout,timeout,timeout,timeout,timeout,timeout,timeout,timeout,timeout,timeout,timeout,timeout,timeout,timeout,timeout,timeout,timeout,timeout,timeout,timeout,timeout,timeout,/Users/herreran/Documents/Universidad/practica-invg/data/sat/datasets/sat_cnn_data_images/images/gensys-ukn004.shuffled-as.sat05-3844__19c7367477ec.npy
SAT_Competition2011/SAT05/crafted/sorge05/QG7a/gensys-ukn006.shuffled-as.sat05-3846.cnf,gensys-ukn006.shuffled-as.sat05-3846,/Users/herreran/Documents/Universidad/practica-invg/data/sat/instances/sc2012-hard-combinatorial/Hard Combinatorial SAT+UNSAT/SATCompetition2011/crafted/SAT05/crafted/sorge05/QG7a/gensys-ukn006.shuffled-as.sat05-3846.cnf,5000.0,clasp1,1200.0,1200.0,1200.0,1200.0,1200.0,1200.0,1200.0,1200.0,1200.0,1200.0,1200.0,1200.0,1200.0,1200.0,1200.0,1200.0,1200.0,1200.0,1200.0,1200.0,1200.0,1200.0,1200.0,1200.0,1200.0,1200.0,1200.0,1200.0,1200.0,1200.0,1200.0,timeout,timeout,timeout,timeout,timeout,timeout,timeout,timeout,timeout,timeout,timeout,timeout,timeout,timeout,timeout,timeout,timeout,timeout,timeout,timeout,timeout,timeout,timeout,timeout,timeout,timeout,timeout,timeout,timeout,timeout,timeout,/Users/herreran/Documents/Universidad/practica-invg/data/sat/datasets/sat_cnn_data_images/images/gensys-ukn006.shuffled-as.sat05-3846__244662acc07f.npy
SAT_Competition2011/SAT05/crafted/sorge05/QG7a/gensys-ukn009.shuffled-as.sat05-3849.cnf,gensys-ukn009.shuffled-as.sat05-3849,/Users/herreran/Documents/Universidad/practica-invg/data/sat/instances/sc2012-hard-combinatorial/Hard Combinatorial SAT+UNSAT/SATCompetition2011/crafted/SAT05/crafted/sorge05/QG7a/gensys-ukn009.shuffled-as.sat05-3849.cnf,5000.0,clasp1,1150.73,1200.0,1200.0,1200.0,1200.0,1200.0,1200.0,1200.0,1200.0,1200.0,1200.0,1200.0,1200.0,1200.0,1200.0,1200.0,1200.0,1200.0,1200.0,1200.0,1200.0,1200.0,1200.0,1200.0,1200.0,1200.0,1200.0,1200.0,1200.0,1200.0,1200.0,ok,timeout,timeout,timeout,timeout,timeout,timeout,timeout,timeout,timeout,timeout,timeout,timeout,timeout,timeout,timeout,timeout,timeout,timeout,timeout,timeout,timeout,timeout,timeout,timeout,timeout,timeout,timeout,timeout,timeout,timeout,/Users/herreran/Documents/Universidad/practica-invg/data/sat/datasets/sat_cnn_data_images/images/gensys-ukn009.shuffled-as.sat05-3849__0f6f2b38daeb.npy
SAT_Competition2011/SAT05/crafted/sorge05/QG8/gensys-ukn007.shuffled-as.sat05-3586.cnf,gensys-ukn007.shuffled-as.sat05-3586,/Users/herreran/Documents/Universidad/practica-invg/data/sat/instances/sc2012-hard-combinatorial/Hard Combinatorial SAT+UNSAT/SATCompetition2011/crafted/SAT05/crafted/sorge05/QG8/gensys-ukn007.shuffled-as.sat05-3586.cnf,5000.0,picosat,1.18,0.45,0.87,1200.0,0.28,0.32,0.2,0.35,1200.0,1.24,0.35,2.46,0.19,0.31,1.55,0.2,0.91,0.09,0.19,3.26,0.27,0.29,0.36,1200.0,1200.0,1200.0,0.71,1200.0,0.14,0.11,1200.0,ok,ok,ok,timeout,ok,ok,ok,ok,timeout,ok,ok,ok,ok,ok,ok,ok,ok,ok,ok,ok,ok,ok,ok,timeout,timeout,timeout,ok,timeout,ok,ok,timeout,/Users/herreran/Documents/Universidad/practica-invg/data/sat/datasets/sat_cnn_data_images/images/gensys-ukn007.shuffled-as.sat05-3586__7eb305538cb3.npy
SAT_Competition2011/SAT05/crafted/sorge05/QG8/iso-ukn009.shuffled-as.sat05-3632.cnf,iso-ukn009.shuffled-as.sat05-3632,,5000.0,clasp2,0.02,0.01,0.03,1200.0,0.1,0.03,0.1,0.03,0.28,0.08,0.03,0.19,0.11,0.05,0.06,0.05,0.03,0.02,0.03,0.18,0.11,0.02,0.04,0.42,0.42,0.47,0.27,0.28,0.05,0.04,0.49,ok,ok,ok,timeout,ok,ok,ok,ok,ok,ok,ok,ok,ok,ok,ok,ok,ok,ok,ok,ok,ok,ok,ok,ok,ok,ok,ok,ok,ok,ok,ok,
SAT_Competition2011/SAT07/crafted/spence/hard/s113-100.cnf,s113-100,,5000.0,clasp1,1200.0,1200.0,1200.0,1200.0,1200.0,1200.0,1200.0,1200.0,1200.0,1200.0,1200.0,1200.0,1200.0,1200.0,1200.0,1200.0,1200.0,1200.0,1200.0,1200.0,1200.0,1200.0,1200.0,1200.0,1200.0,1200.0,1200.0,1200.0,1200.0,1200.0,1200.0,timeout,timeout,timeout,timeout,timeout,timeout,timeout,timeout,timeout,timeout,timeout,timeout,timeout,timeout,timeout,timeout,timeout,timeout,timeout,timeout,timeout,timeout,timeout,timeout,timeout,timeout,timeout,timeout,timeout,timeout,timeout,
SAT_Competition2011/SAT09/CRAFTED/edgematching/all/em_8_4_5_all.cnf,em_8_4_5_all,/Users/herreran/Documents/Universidad/practica-invg/data/sat/instances/sc2012-hard-combinatorial/Hard Combinatorial SAT+UNSAT/SATCompetition2011/crafted/SAT09/CRAFTED/edgematching/all/em_8_4_5_all.cnf,5000.0,clasp1,1.57,9.38,5.63,1200.0,56.91,95.82,28.16,23.44,1200.0,154.42,160.76,1200.0,2.69,17.65,4.4,20.86,46.17,18.94,63.04,22.94,17.35,14.12,60.94,292.23,51.11,19.89,26.37,16.84,15.6,4.24,168.44,ok,ok,ok,timeout,ok,ok,ok,ok,timeout,ok,ok,timeout,ok,ok,ok,ok,ok,ok,ok,ok,ok,ok,ok,ok,ok,ok,ok,ok,ok,ok,ok,/Users/herreran/Documents/Universidad/practica-invg/data/sat/datasets/sat_cnn_data_images/images/em_8_4_5_all__b0822dfe5f07.npy
SAT_Competition2011/SAT09/CRAFTED/edgematching/compact/em_11_3_4_cmp.cnf,em_11_3_4_cmp,/Users/herreran/Documents/Universidad/practica-invg/data/sat/instances/sc2012-hard-combinatorial/Hard Combinatorial SAT+UNSAT/SATCompetition2011/crafted/SAT09/CRAFTED/edgematching/compact/em_11_3_4_cmp.cnf,5000.0,mphaseSAT64,1200.0,1200.0,1200.0,1200.0,1200.0,1200.0,1200.0,1200.0,1200.0,1200.0,1200.0,1200.0,1000.24,463.09,126.14,444.6,1200.0,1200.0,1200.0,1200.0,1200.0,1200.0,1200.0,1200.0,1200.0,1200.0,1200.0,1200.0,1200.0,1200.0,1200.0,timeout,timeout,timeout,timeout,timeout,timeout,timeout,timeout,timeout,timeout,timeout,timeout,ok,ok,ok,ok,timeout,timeout,timeout,timeout,timeout,timeout,timeout,timeout,timeout,timeout,timeout,timeout,timeout,timeout,timeout,/Users/herreran/Documents/Universidad/practica-invg/data/sat/datasets/sat_cnn_data_images/images/em_11_3_4_cmp__2e05e7ffb1c1.npy
SAT_Competition2011/SAT09/CRAFTED/edgematching/compact/em_12_2_4_cmp.cnf,em_12_2_4_cmp,/Users/herreran/Documents/Universidad/practica-invg/data/sat/instances/sc2012-hard-combinatorial/Hard Combinatorial SAT+UNSAT/SATCompetition2011/crafted/SAT09/CRAFTED/edgematching/compact/em_12_2_4_cmp.cnf,5000.0,mphaseSATm,1200.0,1200.0,1200.0,1200.0,1200.0,1200.0,1200.0,1200.0,1200.0,1200.0,1200.0,1200.0,1200.0,115.84,206.08,86.19,1200.0,1200.0,1200.0,1200.0,1200.0,1200.0,1200.0,1200.0,1200.0,1200.0,1200.0,1200.0,1200.0,1200.0,1200.0,timeout,timeout,timeout,timeout,timeout,timeout,timeout,timeout,timeout,timeout,timeout,timeout,timeout,ok,ok,ok,timeout,timeout,timeout,timeout,timeout,timeout,timeout,timeout,timeout,timeout,timeout,timeout,timeout,timeout,timeout,/Users/herreran/Documents/Universidad/practica-invg/data/sat/datasets/sat_cnn_data_images/images/em_12_2_4_cmp__49a9810c8071.npy
SAT_Competition2011/SAT09/CRAFTED/edgematching/compact/em_7_3_6_cmp.cnf,em_7_3_6_cmp,/Users/herreran/Documents/Universidad/practica-invg/data/sat/instances/sc2012-hard-combinatorial/Hard Combinatorial SAT+UNSAT/SATCompetition2011/crafted/SAT09/CRAFTED/edgematching/compact/em_7_3_6_cmp.cnf,5000.0,mphaseSAT64,1200.0,229.53,1200.0,1200.0,1200.0,1054.98,188.89,1200.0,1200.0,1200.0,1200.0,1200.0,1200.0,25.88,10.67,30.37,1200.0,733.31,1200.0,1200.0,1200.0,1200.0,1200.0,321.39,892.6,19.74,1200.0,119.48,1200.0,1200.0,38.86,timeout,ok,timeout,timeout,timeout,ok,ok,timeout,timeout,timeout,timeout,timeout,timeout,ok,ok,ok,timeout,ok,timeout,timeout,timeout,timeout,timeout,ok,ok,ok,timeout,ok,timeout,timeout,ok,/Users/herreran/Documents/Universidad/practica-invg/data/sat/datasets/sat_cnn_data_images/images/em_7_3_6_cmp__d9d95b4ad77e.npy
SAT_Competition2011/SAT09/CRAFTED/edgematching/fbcolors/em_8_4_5_fbc.cnf,em_8_4_5_fbc,/Users/herreran/Documents/Universidad/practica-invg/data/sat/instances/sc2012-hard-combinatorial/Hard Combinatorial SAT+UNSAT/SATCompetition2011/crafted/SAT09/CRAFTED/edgematching/fbcolors/em_8_4_5_fbc.cnf,5000.0,mphaseSAT64,1200.0,1115.87,1200.0,1200.0,1200.0,1200.0,1200.0,1200.0,1200.0,1200.0,1200.0,1200.0,1200.0,24.63,4.83,25.01,500.14,1200.0,1063.13,1200.0,1200.0,1200.0,1200.0,1200.0,1200.0,511.11,1200.0,219.17,1200.0,1200.0,1200.0,timeout,ok,timeout,timeout,timeout,timeout,timeout,timeout,timeout,timeout,timeout,timeout,timeout,ok,ok,ok,ok,timeout,ok,timeout,timeout,timeout,timeout,timeout,timeout,ok,timeout,ok,timeout,timeout,timeout,/Users/herreran/Documents/Universidad/practica-invg/data/sat/datasets/sat_cnn_data_images/images/em_8_4_5_fbc__a2482ef58481.npy
SAT_Competition2011/SAT09/CRAFTED/modcircuits/mod3block_2vars_11gates_u2_autoenc.cnf,mod3block_2vars_11gates_u2_autoenc,,5000.0,mxc09,1200.0,1200.0,1200.0,1200.0,1200.0,1200.0,1200.0,1200.0,1200.0,1200.0,1200.0,1200.0,1200.0,1200.0,1200.0,1200.0,1190.46,1200.0,1200.0,1200.0,1200.0,1200.0,1200.0,1200.0,1200.0,1200.0,1200.0,1200.0,1200.0,1200.0,1200.0,timeout,timeout,timeout,timeout,timeout,timeout,timeout,timeout,timeout,timeout,timeout,timeout,timeout,timeout,timeout,timeout,ok,timeout,timeout,timeout,timeout,timeout,timeout,timeout,timeout,timeout,timeout,timeout,timeout,timeout,timeout,
SAT_Competition2011/SAT09/CRAFTED/modcircuits/mod4block_2vars_8gates_u2.cnf,mod4block_2vars_8gates_u2,/Users/herreran/Documents/Universidad/practica-invg/data/sat/instances/sc2012-hard-combinatorial/Hard Combinatorial SAT+UNSAT/SATCompetition2011/crafted/SAT09/CRAFTED/modcircuits/mod4block_2vars_8gates_u2.cnf,5000.0,glueminisat,1200.0,1200.0,387.24,1200.0,473.11,1200.0,1200.0,108.73,1200.0,1058.67,615.29,1200.0,1200.0,1200.0,1200.0,1200.0,1200.0,1200.0,1088.77,266.97,1200.0,1200.0,1200.0,1200.0,1200.0,1200.0,1200.0,1200.0,1200.0,1200.0,1200.0,timeout,timeout,ok,timeout,ok,timeout,timeout,ok,timeout,ok,ok,timeout,timeout,timeout,timeout,timeout,timeout,timeout,ok,ok,timeout,timeout,timeout,timeout,timeout,timeout,timeout,timeout,timeout,timeout,timeout,/Users/herreran/Documents/Universidad/practica-invg/data/sat/datasets/sat_cnn_data_images/images/mod4block_2vars_8gates_u2__c935950324c6.npy
SAT_Competition2011/SAT09/CRAFTED/modcircuits/mod4block_3vars_7gates.cnf,mod4block_3vars_7gates,/Users/herreran/Documents/Universidad/practica-invg/data/sat/instances/sc2012-hard-combinatorial/Hard Combinatorial SAT+UNSAT/SATCompetition2011/crafted/SAT09/CRAFTED/modcircuits/mod4block_3vars_7gates.cnf,5000.0,clasp1,1200.0,1200.0,1200.0,1200.0,1200.0,1200.0,1200.0,1200.0,1200.0,1200.0,1200.0,1200.0,1200.0,1200.0,1200.0,1200.0,1200.0,1200.0,1200.0,1200.0,1200.0,1200.0,1200.0,1200.0,1200.0,1200.0,1200.0,1200.0,1200.0,1200.0,1200.0,timeout,timeout,timeout,timeout,timeout,timeout,timeout,timeout,timeout,timeout,timeout,timeout,timeout,timeout,timeout,timeout,timeout,timeout,timeout,timeout,timeout,timeout,timeout,timeout,timeout,timeout,timeout,timeout,timeout,timeout,timeout,/Users/herreran/Documents/Universidad/practica-invg/data/sat/datasets/sat_cnn_data_images/images/mod4block_3vars_7gates__896f17efa569.npy
SAT_Competition2011/SAT09/CRAFTED/parity-games/instance_n8_i8_pp_ci_ce.cnf,instance_n8_i8_pp_ci_ce,/Users/herreran/Documents/Universidad/practica-invg/data/sat/instances/sc2012-hard-combinatorial/Hard Combinatorial SAT+UNSAT/SATCompetition2011/crafted/SAT09/CRAFTED/parity-games/instance_n8_i8_pp_ci_ce.cnf,5000.0,precosat,1200.0,42.71,463.99,1200.0,450.02,1200.0,223.47,169.27,1200.0,349.7,1200.0,1200.0,76.82,167.47,121.21,249.43,1200.0,110.19,11.81,178.28,1200.0,157.37,638.79,1200.0,1200.0,1200.0,1200.0,1200.0,1200.0,1200.0,1200.0,timeout,ok,ok,timeout,ok,timeout,ok,ok,timeout,ok,timeout,timeout,ok,ok,ok,ok,timeout,ok,ok,ok,timeout,ok,ok,timeout,timeout,timeout,timeout,timeout,timeout,timeout,timeout,/Users/herreran/Documents/Universidad/practica-invg/data/sat/datasets/sat_cnn_data_images/images/instance_n8_i8_pp_ci_ce__59e867e4e88d.npy
SAT_Competition2011/SAT09/CRAFTED/parity-games/instance_n9_i9_pp.cnf,instance_n9_i9_pp,/Users/herreran/Documents/Universidad/practica-invg/data/sat/instances/sc2012-hard-combinatorial/Hard Combinatorial SAT+UNSAT/SATCompetition2011/crafted/SAT09/CRAFTED/parity-games/instance_n9_i9_pp.cnf,5000.0,spear-hw,1200.0,395.88,1200.0,1200.0,1200.0,981.92,1200.0,1200.0,1200.0,748.87,1200.0,1200.0,1076.92,1183.82,1037.64,1164.85,460.77,1200.0,1200.0,1200.0,543.07,596.28,1200.0,1200.0,1200.0,1200.0,1200.0,1200.0,385.34,1200.0,1200.0,timeout,ok,timeout,timeout,timeout,ok,timeout,timeout,timeout,ok,timeout,timeout,ok,ok,ok,ok,ok,timeout,timeout,timeout,ok,ok,timeout,timeout,timeout,timeout,timeout,timeout,ok,timeout,timeout,/Users/herreran/Documents/Universidad/practica-invg/data/sat/datasets/sat_cnn_data_images/images/instance_n9_i9_pp__ca32e85b4501.npy
SAT_Competition2011/SAT09/CRAFTED/ramseycube/Q3inK10.cnf,Q3inK10,/Users/herreran/Documents/Universidad/practica-invg/data/sat/instances/sc2012-hard-combinatorial/Hard Combinatorial SAT+UNSAT/SATCompetition2011/crafted/SAT09/CRAFTED/ramseycube/Q3inK10.cnf,5000.0,picosat,22.89,21.56,22.1,3.75,0.48,14.95,0.33,12.5,0.19,0.99,12.99,550.2,0.35,0.57,3.48,0.67,42.65,0.12,0.33,16.12,0.45,13.29,40.17,752.02,682.81,675.53,43.52,0.37,0.23,0.23,843.16,ok,ok,ok,ok,ok,ok,ok,ok,ok,ok,ok,ok,ok,ok,ok,ok,ok,ok,ok,ok,ok,ok,ok,ok,ok,ok,ok,ok,ok,ok,ok,/Users/herreran/Documents/Universidad/practica-invg/data/sat/datasets/sat_cnn_data_images/images/Q3inK10__3e18b5905d2e.npy
SAT_Competition2011/SAT09/CRAFTED/rbsat/crafted/forced/rbsat-v1560c133795gyes1.cnf,rbsat-v1560c133795gyes1,,5000.0,clasp1,1200.0,1200.0,1200.0,1200.0,1200.0,1200.0,1200.0,1200.0,1200.0,1200.0,1200.0,1200.0,1200.0,1200.0,1200.0,1200.0,1200.0,1200.0,1200.0,1200.0,1200.0,1200.0,1200.0,1200.0,1200.0,1200.0,1200.0,1200.0,1200.0,1200.0,1200.0,timeout,timeout,timeout,timeout,timeout,timeout,timeout,timeout,timeout,timeout,timeout,timeout,timeout,timeout,timeout,timeout,timeout,timeout,timeout,timeout,timeout,timeout,timeout,timeout,timeout,timeout,timeout,timeout,timeout,timeout,timeout,
SAT_Competition2011/SAT09/CRAFTED/rbsat/crafted/forced/rbsat-v2100c215164gyes4.cnf,rbsat-v2100c215164gyes4,,5000.0,clasp1,1200.0,1200.0,1200.0,1200.0,1200.0,1200.0,1200.0,1200.0,1200.0,1200.0,1200.0,1200.0,1200.0,1200.0,1200.0,1200.0,1200.0,1200.0,1200.0,1200.0,1200.0,1200.0,1200.0,1200.0,1200.0,1200.0,1200.0,1200.0,1200.0,1200.0,1200.0,timeout,timeout,timeout,timeout,timeout,timeout,timeout,timeout,timeout,timeout,timeout,timeout,timeout,timeout,timeout,timeout,timeout,timeout,timeout,timeout,timeout,timeout,timeout,timeout,timeout,timeout,timeout,timeout,timeout,timeout,timeout,
SAT_Competition2011/SAT09/CRAFTED/rbsat/crafted/forced/rbsat-v2400c266431gyes2.cnf,rbsat-v2400c266431gyes2,,5000.0,clasp1,1200.0,1200.0,1200.0,1200.0,1200.0,1200.0,1200.0,1200.0,1200.0,1200.0,1200.0,1200.0,1200.0,1200.0,1200.0,1200.0,1200.0,1200.0,1200.0,1200.0,1200.0,1200.0,1200.0,1200.0,1200.0,1200.0,1200.0,1200.0,1200.0,1200.0,1200.0,timeout,timeout,timeout,timeout,timeout,timeout,timeout,timeout,timeout,timeout,timeout,timeout,timeout,timeout,timeout,timeout,timeout,timeout,timeout,timeout,timeout,timeout,timeout,timeout,timeout,timeout,timeout,timeout,timeout,timeout,timeout,
SAT_Competition2011/SAT09/CRAFTED/rbsat/crafted/forced/rbsat-v2400c266431gyes3.cnf,rbsat-v2400c266431gyes3,,5000.0,clasp1,1200.0,1200.0,1200.0,1200.0,1200.0,1200.0,1200.0,1200.0,1200.0,1200.0,1200.0,1200.0,1200.0,1200.0,1200.0,1200.0,1200.0,1200.0,1200.0,1200.0,1200.0,1200.0,1200.0,1200.0,1200.0,1200.0,1200.0,1200.0,1200.0,1200.0,1200.0,timeout,timeout,timeout,timeout,timeout,timeout,timeout,timeout,timeout,timeout,timeout,timeout,timeout,timeout,timeout,timeout,timeout,timeout,timeout,timeout,timeout,timeout,timeout,timeout,timeout,timeout,timeout,timeout,timeout,timeout,timeout,
SAT_Competition2011/SAT09/CRAFTED/rbsat/crafted/forced/rbsat-v2640c305320gyes10.cnf,rbsat-v2640c305320gyes10,,5000.0,clasp1,1200.0,1200.0,1200.0,1200.0,1200.0,1200.0,1200.0,1200.0,1200.0,1200.0,1200.0,1200.0,1200.0,1200.0,1200.0,1200.0,1200.0,1200.0,1200.0,1200.0,1200.0,1200.0,1200.0,1200.0,1200.0,1200.0,1200.0,1200.0,1200.0,1200.0,1200.0,timeout,timeout,timeout,timeout,timeout,timeout,timeout,timeout,timeout,timeout,timeout,timeout,timeout,timeout,timeout,timeout,timeout,timeout,timeout,timeout,timeout,timeout,timeout,timeout,timeout,timeout,timeout,timeout,timeout,timeout,timeout,
SAT_Competition2011/SAT09/CRAFTED/rbsat/crafted/forced/rbsat-v2640c305320gyes3.cnf,rbsat-v2640c305320gyes3,,5000.0,clasp1,1200.0,1200.0,1200.0,1200.0,1200.0,1200.0,1200.0,1200.0,1200.0,1200.0,1200.0,1200.0,1200.0,1200.0,1200.0,1200.0,1200.0,1200.0,1200.0,1200.0,1200.0,1200.0,1200.0,1200.0,1200.0,1200.0,1200.0,1200.0,1200.0,1200.0,1200.0,timeout,timeout,timeout,timeout,timeout,timeout,timeout,timeout,timeout,timeout,timeout,timeout,timeout,timeout,timeout,timeout,timeout,timeout,timeout,timeout,timeout,timeout,timeout,timeout,timeout,timeout,timeout,timeout,timeout,timeout,timeout,
SAT_Competition2011/SAT09/CRAFTED/rbsat/crafted/forced/rbsat-v760c43649gyes5.cnf,rbsat-v760c43649gyes5,/Users/herreran/Documents/Universidad/practica-invg/data/sat/instances/sc2012-hard-combinatorial/Hard Combinatorial SAT+UNSAT/SC2012 Hard Combinatorial/satcomp09-main-track-unselected/crafted/SAT09/CRAFTED/rbsat/random/forced/rbsat-v760c43649gyes5.cnf,5000.0,tnm,1200.0,1200.0,1200.0,1200.0,1200.0,1200.0,1200.0,1200.0,522.79,1200.0,1200.0,1200.0,1200.0,361.07,696.36,352.27,1200.0,1200.0,1200.0,1200.0,1200.0,1200.0,585.92,2.03,17.47,2.53,1200.0,0.92,1200.0,1200.0,0.91,timeout,timeout,timeout,timeout,timeout,timeout,timeout,timeout,ok,timeout,timeout,timeout,timeout,ok,ok,ok,timeout,timeout,timeout,timeout,timeout,timeout,ok,ok,ok,ok,timeout,ok,timeout,timeout,ok,/Users/herreran/Documents/Universidad/practica-invg/data/sat/datasets/sat_cnn_data_images/images/rbsat-v760c43649gyes5__14aa424cb8c4.npy
SAT_Competition2011/SAT09/CRAFTED/rbsat/crafted/forced/rbsat-v760c43649gyes6.cnf,rbsat-v760c43649gyes6,/Users/herreran/Documents/Universidad/practica-invg/data/sat/instances/sc2012-hard-combinatorial/Hard Combinatorial SAT+UNSAT/SATCompetition2011/crafted/SAT09/CRAFTED/rbsat/crafted/forced/rbsat-v760c43649gyes6.cnf,5000.0,sattime,1200.0,385.79,1200.0,1200.0,1200.0,1200.0,1200.0,1200.0,866.63,1200.0,556.4,661.92,1200.0,1200.0,1200.0,1200.0,1200.0,1200.0,1200.0,1200.0,1200.0,1200.0,1200.0,3.17,0.57,10.53,1200.0,3.35,1200.0,1200.0,1.51,timeout,ok,timeout,timeout,timeout,timeout,timeout,timeout,ok,timeout,ok,ok,timeout,timeout,timeout,timeout,timeout,timeout,timeout,timeout,timeout,timeout,timeout,ok,ok,ok,timeout,ok,timeout,timeout,ok,/Users/herreran/Documents/Universidad/practica-invg/data/sat/datasets/sat_cnn_data_images/images/rbsat-v760c43649gyes6__7e104a00f2ca.npy
SAT_Competition2011/SAT09/CRAFTED/rbsat/crafted/forced/rbsat-v760c43649gyes8.cnf,rbsat-v760c43649gyes8,/Users/herreran/Documents/Universidad/practica-invg/data/sat/instances/sc2012-hard-combinatorial/Hard Combinatorial SAT+UNSAT/SC2012 Hard Combinatorial/satcomp09-main-track-unselected/crafted/SAT09/CRAFTED/rbsat/random/forced/rbsat-v760c43649gyes8.cnf,5000.0,tnm,1200.0,1200.0,1200.0,1200.0,1200.0,1200.0,1200.0,1200.0,277.61,1200.0,1200.0,1200.0,1200.0,868.58,1200.0,882.92,1200.0,1200.0,1200.0,1200.0,1200.0,1200.0,1200.0,92.91,81.24,137.48,45.7,118.37,1200.0,1200.0,22.97,timeout,timeout,timeout,timeout,timeout,timeout,timeout,timeout,ok,timeout,timeout,timeout,timeout,ok,timeout,ok,timeout,timeout,timeout,timeout,timeout,timeout,timeout,ok,ok,ok,ok,ok,timeout,timeout,ok,/Users/herreran/Documents/Universidad/practica-invg/data/sat/datasets/sat_cnn_data_images/images/rbsat-v760c43649gyes8__0eb7606458f5.npy
SAT_Competition2011/SAT09/CRAFTED/rbsat/crafted/forced/rbsat-v945c61409gyes1.cnf,rbsat-v945c61409gyes1,/Users/herreran/Documents/Universidad/practica-invg/data/sat/instances/sc2012-hard-combinatorial/Hard Combinatorial SAT+UNSAT/SC2012 Hard Combinatorial/satcomp09-main-track-unselected/crafted/SAT09/CRAFTED/rbsat/random/forced/rbsat-v945c61409gyes1.cnf,5000.0,sparrow,1200.0,1200.0,1200.0,1200.0,1200.0,1200.0,1200.0,1200.0,1200.0,1200.0,1200.0,1200.0,1200.0,1200.0,1200.0,1200.0,1200.0,694.22,1200.0,1200.0,1200.0,1200.0,1200.0,34.48,25.74,125.47,1200.0,9.45,1200.0,1200.0,12.99,timeout,timeout,timeout,timeout,timeout,timeout,timeout,timeout,timeout,timeout,timeout,timeout,timeout,timeout,timeout,timeout,timeout,ok,timeout,timeout,timeout,timeout,timeout,ok,ok,ok,timeout,ok,timeout,timeout,ok,/Users/herreran/Documents/Universidad/practica-invg/data/sat/datasets/sat_cnn_data_images/images/rbsat-v945c61409gyes1__395998a77ca2.npy
SAT_Competition2011/SAT09/CRAFTED/rbsat/crafted/forced/rbsat-v945c61409gyes10.cnf,rbsat-v945c61409gyes10,/Users/herreran/Documents/Universidad/practica-invg/data/sat/instances/sc2012-hard-combinatorial/Hard Combinatorial SAT+UNSAT/SC2012 Hard Combinatorial/satcomp09-main-track-unselected/crafted/SAT09/CRAFTED/rbsat/random/forced/rbsat-v945c61409gyes10.cnf,5000.0,sattime,1200.0,1200.0,1200.0,1200.0,1200.0,1200.0,1200.0,1200.0,1200.0,1200.0,1200.0,1200.0,1200.0,1200.0,1200.0,1200.0,1200.0,1200.0,1200.0,1200.0,1200.0,1200.0,1200.0,3.21,0.69,3.14,1200.0,10.5,1200.0,1200.0,9.76,timeout,timeout,timeout,timeout,timeout,timeout,timeout,timeout,timeout,timeout,timeout,timeout,timeout,timeout,timeout,timeout,timeout,timeout,timeout,timeout,timeout,timeout,timeout,ok,ok,ok,timeout,ok,timeout,timeout,ok,/Users/herreran/Documents/Universidad/practica-invg/data/sat/datasets/sat_cnn_data_images/images/rbsat-v945c61409gyes10__faf09600dd9c.npy
SAT_Competition2011/SAT09/CRAFTED/rbsat/crafted/forced/rbsat-v945c61409gyes7.cnf,rbsat-v945c61409gyes7,/Users/herreran/Documents/Universidad/practica-invg/data/sat/instances/sc2012-hard-combinatorial/Hard Combinatorial SAT+UNSAT/SC2012 Hard Combinatorial/satcomp09-main-track-unselected/crafted/SAT09/CRAFTED/rbsat/random/forced/rbsat-v945c61409gyes7.cnf,5000.0,tnm,1200.0,1200.0,1200.0,1200.0,1200.0,1200.0,1200.0,1200.0,1200.0,1200.0,1200.0,1200.0,1200.0,1200.0,1200.0,1200.0,1200.0,1200.0,1200.0,1200.0,1200.0,1200.0,1200.0,95.49,76.45,240.28,1200.0,94.95,1200.0,1200.0,29.26,timeout,timeout,timeout,timeout,timeout,timeout,timeout,timeout,timeout,timeout,timeout,timeout,timeout,timeout,timeout,timeout,timeout,timeout,timeout,timeout,timeout,timeout,timeout,ok,ok,ok,timeout,ok,timeout,timeout,ok,/Users/herreran/Documents/Universidad/practica-invg/data/sat/datasets/sat_cnn_data_images/images/rbsat-v945c61409gyes7__916f91abb50a.npy
SAT_Competition2011/SAT09/CRAFTED/rbsat/crafted/unforced/rbsat-v1820c171155g5.cnf,rbsat-v1820c171155g5,,5000.0,clasp1,1200.0,1200.0,1200.0,1200.0,1200.0,1200.0,1200.0,1200.0,1200.0,1200.0,1200.0,1200.0,1200.0,1200.0,1200.0,1200.0,1200.0,1200.0,1200.0,1200.0,1200.0,1200.0,1200.0,1200.0,1200.0,1200.0,1200.0,1200.0,1200.0,1200.0,1200.0,timeout,timeout,timeout,timeout,timeout,timeout,timeout,timeout,timeout,timeout,timeout,timeout,timeout,timeout,timeout,timeout,timeout,timeout,timeout,timeout,timeout,timeout,timeout,timeout,timeout,timeout,timeout,timeout,timeout,timeout,timeout,
SAT_Competition2011/SAT09/CRAFTED/rbsat/crafted/unforced/rbsat-v2400c266431g6.cnf,rbsat-v2400c266431g6,,5000.0,clasp1,1200.0,1200.0,1200.0,1200.0,1200.0,1200.0,1200.0,1200.0,1200.0,1200.0,1200.0,1200.0,1200.0,1200.0,1200.0,1200.0,1200.0,1200.0,1200.0,1200.0,1200.0,1200.0,1200.0,1200.0,1200.0,1200.0,1200.0,1200.0,1200.0,1200.0,1200.0,timeout,timeout,timeout,timeout,timeout,timeout,timeout,timeout,timeout,timeout,timeout,timeout,timeout,timeout,timeout,timeout,timeout,timeout,timeout,timeout,timeout,timeout,timeout,timeout,timeout,timeout,timeout,timeout,timeout,timeout,timeout,
SAT_Competition2011/SAT09/CRAFTED/rbsat/crafted/unforced/rbsat-v2400c266431g9.cnf,rbsat-v2400c266431g9,,5000.0,clasp1,1200.0,1200.0,1200.0,1200.0,1200.0,1200.0,1200.0,1200.0,1200.0,1200.0,1200.0,1200.0,1200.0,1200.0,1200.0,1200.0,1200.0,1200.0,1200.0,1200.0,1200.0,1200.0,1200.0,1200.0,1200.0,1200.0,1200.0,1200.0,1200.0,1200.0,1200.0,timeout,timeout,timeout,timeout,timeout,timeout,timeout,timeout,timeout,timeout,timeout,timeout,timeout,timeout,timeout,timeout,timeout,timeout,timeout,timeout,timeout,timeout,timeout,timeout,timeout,timeout,timeout,timeout,timeout,timeout,timeout,
SAT_Competition2011/SAT09/CRAFTED/rbsat/crafted/unforced/rbsat-v760c43649g2.cnf,rbsat-v760c43649g2,,5000.0,marchrw,1200.0,1200.0,1200.0,1200.0,1200.0,1200.0,1200.0,1200.0,1200.0,1200.0,1200.0,1197.67,1200.0,1200.0,1200.0,1200.0,1200.0,1200.0,1200.0,1200.0,1200.0,1200.0,1200.0,1200.0,1200.0,1200.0,1200.0,1200.0,1200.0,1200.0,1200.0,timeout,timeout,timeout,timeout,timeout,timeout,timeout,timeout,timeout,timeout,timeout,ok,timeout,timeout,timeout,timeout,timeout,timeout,timeout,timeout,timeout,timeout,timeout,timeout,timeout,timeout,timeout,timeout,timeout,timeout,timeout,
SAT_Competition2011/SAT09/CRAFTED/rbsat/crafted/unforced/rbsat-v760c43649g7.cnf,rbsat-v760c43649g7,/Users/herreran/Documents/Universidad/practica-invg/data/sat/instances/sc2012-hard-combinatorial/Hard Combinatorial SAT+UNSAT/SATCompetition2011/crafted/SAT09/CRAFTED/rbsat/random/unforced/rbsat-v760c43649g7.cnf,5000.0,sattime,1200.0,1200.0,1200.0,1200.0,1200.0,1161.07,1200.0,1200.0,1200.0,1200.0,983.21,1200.0,1200.0,1200.0,1200.0,1200.0,1200.0,335.05,1200.0,1200.0,1200.0,1200.0,1200.0,68.75,15.34,630.78,1200.0,32.46,1200.0,1200.0,26.82,timeout,timeout,timeout,timeout,timeout,ok,timeout,timeout,timeout,timeout,ok,timeout,timeout,timeout,timeout,timeout,timeout,ok,timeout,timeout,timeout,timeout,timeout,ok,ok,ok,timeout,ok,timeout,timeout,ok,/Users/herreran/Documents/Universidad/practica-invg/data/sat/datasets/sat_cnn_data_images/images/rbsat-v760c43649g7__25ba3c83216e.npy
SAT_Competition2011/SAT09/CRAFTED/rbsat/crafted/unforced/rbsat-v760c43649g9.cnf,rbsat-v760c43649g9,/Users/herreran/Documents/Universidad/practica-invg/data/sat/instances/sc2012-hard-combinatorial/Hard Combinatorial SAT+UNSAT/SC2012 Hard Combinatorial/satcomp09-main-track-unselected/crafted/SAT09/CRAFTED/rbsat/random/unforced/rbsat-v760c43649g9.cnf,5000.0,sattimep,1200.0,1200.0,921.57,1200.0,410.09,1200.0,1200.0,1200.0,1200.0,1200.0,978.96,1109.88,1200.0,1200.0,1200.0,1200.0,1200.0,1200.0,1200.0,1200.0,1200.0,1200.0,1200.0,2.82,7.91,0.34,1200.0,6.66,1200.0,1200.0,27.41,timeout,timeout,ok,timeout,ok,timeout,timeout,timeout,timeout,timeout,ok,ok,timeout,timeout,timeout,timeout,timeout,timeout,timeout,timeout,timeout,timeout,timeout,ok,ok,ok,timeout,ok,timeout,timeout,ok,/Users/herreran/Documents/Universidad/practica-invg/data/sat/datasets/sat_cnn_data_images/images/rbsat-v760c43649g9__3401ee02efa9.npy
SAT_Competition2011/SAT09/CRAFTED/rbsat/crafted/unforced/rbsat-v945c61409g3.cnf,rbsat-v945c61409g3,,5000.0,sparrow,1200.0,1200.0,1200.0,1200.0,1200.0,1200.0,1200.0,1200.0,1200.0,1200.0,201.76,1200.0,1200.0,1200.0,1200.0,1200.0,1200.0,1200.0,1200.0,1200.0,1200.0,1200.0,1200.0,43.69,3.25,46.95,1200.0,0.35,1200.0,1200.0,15.07,timeout,timeout,timeout,timeout,timeout,timeout,timeout,timeout,timeout,timeout,ok,timeout,timeout,timeout,timeout,timeout,timeout,timeout,timeout,timeout,timeout,timeout,timeout,ok,ok,ok,timeout,ok,timeout,timeout,ok,
SAT_Competition2011/SAT09/CRAFTED/rbsat/random/forced/rbsat-v1150c84314gyes1.cnf,rbsat-v1150c84314gyes1,/Users/herreran/Documents/Universidad/practica-invg/data/sat/instances/sc2012-hard-combinatorial/Hard Combinatorial SAT+UNSAT/SATCompetition2011/crafted/SAT09/CRAFTED/rbsat/random/forced/rbsat-v1150c84314gyes1.cnf,5000.0,satime11,1200.0,1200.0,1200.0,1200.0,1200.0,1200.0,1200.0,1200.0,1200.0,1200.0,1200.0,1200.0,1200.0,1200.0,1200.0,1200.0,1200.0,1200.0,1200.0,1200.0,1200.0,1200.0,1200.0,25.66,186.46,1200.0,1200.0,525.39,1200.0,1200.0,293.87,timeout,timeout,timeout,timeout,timeout,timeout,timeout,timeout,timeout,timeout,timeout,timeout,timeout,timeout,timeout,timeout,timeout,timeout,timeout,timeout,timeout,timeout,timeout,ok,ok,timeout,timeout,ok,timeout,timeout,ok,/Users/herreran/Documents/Universidad/practica-invg/data/sat/datasets/sat_cnn_data_images/images/rbsat-v1150c84314gyes1__0453201817a1.npy
SAT_Competition2011/SAT09/CRAFTED/rbsat/random/forced/rbsat-v1375c111739gyes10.cnf,rbsat-v1375c111739gyes10,,5000.0,sattimep,1200.0,1200.0,1200.0,1200.0,1200.0,1200.0,1200.0,1200.0,1200.0,1200.0,1200.0,1200.0,1200.0,1200.0,1200.0,1200.0,1200.0,1200.0,1200.0,1200.0,1200.0,1200.0,1200.0,164.68,69.95,6.53,1200.0,337.16,1200.0,1200.0,81.84,timeout,timeout,timeout,timeout,timeout,timeout,timeout,timeout,timeout,timeout,timeout,timeout,timeout,timeout,timeout,timeout,timeout,timeout,timeout,timeout,timeout,timeout,timeout,ok,ok,ok,timeout,ok,timeout,timeout,ok,
SAT_Competition2011/SAT09/CRAFTED/rbsat/random/forced/rbsat-v1820c171155gyes3.cnf,rbsat-v1820c171155gyes3,,5000.0,clasp1,1200.0,1200.0,1200.0,1200.0,1200.0,1200.0,1200.0,1200.0,1200.0,1200.0,1200.0,1200.0,1200.0,1200.0,1200.0,1200.0,1200.0,1200.0,1200.0,1200.0,1200.0,1200.0,1200.0,1200.0,1200.0,1200.0,1200.0,1200.0,1200.0,1200.0,1200.0,timeout,timeout,timeout,timeout,timeout,timeout,timeout,timeout,timeout,timeout,timeout,timeout,timeout,timeout,timeout,timeout,timeout,timeout,timeout,timeout,timeout,timeout,timeout,timeout,timeout,timeout,timeout,timeout,timeout,timeout,timeout,
SAT_Competition2011/SAT09/CRAFTED/rbsat/random/forced/rbsat-v2100c215164gyes2.cnf,rbsat-v2100c215164gyes2,,5000.0,clasp1,1200.0,1200.0,1200.0,1200.0,1200.0,1200.0,1200.0,1200.0,1200.0,1200.0,1200.0,1200.0,1200.0,1200.0,1200.0,1200.0,1200.0,1200.0,1200.0,1200.0,1200.0,1200.0,1200.0,1200.0,1200.0,1200.0,1200.0,1200.0,1200.0,1200.0,1200.0,timeout,timeout,timeout,timeout,timeout,timeout,timeout,timeout,timeout,timeout,timeout,timeout,timeout,timeout,timeout,timeout,timeout,timeout,timeout,timeout,timeout,timeout,timeout,timeout,timeout,timeout,timeout,timeout,timeout,timeout,timeout,
SAT_Competition2011/SAT09/CRAFTED/rbsat/random/forced/rbsat-v2100c215164gyes7.cnf,rbsat-v2100c215164gyes7,,5000.0,clasp1,1200.0,1200.0,1200.0,1200.0,1200.0,1200.0,1200.0,1200.0,1200.0,1200.0,1200.0,1200.0,1200.0,1200.0,1200.0,1200.0,1200.0,1200.0,1200.0,1200.0,1200.0,1200.0,1200.0,1200.0,1200.0,1200.0,1200.0,1200.0,1200.0,1200.0,1200.0,timeout,timeout,timeout,timeout,timeout,timeout,timeout,timeout,timeout,timeout,timeout,timeout,timeout,timeout,timeout,timeout,timeout,timeout,timeout,timeout,timeout,timeout,timeout,timeout,timeout,timeout,timeout,timeout,timeout,timeout,timeout,
SAT_Competition2011/SAT09/CRAFTED/rbsat/random/forced/rbsat-v2400c266431gyes1.cnf,rbsat-v2400c266431gyes1,,5000.0,clasp1,1200.0,1200.0,1200.0,1200.0,1200.0,1200.0,1200.0,1200.0,1200.0,1200.0,1200.0,1200.0,1200.0,1200.0,1200.0,1200.0,1200.0,1200.0,1200.0,1200.0,1200.0,1200.0,1200.0,1200.0,1200.0,1200.0,1200.0,1200.0,1200.0,1200.0,1200.0,timeout,timeout,timeout,timeout,timeout,timeout,timeout,timeout,timeout,timeout,timeout,timeout,timeout,timeout,timeout,timeout,timeout,timeout,timeout,timeout,timeout,timeout,timeout,timeout,timeout,timeout,timeout,timeout,timeout,timeout,timeout,
SAT_Competition2011/SAT09/CRAFTED/rbsat/random/forced/rbsat-v2400c266431gyes6.cnf,rbsat-v2400c266431gyes6,,5000.0,clasp1,1200.0,1200.0,1200.0,1200.0,1200.0,1200.0,1200.0,1200.0,1200.0,1200.0,1200.0,1200.0,1200.0,1200.0,1200.0,1200.0,1200.0,1200.0,1200.0,1200.0,1200.0,1200.0,1200.0,1200.0,1200.0,1200.0,1200.0,1200.0,1200.0,1200.0,1200.0,timeout,timeout,timeout,timeout,timeout,timeout,timeout,timeout,timeout,timeout,timeout,timeout,timeout,timeout,timeout,timeout,timeout,timeout,timeout,timeout,timeout,timeout,timeout,timeout,timeout,timeout,timeout,timeout,timeout,timeout,timeout,
SAT_Competition2011/SAT09/CRAFTED/rbsat/random/forced/rbsat-v2400c266431gyes7.cnf,rbsat-v2400c266431gyes7,,5000.0,clasp1,1200.0,1200.0,1200.0,1200.0,1200.0,1200.0,1200.0,1200.0,1200.0,1200.0,1200.0,1200.0,1200.0,1200.0,1200.0,1200.0,1200.0,1200.0,1200.0,1200.0,1200.0,1200.0,1200.0,1200.0,1200.0,1200.0,1200.0,1200.0,1200.0,1200.0,1200.0,timeout,timeout,timeout,timeout,timeout,timeout,timeout,timeout,timeout,timeout,timeout,timeout,timeout,timeout,timeout,timeout,timeout,timeout,timeout,timeout,timeout,timeout,timeout,timeout,timeout,timeout,timeout,timeout,timeout,timeout,timeout,
SAT_Competition2011/SAT09/CRAFTED/rbsat/random/forced/rbsat-v2640c305320gyes10.cnf,rbsat-v2640c305320gyes10,,5000.0,clasp1,1200.0,1200.0,1200.0,1200.0,1200.0,1200.0,1200.0,1200.0,1200.0,1200.0,1200.0,1200.0,1200.0,1200.0,1200.0,1200.0,1200.0,1200.0,1200.0,1200.0,1200.0,1200.0,1200.0,1200.0,1200.0,1200.0,1200.0,1200.0,1200.0,1200.0,1200.0,timeout,timeout,timeout,timeout,timeout,timeout,timeout,timeout,timeout,timeout,timeout,timeout,timeout,timeout,timeout,timeout,timeout,timeout,timeout,timeout,timeout,timeout,timeout,timeout,timeout,timeout,timeout,timeout,timeout,timeout,timeout,
SAT_Competition2011/SAT09/CRAFTED/rbsat/random/forced/rbsat-v2640c305320gyes2.cnf,rbsat-v2640c305320gyes2,,5000.0,clasp1,1200.0,1200.0,1200.0,1200.0,1200.0,1200.0,1200.0,1200.0,1200.0,1200.0,1200.0,1200.0,1200.0,1200.0,1200.0,1200.0,1200.0,1200.0,1200.0,1200.0,1200.0,1200.0,1200.0,1200.0,1200.0,1200.0,1200.0,1200.0,1200.0,1200.0,1200.0,timeout,timeout,timeout,timeout,timeout,timeout,timeout,timeout,timeout,timeout,timeout,timeout,timeout,timeout,timeout,timeout,timeout,timeout,timeout,timeout,timeout,timeout,timeout,timeout,timeout,timeout,timeout,timeout,timeout,timeout,timeout,
SAT_Competition2011/SAT09/CRAFTED/rbsat/random/forced/rbsat-v2640c305320gyes3.cnf,rbsat-v2640c305320gyes3,,5000.0,clasp1,1200.0,1200.0,1200.0,1200.0,1200.0,1200.0,1200.0,1200.0,1200.0,1200.0,1200.0,1200.0,1200.0,1200.0,1200.0,1200.0,1200.0,1200.0,1200.0,1200.0,1200.0,1200.0,1200.0,1200.0,1200.0,1200.0,1200.0,1200.0,1200.0,1200.0,1200.0,timeout,timeout,timeout,timeout,timeout,timeout,timeout,timeout,timeout,timeout,timeout,timeout,timeout,timeout,timeout,timeout,timeout,timeout,timeout,timeout,timeout,timeout,timeout,timeout,timeout,timeout,timeout,timeout,timeout,timeout,timeout,
SAT_Competition2011/SAT09/CRAFTED/rbsat/random/forced/rbsat-v2640c305320gyes5.cnf,rbsat-v2640c305320gyes5,,5000.0,clasp1,1200.0,1200.0,1200.0,1200.0,1200.0,1200.0,1200.0,1200.0,1200.0,1200.0,1200.0,1200.0,1200.0,1200.0,1200.0,1200.0,1200.0,1200.0,1200.0,1200.0,1200.0,1200.0,1200.0,1200.0,1200.0,1200.0,1200.0,1200.0,1200.0,1200.0,1200.0,timeout,timeout,timeout,timeout,timeout,timeout,timeout,timeout,timeout,timeout,timeout,timeout,timeout,timeout,timeout,timeout,timeout,timeout,timeout,timeout,timeout,timeout,timeout,timeout,timeout,timeout,timeout,timeout,timeout,timeout,timeout,
SAT_Competition2011/SAT09/CRAFTED/rbsat/random/forced/rbsat-v945c61409gyes5.cnf,rbsat-v945c61409gyes5,/Users/herreran/Documents/Universidad/practica-invg/data/sat/instances/sc2012-hard-combinatorial/Hard Combinatorial SAT+UNSAT/SC2012 Hard Combinatorial/satcomp09-main-track-unselected/crafted/SAT09/CRAFTED/rbsat/crafted/forced/rbsat-v945c61409gyes5.cnf,5000.0,tnm,1200.0,972.43,1200.0,1200.0,1200.0,1200.0,1200.0,1200.0,1200.0,202.67,1200.0,1060.73,1200.0,1172.44,1200.0,1200.0,1200.0,1200.0,1200.0,1200.0,1200.0,1200.0,1200.0,5.28,17.77,37.43,1200.0,10.56,1200.0,1200.0,2.82,timeout,ok,timeout,timeout,timeout,timeout,timeout,timeout,timeout,ok,timeout,ok,timeout,ok,timeout,timeout,timeout,timeout,timeout,timeout,timeout,timeout,timeout,ok,ok,ok,timeout,ok,timeout,timeout,ok,/Users/herreran/Documents/Universidad/practica-invg/data/sat/datasets/sat_cnn_data_images/images/rbsat-v945c61409gyes5__df9d4f970c4e.npy
SAT_Competition2011/SAT09/CRAFTED/rbsat/random/unforced/rbsat-v1150c84314g1.cnf,rbsat-v1150c84314g1,,5000.0,sattime,1200.0,1200.0,1200.0,1200.0,1200.0,1200.0,1200.0,1200.0,1200.0,1200.0,1200.0,1200.0,1200.0,1200.0,1200.0,1200.0,1200.0,1200.0,680.56,1200.0,1200.0,1200.0,1200.0,60.86,22.79,183.76,1200.0,51.71,1200.0,1200.0,83.43,timeout,timeout,timeout,timeout,timeout,timeout,timeout,timeout,timeout,timeout,timeout,timeout,timeout,timeout,timeout,timeout,timeout,timeout,ok,timeout,timeout,timeout,timeout,ok,ok,ok,timeout,ok,timeout,timeout,ok,
SAT_Competition2011/SAT09/CRAFTED/rbsat/random/unforced/rbsat-v1150c84314g7.cnf,rbsat-v1150c84314g7,/Users/herreran/Documents/Universidad/practica-invg/data/sat/instances/sc2012-hard-combinatorial/Hard Combinatorial SAT+UNSAT/SATCompetition2011/crafted/SAT09/CRAFTED/rbsat/random/unforced/rbsat-v1150c84314g7.cnf,5000.0,sattime,1200.0,1200.0,1200.0,1200.0,1200.0,1200.0,1200.0,1200.0,1200.0,1200.0,1200.0,1200.0,1200.0,1200.0,1200.0,1200.0,1200.0,1200.0,1200.0,1200.0,1200.0,1200.0,1200.0,276.54,33.41,1200.0,1200.0,195.91,1200.0,1200.0,340.23,timeout,timeout,timeout,timeout,timeout,timeout,timeout,timeout,timeout,timeout,timeout,timeout,timeout,timeout,timeout,timeout,timeout,timeout,timeout,timeout,timeout,timeout,timeout,ok,ok,timeout,timeout,ok,timeout,timeout,ok,/Users/herreran/Documents/Universidad/practica-invg/data/sat/datasets/sat_cnn_data_images/images/rbsat-v1150c84314g7__9752cd52350a.npy
SAT_Competition2011/SAT09/CRAFTED/rbsat/random/unforced/rbsat-v1375c111739g4.cnf,rbsat-v1375c111739g4,,5000.0,satime11,1200.0,1200.0,1200.0,1200.0,1200.0,1200.0,1200.0,1200.0,1200.0,1200.0,1200.0,1200.0,1200.0,1200.0,1200.0,1200.0,1200.0,1200.0,1200.0,1200.0,1200.0,1200.0,1200.0,568.4,1183.92,1200.0,1200.0,1200.0,1200.0,1200.0,851.13,timeout,timeout,timeout,timeout,timeout,timeout,timeout,timeout,timeout,timeout,timeout,timeout,timeout,timeout,timeout,timeout,timeout,timeout,timeout,timeout,timeout,timeout,timeout,ok,ok,timeout,timeout,timeout,timeout,timeout,ok,
SAT_Competition2011/SAT09/CRAFTED/rbsat/random/unforced/rbsat-v1375c111739g6.cnf,rbsat-v1375c111739g6,,5000.0,clasp1,1200.0,1200.0,1200.0,1200.0,1200.0,1200.0,1200.0,1200.0,1200.0,1200.0,1200.0,1200.0,1200.0,1200.0,1200.0,1200.0,1200.0,1200.0,1200.0,1200.0,1200.0,1200.0,1200.0,1200.0,1200.0,1200.0,1200.0,1200.0,1200.0,1200.0,1200.0,timeout,timeout,timeout,timeout,timeout,timeout,timeout,timeout,timeout,timeout,timeout,timeout,timeout,timeout,timeout,timeout,timeout,timeout,timeout,timeout,timeout,timeout,timeout,timeout,timeout,timeout,timeout,timeout,timeout,timeout,timeout,
SAT_Competition2011/SAT09/CRAFTED/rbsat/random/unforced/rbsat-v2100c215164g4.cnf,rbsat-v2100c215164g4,,5000.0,clasp1,1200.0,1200.0,1200.0,1200.0,1200.0,1200.0,1200.0,1200.0,1200.0,1200.0,1200.0,1200.0,1200.0,1200.0,1200.0,1200.0,1200.0,1200.0,1200.0,1200.0,1200.0,1200.0,1200.0,1200.0,1200.0,1200.0,1200.0,1200.0,1200.0,1200.0,1200.0,timeout,timeout,timeout,timeout,timeout,timeout,timeout,timeout,timeout,timeout,timeout,timeout,timeout,timeout,timeout,timeout,timeout,timeout,timeout,timeout,timeout,timeout,timeout,timeout,timeout,timeout,timeout,timeout,timeout,timeout,timeout,
SAT_Competition2011/SAT09/CRAFTED/rbsat/random/unforced/rbsat-v2100c215164g9.cnf,rbsat-v2100c215164g9,,5000.0,clasp1,1200.0,1200.0,1200.0,1200.0,1200.0,1200.0,1200.0,1200.0,1200.0,1200.0,1200.0,1200.0,1200.0,1200.0,1200.0,1200.0,1200.0,1200.0,1200.0,1200.0,1200.0,1200.0,1200.0,1200.0,1200.0,1200.0,1200.0,1200.0,1200.0,1200.0,1200.0,timeout,timeout,timeout,timeout,timeout,timeout,timeout,timeout,timeout,timeout,timeout,timeout,timeout,timeout,timeout,timeout,timeout,timeout,timeout,timeout,timeout,timeout,timeout,timeout,timeout,timeout,timeout,timeout,timeout,timeout,timeout,
SAT_Competition2011/SAT09/CRAFTED/rbsat/random/unforced/rbsat-v2400c266431g10.cnf,rbsat-v2400c266431g10,,5000.0,clasp1,1200.0,1200.0,1200.0,1200.0,1200.0,1200.0,1200.0,1200.0,1200.0,1200.0,1200.0,1200.0,1200.0,1200.0,1200.0,1200.0,1200.0,1200.0,1200.0,1200.0,1200.0,1200.0,1200.0,1200.0,1200.0,1200.0,1200.0,1200.0,1200.0,1200.0,1200.0,timeout,timeout,timeout,timeout,timeout,timeout,timeout,timeout,timeout,timeout,timeout,timeout,timeout,timeout,timeout,timeout,timeout,timeout,timeout,timeout,timeout,timeout,timeout,timeout,timeout,timeout,timeout,timeout,timeout,timeout,timeout,
SAT_Competition2011/SAT09/CRAFTED/rbsat/random/unforced/rbsat-v2400c266431g3.cnf,rbsat-v2400c266431g3,,5000.0,clasp1,1200.0,1200.0,1200.0,1200.0,1200.0,1200.0,1200.0,1200.0,1200.0,1200.0,1200.0,1200.0,1200.0,1200.0,1200.0,1200.0,1200.0,1200.0,1200.0,1200.0,1200.0,1200.0,1200.0,1200.0,1200.0,1200.0,1200.0,1200.0,1200.0,1200.0,1200.0,timeout,timeout,timeout,timeout,timeout,timeout,timeout,timeout,timeout,timeout,timeout,timeout,timeout,timeout,timeout,timeout,timeout,timeout,timeout,timeout,timeout,timeout,timeout,timeout,timeout,timeout,timeout,timeout,timeout,timeout,timeout,
SAT_Competition2011/SAT09/CRAFTED/rbsat/random/unforced/rbsat-v760c43649g5.cnf,rbsat-v760c43649g5,/Users/herreran/Documents/Universidad/practica-invg/data/sat/instances/sc2012-hard-combinatorial/Hard Combinatorial SAT+UNSAT/SC2012 Hard Combinatorial/satcomp09-main-track-unselected/crafted/SAT09/CRAFTED/rbsat/crafted/unforced/rbsat-v760c43649g5.cnf,5000.0,mxc09,81.45,45.3,113.71,1200.0,51.52,127.48,118.18,366.9,1200.0,187.31,132.04,25.85,50.44,74.31,179.66,68.04,1.05,364.85,92.38,52.48,73.57,38.87,110.22,1.76,3.5,1.71,30.43,27.09,1186.24,1200.0,2.34,ok,ok,ok,timeout,ok,ok,ok,ok,timeout,ok,ok,ok,ok,ok,ok,ok,ok,ok,ok,ok,ok,ok,ok,ok,ok,ok,ok,ok,ok,timeout,ok,/Users/herreran/Documents/Universidad/practica-invg/data/sat/datasets/sat_cnn_data_images/images/rbsat-v760c43649g5__1098336da121.npy
SAT_Competition2011/SAT09/CRAFTED/rbsat/random/unforced/rbsat-v760c43649g7.cnf,rbsat-v760c43649g7,/Users/herreran/Documents/Universidad/practica-invg/data/sat/instances/sc2012-hard-combinatorial/Hard Combinatorial SAT+UNSAT/SATCompetition2011/crafted/SAT09/CRAFTED/rbsat/random/unforced/rbsat-v760c43649g7.cnf,5000.0,satime11,63.58,5.99,318.96,1200.0,155.0,381.53,47.99,93.33,820.99,671.18,44.85,136.37,203.65,85.05,96.46,83.8,98.0,618.87,153.18,162.1,605.73,86.25,872.24,0.78,7.33,79.82,1003.74,7.25,271.4,1200.0,2.52,ok,ok,ok,timeout,ok,ok,ok,ok,ok,ok,ok,ok,ok,ok,ok,ok,ok,ok,ok,ok,ok,ok,ok,ok,ok,ok,ok,ok,ok,timeout,ok,/Users/herreran/Documents/Universidad/practica-invg/data/sat/datasets/sat_cnn_data_images/images/rbsat-v760c43649g7__8069abf982df.npy
SAT_Competition2011/SAT09/CRAFTED/rbsat/random/unforced/rbsat-v945c61409g3.cnf,rbsat-v945c61409g3,,5000.0,sparrow,1200.0,1200.0,1200.0,1200.0,1200.0,1200.0,1200.0,1200.0,1200.0,1200.0,1200.0,1200.0,1200.0,1200.0,1200.0,1200.0,1200.0,1200.0,1200.0,1200.0,1200.0,1200.0,1200.0,231.94,225.51,1141.62,1200.0,189.57,1200.0,1200.0,220.01,timeout,timeout,timeout,timeout,timeout,timeout,timeout,timeout,timeout,timeout,timeout,timeout,timeout,timeout,timeout,timeout,timeout,timeout,timeout,timeout,timeout,timeout,timeout,ok,ok,ok,timeout,ok,timeout,timeout,ok,
SAT_Competition2011/SAT09/CRAFTED/rbsat/random/unforced/rbsat-v945c61409g4.cnf,rbsat-v945c61409g4,/Users/herreran/Documents/Universidad/practica-invg/data/sat/instances/sc2012-hard-combinatorial/Hard Combinatorial SAT+UNSAT/SATCompetition2011/crafted/SAT09/CRAFTED/rbsat/random/unforced/rbsat-v945c61409g4.cnf,5000.0,tnm,1200.0,596.86,1200.0,1200.0,1200.0,1200.0,917.6,1200.0,1200.0,1200.0,1200.0,773.69,1200.0,1200.0,1200.0,1200.0,1200.0,1200.0,1200.0,132.96,1200.0,1200.0,1200.0,67.84,83.65,302.92,1200.0,39.64,1200.0,1200.0,5.03,timeout,ok,timeout,timeout,timeout,timeout,ok,timeout,timeout,timeout,timeout,ok,timeout,timeout,timeout,timeout,timeout,timeout,timeout,ok,timeout,timeout,timeout,ok,ok,ok,timeout,ok,timeout,timeout,ok,/Users/herreran/Documents/Universidad/practica-invg/data/sat/datasets/sat_cnn_data_images/images/rbsat-v945c61409g4__29ac8023610e.npy
SAT_Competition2011/SAT09/CRAFTED/rbsat/random/unforced/rbsat-v945c61409g6.cnf,rbsat-v945c61409g6,,5000.0,clasp1,1200.0,1200.0,1200.0,1200.0,1200.0,1200.0,1200.0,1200.0,1200.0,1200.0,1200.0,1200.0,1200.0,1200.0,1200.0,1200.0,1200.0,1200.0,1200.0,1200.0,1200.0,1200.0,1200.0,1200.0,1200.0,1200.0,1200.0,1200.0,1200.0,1200.0,1200.0,timeout,timeout,timeout,timeout,timeout,timeout,timeout,timeout,timeout,timeout,timeout,timeout,timeout,timeout,timeout,timeout,timeout,timeout,timeout,timeout,timeout,timeout,timeout,timeout,timeout,timeout,timeout,timeout,timeout,timeout,timeout,
SAT_Competition2011/SAT09/CRAFTED/rbsat/random/unforced/rbsat-v945c61409g7.cnf,rbsat-v945c61409g7,/Users/herreran/Documents/Universidad/practica-invg/data/sat/instances/sc2012-hard-combinatorial/Hard Combinatorial SAT+UNSAT/SATCompetition2011/crafted/SAT09/CRAFTED/rbsat/random/unforced/rbsat-v945c61409g7.cnf,5000.0,satime11,1200.0,1200.0,1200.0,1200.0,652.96,1200.0,1200.0,1200.0,1200.0,1200.0,1200.0,791.98,1200.0,1200.0,1200.0,1200.0,277.02,1200.0,768.01,1200.0,1200.0,1200.0,1200.0,6.08,11.43,10.98,1200.0,77.08,1200.0,1200.0,11.83,timeout,timeout,timeout,timeout,ok,timeout,timeout,timeout,timeout,timeout,timeout,ok,timeout,timeout,timeout,timeout,ok,timeout,ok,timeout,timeout,timeout,timeout,ok,ok,ok,timeout,ok,timeout,timeout,ok,/Users/herreran/Documents/Universidad/practica-invg/data/sat/datasets/sat_cnn_data_images/images/rbsat-v945c61409g7__e18aa8fbdf7a.npy
SAT_Competition2011/SAT09/CRAFTED/sgi/new-difficult-23-189-21-75.cnf,new-difficult-23-189-21-75,/Users/herreran/Documents/Universidad/practica-invg/data/sat/instances/sc2012-hard-combinatorial/Hard Combinatorial SAT+UNSAT/SATCompetition2011/crafted/SAT09/CRAFTED/sgi/new-difficult-23-189-21-75.cnf,5000.0,sol,1127.46,1143.62,1200.0,1200.0,1200.0,1200.0,1200.0,56.79,870.57,1200.0,1166.06,1200.0,44.88,10.55,23.72,10.6,1200.0,1200.0,1200.0,1200.0,1200.0,1200.0,1200.0,4.14,0.45,2.55,0.23,4.84,1200.0,1200.0,1.84,ok,ok,timeout,timeout,timeout,timeout,timeout,ok,ok,timeout,ok,timeout,ok,ok,ok,ok,timeout,timeout,timeout,timeout,timeout,timeout,timeout,ok,ok,ok,ok,ok,timeout,timeout,ok,/Users/herreran/Documents/Universidad/practica-invg/data/sat/datasets/sat_cnn_data_images/images/new-difficult-23-189-21-75__640be361bcde.npy
SAT_Competition2011/SAT09/CRAFTED/sgi/satsgi-n26himBHm28-p0-q293.cnf,satsgi-n26himBHm28-p0-q293,,5000.0,picosat,0.04,0.03,0.01,0.01,0.06,0.01,0.12,0.01,0.03,0.17,0.01,0.21,0.1,0.07,0.22,0.07,0.08,0.0,0.03,0.14,0.16,0.01,0.02,0.03,0.03,0.03,6.28,0.01,0.01,0.01,0.03,ok,ok,ok,ok,ok,ok,ok,ok,ok,ok,ok,ok,ok,ok,ok,ok,ok,ok,ok,ok,ok,ok,ok,ok,ok,ok,ok,ok,ok,ok,ok,
SAT_Competition2011/SAT11/crafted/anton/SRHD-SGI/srhd-sgi-m27-q225-n25-p15-s58217873.cnf,srhd-sgi-m27-q225-n25-p15-s58217873,/Users/herreran/Documents/Universidad/practica-invg/data/sat/instances/sc2012-hard-combinatorial/Hard Combinatorial SAT+UNSAT/SATCompetition2011/crafted/SAT11/crafted/anton/SRHD-SGI/srhd-sgi-m27-q225-n25-p15-s58217873.cnf,5000.0,sattime,6.44,5.67,24.44,1200.0,13.82,12.19,20.12,1.82,0.28,233.52,6.47,1200.0,12.77,124.8,192.11,118.66,69.05,12.14,5.4,5.65,66.37,13.61,4.03,0.22,0.15,0.19,0.34,0.45,663.98,1200.0,0.18,ok,ok,ok,timeout,ok,ok,ok,ok,ok,ok,ok,timeout,ok,ok,ok,ok,ok,ok,ok,ok,ok,ok,ok,ok,ok,ok,ok,ok,ok,timeout,ok,/Users/herreran/Documents/Universidad/practica-invg/data/sat/datasets/sat_cnn_data_images/images/srhd-sgi-m27-q225-n25-p15-s58217873__844628344863.npy
SAT_Competition2011/SAT11/crafted/anton/SRHD-SGI/srhd-sgi-m27-q225-n25-p30-s70617701.cnf,srhd-sgi-m27-q225-n25-p30-s70617701,/Users/herreran/Documents/Universidad/practica-invg/data/sat/instances/sc2012-hard-combinatorial/Hard Combinatorial SAT+UNSAT/SATCompetition2011/crafted/SAT11/crafted/anton/SRHD-SGI/srhd-sgi-m27-q225-n25-p30-s70617701.cnf,5000.0,sattimep,253.95,51.17,5.72,1200.0,341.48,841.64,25.7,86.9,16.48,29.87,17.26,800.6,49.95,130.48,5.62,118.11,1000.77,48.58,1.24,226.11,165.42,1018.7,1200.0,0.78,1.95,0.23,27.26,0.57,1200.0,1200.0,0.38,ok,ok,ok,timeout,ok,ok,ok,ok,ok,ok,ok,ok,ok,ok,ok,ok,ok,ok,ok,ok,ok,ok,timeout,ok,ok,ok,ok,ok,timeout,timeout,ok,/Users/herreran/Documents/Universidad/practica-invg/data/sat/datasets/sat_cnn_data_images/images/srhd-sgi-m27-q225-n25-p30-s70617701__1ef88c474ae7.npy
SAT_Competition2011/SAT11/crafted/anton/SRHD-SGI/srhd-sgi-m27-q255-n25-p15-s2076598.cnf,srhd-sgi-m27-q255-n25-p15-s2076598,/Users/herreran/Documents/Universidad/practica-invg/data/sat/instances/sc2012-hard-combinatorial/Hard Combinatorial SAT+UNSAT/SATCompetition2011/crafted/SAT11/crafted/anton/SRHD-SGI/srhd-sgi-m27-q255-n25-p15-s2076598.cnf,5000.0,tnm,860.17,762.32,385.24,1200.0,1200.0,45.18,1200.0,1200.0,3.3,1200.0,1080.49,1200.0,1200.0,690.18,1200.0,702.2,1200.0,176.45,1200.0,1072.26,1200.0,1200.0,1200.0,2.29,1.32,4.04,593.78,9.3,1200.0,1200.0,0.56,ok,ok,ok,timeout,timeout,ok,timeout,timeout,ok,timeout,ok,timeout,timeout,ok,timeout,ok,timeout,ok,timeout,ok,timeout,timeout,timeout,ok,ok,ok,ok,ok,timeout,timeout,ok,/Users/herreran/Documents/Universidad/practica-invg/data/sat/datasets/sat_cnn_data_images/images/srhd-sgi-m27-q255-n25-p15-s2076598__6dce3452567f.npy
SAT_Competition2011/SAT11/crafted/anton/SRHD-SGI/srhd-sgi-m27-q255-n25-p30-s39712998.cnf,srhd-sgi-m27-q255-n25-p30-s39712998,/Users/herreran/Documents/Universidad/practica-invg/data/sat/instances/sc2012-hard-combinatorial/Hard Combinatorial SAT+UNSAT/SATCompetition2011/crafted/SAT11/crafted/anton/SRHD-SGI/srhd-sgi-m27-q255-n25-p30-s39712998.cnf,5000.0,sol,27.75,477.7,809.16,1200.0,1200.0,1200.0,161.69,43.92,236.08,13.12,1200.0,1200.0,1200.0,44.32,448.27,44.03,23.8,1200.0,12.48,1200.0,315.27,1200.0,1200.0,1.87,26.16,31.89,0.33,231.47,1200.0,1200.0,13.06,ok,ok,ok,timeout,timeout,timeout,ok,ok,ok,ok,timeout,timeout,timeout,ok,ok,ok,ok,timeout,ok,timeout,ok,timeout,timeout,ok,ok,ok,ok,ok,timeout,timeout,ok,/Users/herreran/Documents/Universidad/practica-invg/data/sat/datasets/sat_cnn_data_images/images/srhd-sgi-m27-q255-n25-p30-s39712998__021ea1b8915a.npy
SAT_Competition2011/SAT11/crafted/anton/SRHD-SGI/srhd-sgi-m32-q326.25-n30-p15-s44266159.cnf,srhd-sgi-m32-q326.25-n30-p15-s44266159,/Users/herreran/Documents/Universidad/practica-invg/data/sat/instances/sc2012-hard-combinatorial/Hard Combinatorial SAT+UNSAT/SATCompetition2011/crafted/SAT11/crafted/anton/SRHD-SGI/srhd-sgi-m32-q326.25-n30-p15-s44266159.cnf,5000.0,sol,150.72,205.87,358.91,1200.0,1200.0,1200.0,918.73,1200.0,17.79,165.14,708.17,1200.0,615.47,7.34,41.33,6.63,34.17,1200.0,1.21,244.74,294.48,1200.0,1200.0,7.15,2.11,3.42,0.51,6.63,1200.0,1200.0,0.7,ok,ok,ok,timeout,timeout,timeout,ok,timeout,ok,ok,ok,timeout,ok,ok,ok,ok,ok,timeout,ok,ok,ok,timeout,timeout,ok,ok,ok,ok,ok,timeout,timeout,ok,/Users/herreran/Documents/Universidad/practica-invg/data/sat/datasets/sat_cnn_data_images/images/srhd-sgi-m32-q326.25-n30-p15-s44266159__97a2fea56449.npy
SAT_Competition2011/SAT11/crafted/anton/SRHD-SGI/srhd-sgi-m32-q326.25-n30-p30-s48700942.cnf,srhd-sgi-m32-q326.25-n30-p30-s48700942,/Users/herreran/Documents/Universidad/practica-invg/data/sat/instances/sc2012-hard-combinatorial/Hard Combinatorial SAT+UNSAT/SATCompetition2011/crafted/SAT11/crafted/anton/SRHD-SGI/srhd-sgi-m32-q326.25-n30-p30-s48700942.cnf,5000.0,rcl,280.72,498.99,25.97,1200.0,1200.0,1200.0,1200.0,217.13,75.1,11.59,793.97,1200.0,1200.0,438.58,564.63,433.88,559.69,1200.0,31.35,614.36,2.12,1200.0,1200.0,49.84,8.1,7.57,55.96,39.27,1200.0,1200.0,34.64,ok,ok,ok,timeout,timeout,timeout,timeout,ok,ok,ok,ok,timeout,timeout,ok,ok,ok,ok,timeout,ok,ok,ok,timeout,timeout,ok,ok,ok,ok,ok,timeout,timeout,ok,/Users/herreran/Documents/Universidad/practica-invg/data/sat/datasets/sat_cnn_data_images/images/srhd-sgi-m32-q326.25-n30-p30-s48700942__f9173ff1c26e.npy
SAT_Competition2011/SAT11/crafted/anton/SRHD-SGI/srhd-sgi-m32-q369.75-n30-p15-s59317012.cnf,srhd-sgi-m32-q369.75-n30-p15-s59317012,/Users/herreran/Documents/Universidad/practica-invg/data/sat/instances/sc2012-hard-combinatorial/Hard Combinatorial SAT+UNSAT/SATCompetition2011/crafted/SAT11/crafted/anton/SRHD-SGI/srhd-sgi-m32-q369.75-n30-p15-s59317012.cnf,5000.0,sol,1200.0,1200.0,1200.0,1200.0,1200.0,1200.0,1200.0,1200.0,17.8,1200.0,2.55,1200.0,1200.0,1025.51,1200.0,1054.06,1200.0,1200.0,241.9,1200.0,1200.0,1200.0,628.65,3.23,3.62,55.27,0.54,10.62,1200.0,1200.0,12.29,timeout,timeout,timeout,timeout,timeout,timeout,timeout,timeout,ok,timeout,ok,timeout,timeout,ok,timeout,ok,timeout,timeout,ok,timeout,timeout,timeout,ok,ok,ok,ok,ok,ok,timeout,timeout,ok,/Users/herreran/Documents/Universidad/practica-invg/data/sat/datasets/sat_cnn_data_images/images/srhd-sgi-m32-q369.75-n30-p15-s59317012__7051896dc48f.npy
SAT_Competition2011/SAT11/crafted/anton/SRHD-SGI/srhd-sgi-m32-q369.75-n30-p30-s25693430.cnf,srhd-sgi-m32-q369.75-n30-p30-s25693430,/Users/herreran/Documents/Universidad/practica-invg/data/sat/instances/sc2012-hard-combinatorial/Hard Combinatorial SAT+UNSAT/SATCompetition2011/crafted/SAT11/crafted/anton/SRHD-SGI/srhd-sgi-m32-q369.75-n30-p30-s25693430.cnf,5000.0,sol,1200.0,1200.0,1200.0,1200.0,1200.0,1200.0,1200.0,1200.0,1200.0,1200.0,414.62,1200.0,1200.0,1200.0,1124.54,1200.0,1200.0,1200.0,1200.0,1200.0,1200.0,1200.0,1200.0,405.21,121.41,563.42,0.61,1200.0,1200.0,1200.0,179.99,timeout,timeout,timeout,timeout,timeout,timeout,timeout,timeout,timeout,timeout,ok,timeout,timeout,timeout,ok,timeout,timeout,timeout,timeout,timeout,timeout,timeout,timeout,ok,ok,ok,ok,timeout,timeout,timeout,ok,/Users/herreran/Documents/Universidad/practica-invg/data/sat/datasets/sat_cnn_data_images/images/srhd-sgi-m32-q369.75-n30-p30-s25693430__490ab32e0bd0.npy
SAT_Competition2011/SAT11/crafted/anton/SRHD-SGI/srhd-sgi-m37-q446.25-n35-p15-s25120921.cnf,srhd-sgi-m37-q446.25-n35-p15-s25120921,/Users/herreran/Documents/Universidad/practica-invg/data/sat/instances/sc2012-hard-combinatorial/Hard Combinatorial SAT+UNSAT/SATCompetition2011/crafted/SAT11/crafted/anton/SRHD-SGI/srhd-sgi-m37-q446.25-n35-p15-s25120921.cnf,5000.0,sol,47.11,43.63,96.73,1200.0,89.33,1200.0,1200.0,120.07,221.69,265.73,1104.86,1200.0,1200.0,107.06,57.98,107.1,1200.0,1200.0,1200.0,139.57,527.14,1200.0,1200.0,7.3,14.35,3.6,0.98,96.3,1200.0,1200.0,27.58,ok,ok,ok,timeout,ok,timeout,timeout,ok,ok,ok,ok,timeout,timeout,ok,ok,ok,timeout,timeout,timeout,ok,ok,timeout,timeout,ok,ok,ok,ok,ok,timeout,timeout,ok,/Users/herreran/Documents/Universidad/practica-invg/data/sat/datasets/sat_cnn_data_images/images/srhd-sgi-m37-q446.25-n35-p15-s25120921__cb43fc6ffe7f.npy
SAT_Competition2011/SAT11/crafted/anton/SRHD-SGI/srhd-sgi-m37-q446.25-n35-p30-s33692332.cnf,srhd-sgi-m37-q446.25-n35-p30-s33692332,/Users/herreran/Documents/Universidad/practica-invg/data/sat/instances/sc2012-hard-combinatorial/Hard Combinatorial SAT+UNSAT/SATCompetition2011/crafted/SAT11/crafted/anton/SRHD-SGI/srhd-sgi-m37-q446.25-n35-p30-s33692332.cnf,5000.0,sol,1200.0,1200.0,72.86,1200.0,1200.0,1200.0,1200.0,1200.0,15.06,1200.0,1200.0,1200.0,1200.0,195.96,1200.0,196.28,1200.0,1200.0,1200.0,1200.0,1200.0,1200.0,1200.0,1115.7,352.41,466.64,1.23,331.62,1200.0,1200.0,378.76,timeout,timeout,ok,timeout,timeout,timeout,timeout,timeout,ok,timeout,timeout,timeout,timeout,ok,timeout,ok,timeout,timeout,timeout,timeout,timeout,timeout,timeout,ok,ok,ok,ok,ok,timeout,timeout,ok,/Users/herreran/Documents/Universidad/practica-invg/data/sat/datasets/sat_cnn_data_images/images/srhd-sgi-m37-q446.25-n35-p30-s33692332__9c5bd3e7a284.npy
SAT_Competition2011/SAT11/crafted/anton/SRHD-SGI/srhd-sgi-m37-q505.75-n35-p15-s48276711.cnf,srhd-sgi-m37-q505.75-n35-p15-s48276711,/Users/herreran/Documents/Universidad/practica-invg/data/sat/instances/sc2012-hard-combinatorial/Hard Combinatorial SAT+UNSAT/SATCompetition2011/crafted/SAT11/crafted/anton/SRHD-SGI/srhd-sgi-m37-q505.75-n35-p15-s48276711.cnf,5000.0,sol,1200.0,1200.0,1200.0,1200.0,1200.0,1200.0,1200.0,1200.0,487.01,1200.0,1200.0,1200.0,1200.0,1200.0,102.6,1200.0,1200.0,1200.0,1200.0,1200.0,1200.0,1200.0,1200.0,294.66,774.53,197.94,1.12,1200.0,1200.0,1200.0,1200.0,timeout,timeout,timeout,timeout,timeout,timeout,timeout,timeout,ok,timeout,timeout,timeout,timeout,timeout,ok,timeout,timeout,timeout,timeout,timeout,timeout,timeout,timeout,ok,ok,ok,ok,timeout,timeout,timeout,timeout,/Users/herreran/Documents/Universidad/practica-invg/data/sat/datasets/sat_cnn_data_images/images/srhd-sgi-m37-q505.75-n35-p15-s48276711__da9d50724a8b.npy
SAT_Competition2011/SAT11/crafted/anton/SRHD-SGI/srhd-sgi-m37-q505.75-n35-p30-s59841049.cnf,srhd-sgi-m37-q505.75-n35-p30-s59841049,,5000.0,sol,1200.0,1200.0,1200.0,1200.0,1200.0,1200.0,1200.0,1200.0,1200.0,1200.0,1200.0,1200.0,1200.0,1200.0,1200.0,1200.0,1200.0,1200.0,1200.0,1200.0,1200.0,1200.0,1200.0,1200.0,611.1,1200.0,1.11,1200.0,1200.0,1200.0,1200.0,timeout,timeout,timeout,timeout,timeout,timeout,timeout,timeout,timeout,timeout,timeout,timeout,timeout,timeout,timeout,timeout,timeout,timeout,timeout,timeout,timeout,timeout,timeout,timeout,ok,timeout,ok,timeout,timeout,timeout,timeout,
SAT_Competition2011/SAT11/crafted/anton/SRHD-SGI/srhd-sgi-m42-q585-n40-p15-s54275047.cnf,srhd-sgi-m42-q585-n40-p15-s54275047,/Users/herreran/Documents/Universidad/practica-invg/data/sat/instances/sc2012-hard-combinatorial/Hard Combinatorial SAT+UNSAT/SATCompetition2011/crafted/SAT11/crafted/anton/SRHD-SGI/srhd-sgi-m42-q585-n40-p15-s54275047.cnf,5000.0,sparrow,1200.0,1200.0,1200.0,1200.0,371.75,1200.0,1200.0,1200.0,1200.0,1200.0,1200.0,1200.0,1200.0,190.63,1200.0,201.83,1200.0,1200.0,96.8,1200.0,1200.0,1200.0,1200.0,453.16,403.04,851.12,1200.0,69.06,1200.0,1200.0,970.64,timeout,timeout,timeout,timeout,ok,timeout,timeout,timeout,timeout,timeout,timeout,timeout,timeout,ok,timeout,ok,timeout,timeout,ok,timeout,timeout,timeout,timeout,ok,ok,ok,timeout,ok,timeout,timeout,ok,/Users/herreran/Documents/Universidad/practica-invg/data/sat/datasets/sat_cnn_data_images/images/srhd-sgi-m42-q585-n40-p15-s54275047__efe8714301d0.npy
SAT_Competition2011/SAT11/crafted/anton/SRHD-SGI/srhd-sgi-m42-q585-n40-p30-s19690873.cnf,srhd-sgi-m42-q585-n40-p30-s19690873,/Users/herreran/Documents/Universidad/practica-invg/data/sat/instances/sc2012-hard-combinatorial/Hard Combinatorial SAT+UNSAT/SATCompetition2011/crafted/SAT11/crafted/anton/SRHD-SGI/srhd-sgi-m42-q585-n40-p30-s19690873.cnf,5000.0,sol,1200.0,1200.0,1200.0,1200.0,1200.0,1200.0,1200.0,1078.39,1200.0,1200.0,1200.0,1200.0,1200.0,1200.0,85.15,1200.0,1200.0,1200.0,235.0,1200.0,1200.0,1200.0,1200.0,1200.0,1200.0,1200.0,1.7,1200.0,1200.0,1200.0,763.76,timeout,timeout,timeout,timeout,timeout,timeout,timeout,ok,timeout,timeout,timeout,timeout,timeout,timeout,ok,timeout,timeout,timeout,ok,timeout,timeout,timeout,timeout,timeout,timeout,timeout,ok,timeout,timeout,timeout,ok,/Users/herreran/Documents/Universidad/practica-invg/data/sat/datasets/sat_cnn_data_images/images/srhd-sgi-m42-q585-n40-p30-s19690873__3a84c118d4c3.npy
SAT_Competition2011/SAT11/crafted/anton/SRHD-SGI/srhd-sgi-m42-q663-n40-p15-s72490337.cnf,srhd-sgi-m42-q663-n40-p15-s72490337,/Users/herreran/Documents/Universidad/practica-invg/data/sat/instances/sc2012-hard-combinatorial/Hard Combinatorial SAT+UNSAT/SATCompetition2011/crafted/SAT11/crafted/anton/SRHD-SGI/srhd-sgi-m42-q663-n40-p15-s72490337.cnf,5000.0,sol,1200.0,1200.0,1200.0,1200.0,1200.0,1200.0,1200.0,1200.0,406.72,1200.0,1200.0,1200.0,1200.0,1200.0,1200.0,1200.0,1200.0,1200.0,1200.0,1200.0,1200.0,1200.0,1200.0,417.61,1200.0,368.59,1.83,1200.0,1200.0,1200.0,191.99,timeout,timeout,timeout,timeout,timeout,timeout,timeout,timeout,ok,timeout,timeout,timeout,timeout,timeout,timeout,timeout,timeout,timeout,timeout,timeout,timeout,timeout,timeout,ok,timeout,ok,ok,timeout,timeout,timeout,ok,/Users/herreran/Documents/Universidad/practica-invg/data/sat/datasets/sat_cnn_data_images/images/srhd-sgi-m42-q663-n40-p15-s72490337__7e2df09abcc8.npy
SAT_Competition2011/SAT11/crafted/anton/SRHD-SGI/srhd-sgi-m42-q663-n40-p30-s67876261.cnf,srhd-sgi-m42-q663-n40-p30-s67876261,,5000.0,sol,1200.0,1200.0,1200.0,1200.0,1200.0,1200.0,1200.0,1200.0,1200.0,1200.0,1200.0,1200.0,1200.0,1200.0,1200.0,1200.0,1200.0,1200.0,1200.0,1200.0,1200.0,1200.0,1200.0,1200.0,1200.0,1200.0,1.48,1200.0,1200.0,1200.0,1200.0,timeout,timeout,timeout,timeout,timeout,timeout,timeout,timeout,timeout,timeout,timeout,timeout,timeout,timeout,timeout,timeout,timeout,timeout,timeout,timeout,timeout,timeout,timeout,timeout,timeout,timeout,ok,timeout,timeout,timeout,timeout,
SAT_Competition2011/SAT11/crafted/anton/SRHD-SGI/srhd-sgi-m47-q742.5-n45-p15-s28972035.cnf,srhd-sgi-m47-q742.5-n45-p15-s28972035,/Users/herreran/Documents/Universidad/practica-invg/data/sat/instances/sc2012-hard-combinatorial/Hard Combinatorial SAT+UNSAT/SATCompetition2011/crafted/SAT11/crafted/anton/SRHD-SGI/srhd-sgi-m47-q742.5-n45-p15-s28972035.cnf,5000.0,sol,1200.0,1200.0,1200.0,1200.0,1200.0,1200.0,1200.0,1200.0,827.25,1200.0,1200.0,1200.0,1200.0,1200.0,1200.0,1200.0,1200.0,1200.0,1200.0,1200.0,1200.0,1200.0,1200.0,1200.0,484.72,417.48,2.86,1200.0,1200.0,1200.0,688.79,timeout,timeout,timeout,timeout,timeout,timeout,timeout,timeout,ok,timeout,timeout,timeout,timeout,timeout,timeout,timeout,timeout,timeout,timeout,timeout,timeout,timeout,timeout,timeout,ok,ok,ok,timeout,timeout,timeout,ok,/Users/herreran/Documents/Universidad/practica-invg/data/sat/datasets/sat_cnn_data_images/images/srhd-sgi-m47-q742.5-n45-p15-s28972035__75a8ffebc38e.npy
SAT_Competition2011/SAT11/crafted/anton/SRHD-SGI/srhd-sgi-m47-q742.5-n45-p30-s17570390.cnf,srhd-sgi-m47-q742.5-n45-p30-s17570390,,5000.0,sol,1200.0,1200.0,1200.0,1200.0,1200.0,1200.0,1200.0,1200.0,1200.0,1200.0,1200.0,1200.0,1200.0,1200.0,1200.0,1200.0,1200.0,1200.0,1200.0,1200.0,1200.0,1200.0,1200.0,1200.0,1200.0,1200.0,3.26,1200.0,1200.0,1200.0,1200.0,timeout,timeout,timeout,timeout,timeout,timeout,timeout,timeout,timeout,timeout,timeout,timeout,timeout,timeout,timeout,timeout,timeout,timeout,timeout,timeout,timeout,timeout,timeout,timeout,timeout,timeout,ok,timeout,timeout,timeout,timeout,
SAT_Competition2011/SAT11/crafted/anton/SRHD-SGI/srhd-sgi-m47-q841.5-n45-p15-s16393788.cnf,srhd-sgi-m47-q841.5-n45-p15-s16393788,,5000.0,sol,1200.0,1200.0,1200.0,1200.0,1200.0,1200.0,1200.0,1200.0,1200.0,1200.0,1200.0,1200.0,1200.0,1200.0,1200.0,1200.0,1200.0,1200.0,1200.0,1200.0,1200.0,1200.0,1200.0,1200.0,1200.0,706.69,2.59,1200.0,1200.0,1200.0,1200.0,timeout,timeout,timeout,timeout,timeout,timeout,timeout,timeout,timeout,timeout,timeout,timeout,timeout,timeout,timeout,timeout,timeout,timeout,timeout,timeout,timeout,timeout,timeout,timeout,timeout,ok,ok,timeout,timeout,timeout,timeout,
SAT_Competition2011/SAT11/crafted/anton/SRHD-SGI/srhd-sgi-m47-q841.5-n45-p30-s84954709.cnf,srhd-sgi-m47-q841.5-n45-p30-s84954709,,5000.0,sol,1200.0,1200.0,1200.0,1200.0,1200.0,1200.0,1200.0,1200.0,1200.0,1200.0,1200.0,1200.0,1200.0,1200.0,1200.0,1200.0,1200.0,1200.0,1200.0,1200.0,1200.0,1200.0,1200.0,1200.0,1200.0,1200.0,2.81,1200.0,1200.0,1200.0,1200.0,timeout,timeout,timeout,timeout,timeout,timeout,timeout,timeout,timeout,timeout,timeout,timeout,timeout,timeout,timeout,timeout,timeout,timeout,timeout,timeout,timeout,timeout,timeout,timeout,timeout,timeout,ok,timeout,timeout,timeout,timeout,
SAT_Competition2011/SAT11/crafted/anton/SRHD-SGI/srhd-sgi-m52-q1041.25-n50-p15-s99099953.cnf,srhd-sgi-m52-q1041.25-n50-p15-s99099953,,5000.0,gnoveltyp2,1200.0,1200.0,1200.0,1200.0,1200.0,1200.0,1200.0,1200.0,796.21,1200.0,1200.0,1200.0,1200.0,1200.0,1200.0,1200.0,1200.0,1200.0,1200.0,1200.0,1200.0,1200.0,1200.0,1200.0,1200.0,1200.0,1200.0,1200.0,1200.0,1200.0,1200.0,timeout,timeout,timeout,timeout,timeout,timeout,timeout,timeout,ok,timeout,timeout,timeout,timeout,timeout,timeout,timeout,timeout,timeout,timeout,timeout,timeout,timeout,timeout,timeout,timeout,timeout,timeout,timeout,timeout,timeout,timeout,
SAT_Competition2011/SAT11/crafted/anton/SRHD-SGI/srhd-sgi-m52-q1041.25-n50-p30-s30907550.cnf,srhd-sgi-m52-q1041.25-n50-p30-s30907550,,5000.0,sol,1200.0,1200.0,1200.0,1200.0,1200.0,1200.0,1200.0,1200.0,1200.0,1200.0,1200.0,1200.0,1200.0,1200.0,1200.0,1200.0,1200.0,1200.0,1200.0,1200.0,1200.0,1200.0,1200.0,1200.0,1200.0,1200.0,3.43,1200.0,1200.0,1200.0,1200.0,timeout,timeout,timeout,timeout,timeout,timeout,timeout,timeout,timeout,timeout,timeout,timeout,timeout,timeout,timeout,timeout,timeout,timeout,timeout,timeout,timeout,timeout,timeout,timeout,timeout,timeout,ok,timeout,timeout,timeout,timeout,
SAT_Competition2011/SAT11/crafted/anton/SRHD-SGI/srhd-sgi-m52-q918.75-n50-p15-s98191766.cnf,srhd-sgi-m52-q918.75-n50-p15-s98191766,/Users/herreran/Documents/Universidad/practica-invg/data/sat/instances/sc2012-hard-combinatorial/Hard Combinatorial SAT+UNSAT/SATCompetition2011/crafted/SAT11/crafted/anton/SRHD-SGI/srhd-sgi-m52-q918.75-n50-p15-s98191766.cnf,5000.0,sol,1200.0,1200.0,1200.0,1200.0,1200.0,1200.0,1200.0,1200.0,1200.0,1200.0,1200.0,1200.0,1200.0,1200.0,1200.0,1200.0,1200.0,1200.0,1200.0,1200.0,1200.0,1200.0,1200.0,829.51,1200.0,1200.0,4.4,1200.0,1200.0,1200.0,1200.0,timeout,timeout,timeout,timeout,timeout,timeout,timeout,timeout,timeout,timeout,timeout,timeout,timeout,timeout,timeout,timeout,timeout,timeout,timeout,timeout,timeout,timeout,timeout,ok,timeout,timeout,ok,timeout,timeout,timeout,timeout,/Users/herreran/Documents/Universidad/practica-invg/data/sat/datasets/sat_cnn_data_images/images/srhd-sgi-m52-q918.75-n50-p15-s98191766__f02ffbae0ae7.npy
SAT_Competition2011/SAT11/crafted/anton/SRHD-SGI/srhd-sgi-m52-q918.75-n50-p30-s52376212.cnf,srhd-sgi-m52-q918.75-n50-p30-s52376212,,5000.0,clasp1,1200.0,1200.0,1200.0,1200.0,1200.0,1200.0,1200.0,1200.0,1200.0,1200.0,1200.0,1200.0,1200.0,1200.0,1200.0,1200.0,1200.0,1200.0,1200.0,1200.0,1200.0,1200.0,1200.0,1200.0,1200.0,1200.0,1200.0,1200.0,1200.0,1200.0,1200.0,timeout,timeout,timeout,timeout,timeout,timeout,timeout,timeout,timeout,timeout,timeout,timeout,timeout,timeout,timeout,timeout,timeout,timeout,timeout,timeout,timeout,timeout,timeout,timeout,timeout,timeout,timeout,timeout,timeout,timeout,timeout,
SAT_Competition2011/SAT11/crafted/anton/SRHD-SGI/srhd-sgi-m62-q1327.5-n60-p15-s1351253.cnf,srhd-sgi-m62-q1327.5-n60-p15-s1351253,,5000.0,sol,1200.0,1200.0,1200.0,1200.0,1200.0,1200.0,1200.0,1200.0,1200.0,1200.0,1200.0,1200.0,1200.0,1200.0,1200.0,1200.0,1200.0,1200.0,1200.0,1200.0,1200.0,1200.0,1200.0,1200.0,1200.0,1200.0,8.64,1200.0,1200.0,1200.0,1200.0,timeout,timeout,timeout,timeout,timeout,timeout,timeout,timeout,timeout,timeout,timeout,timeout,timeout,timeout,timeout,timeout,timeout,timeout,timeout,timeout,timeout,timeout,timeout,timeout,timeout,timeout,ok,timeout,timeout,timeout,timeout,
SAT_Competition2011/SAT11/crafted/anton/SRHD-SGI/srhd-sgi-m62-q1327.5-n60-p30-s52708253.cnf,srhd-sgi-m62-q1327.5-n60-p30-s52708253,,5000.0,sol,1200.0,1200.0,1200.0,1200.0,1200.0,1200.0,1200.0,1200.0,1200.0,1200.0,1200.0,1200.0,1200.0,1200.0,1200.0,1200.0,1200.0,1200.0,1200.0,1200.0,1200.0,1200.0,1200.0,1200.0,1200.0,1200.0,9.22,1200.0,1200.0,1200.0,1200.0,timeout,timeout,timeout,timeout,timeout,timeout,timeout,timeout,timeout,timeout,timeout,timeout,timeout,timeout,timeout,timeout,timeout,timeout,timeout,timeout,timeout,timeout,timeout,timeout,timeout,timeout,ok,timeout,timeout,timeout,timeout,
SAT_Competition2011/SAT11/crafted/anton/SRHD-SGI/srhd-sgi-m62-q1504.5-n60-p15-s80450670.cnf,srhd-sgi-m62-q1504.5-n60-p15-s80450670,,5000.0,sol,1200.0,1200.0,1200.0,1200.0,1200.0,1200.0,1200.0,1200.0,1200.0,1200.0,1200.0,1200.0,1200.0,1200.0,1200.0,1200.0,1200.0,1200.0,1200.0,1200.0,1200.0,1200.0,1200.0,1200.0,1200.0,1200.0,7.65,1200.0,1200.0,1200.0,1200.0,timeout,timeout,timeout,timeout,timeout,timeout,timeout,timeout,timeout,timeout,timeout,timeout,timeout,timeout,timeout,timeout,timeout,timeout,timeout,timeout,timeout,timeout,timeout,timeout,timeout,timeout,ok,timeout,timeout,timeout,timeout,
SAT_Competition2011/SAT11/crafted/anton/SRHD-SGI/srhd-sgi-m62-q1504.5-n60-p30-s88600538.cnf,srhd-sgi-m62-q1504.5-n60-p30-s88600538,,5000.0,sol,1200.0,1200.0,1200.0,1200.0,1200.0,1200.0,1200.0,1200.0,1200.0,1200.0,1200.0,1200.0,1200.0,1200.0,1200.0,1200.0,1200.0,1200.0,1200.0,1200.0,1200.0,1200.0,1200.0,1200.0,1200.0,1200.0,7.13,1200.0,1200.0,1200.0,1200.0,timeout,timeout,timeout,timeout,timeout,timeout,timeout,timeout,timeout,timeout,timeout,timeout,timeout,timeout,timeout,timeout,timeout,timeout,timeout,timeout,timeout,timeout,timeout,timeout,timeout,timeout,ok,timeout,timeout,timeout,timeout,
SAT_Competition2011/SAT11/crafted/kullmann/GreenTao/GreenTaok1k2/GreenTao_2-3-5_527.cnf,GreenTao_2-3-5_527,/Users/herreran/Documents/Universidad/practica-invg/data/sat/instances/sc2012-hard-combinatorial/Hard Combinatorial SAT+UNSAT/SATCompetition2011/crafted/SAT11/crafted/kullmann/GreenTao/GreenTaok1k2/GreenTao_2-3-5_527.cnf,5000.0,satime11,166.86,20.93,34.4,1200.0,354.29,77.25,247.39,211.36,0.14,290.62,1200.0,228.4,91.41,54.81,9.33,70.4,611.55,287.63,518.12,135.31,1200.0,254.1,41.92,0.11,0.22,0.59,1200.0,0.22,78.1,1200.0,0.13,ok,ok,ok,timeout,ok,ok,ok,ok,ok,ok,timeout,ok,ok,ok,ok,ok,ok,ok,ok,ok,timeout,ok,ok,ok,ok,ok,timeout,ok,ok,timeout,ok,/Users/herreran/Documents/Universidad/practica-invg/data/sat/datasets/sat_cnn_data_images/images/GreenTao_2-3-5_527__812bc57af423.npy
SAT_Competition2011/SAT11/crafted/kullmann/GreenTao/GreenTaok1k2/GreenTao_2-3-5_528.cnf,GreenTao_2-3-5_528,/Users/herreran/Documents/Universidad/practica-invg/data/sat/instances/sc2012-hard-combinatorial/Hard Combinatorial SAT+UNSAT/SATCompetition2011/crafted/SAT11/crafted/kullmann/GreenTao/GreenTaok1k2/GreenTao_2-3-5_528.cnf,5000.0,clasp2,158.32,141.19,272.75,1200.0,378.41,378.09,508.32,1200.0,1200.0,1200.0,1200.0,201.16,308.07,1200.0,856.66,1200.0,828.02,651.87,959.14,261.6,1200.0,483.23,334.96,1200.0,1200.0,1200.0,1200.0,1200.0,222.51,1200.0,1200.0,ok,ok,ok,timeout,ok,ok,ok,timeout,timeout,timeout,timeout,ok,ok,timeout,ok,timeout,ok,ok,ok,ok,timeout,ok,ok,timeout,timeout,timeout,timeout,timeout,ok,timeout,timeout,/Users/herreran/Documents/Universidad/practica-invg/data/sat/datasets/sat_cnn_data_images/images/GreenTao_2-3-5_528__0fb7188b8caa.npy
SAT_Competition2011/SAT11/crafted/kullmann/GreenTao/GreenTaok1k2/GreenTao_2-3-6_2071.cnf,GreenTao_2-3-6_2071,/Users/herreran/Documents/Universidad/practica-invg/data/sat/instances/sc2012-hard-combinatorial/Hard Combinatorial SAT+UNSAT/SATCompetition2011/crafted/SAT11/crafted/kullmann/GreenTao/GreenTaok1k2/GreenTao_2-3-6_2071.cnf,5000.0,gnoveltyp2,1200.0,1200.0,1200.0,1200.0,1200.0,1200.0,1200.0,1200.0,6.26,1200.0,1200.0,1200.0,1200.0,1200.0,1200.0,1200.0,1200.0,1200.0,1200.0,1200.0,1200.0,1200.0,1200.0,139.2,58.4,560.74,1200.0,15.67,1200.0,1200.0,33.81,timeout,timeout,timeout,timeout,timeout,timeout,timeout,timeout,ok,timeout,timeout,timeout,timeout,timeout,timeout,timeout,timeout,timeout,timeout,timeout,timeout,timeout,timeout,ok,ok,ok,timeout,ok,timeout,timeout,ok,/Users/herreran/Documents/Universidad/practica-invg/data/sat/datasets/sat_cnn_data_images/images/GreenTao_2-3-6_2071__da235062b0a3.npy
SAT_Competition2011/SAT11/crafted/kullmann/GreenTao/GreenTaok1k2/GreenTao_2-3-6_2072.cnf,GreenTao_2-3-6_2072,,5000.0,clasp1,1200.0,1200.0,1200.0,1200.0,1200.0,1200.0,1200.0,1200.0,1200.0,1200.0,1200.0,1200.0,1200.0,1200.0,1200.0,1200.0,1200.0,1200.0,1200.0,1200.0,1200.0,1200.0,1200.0,1200.0,1200.0,1200.0,1200.0,1200.0,1200.0,1200.0,1200.0,timeout,timeout,timeout,timeout,timeout,timeout,timeout,timeout,timeout,timeout,timeout,timeout,timeout,timeout,timeout,timeout,timeout,timeout,timeout,timeout,timeout,timeout,timeout,timeout,timeout,timeout,timeout,timeout,timeout,timeout,timeout,
SAT_Competition2011/SAT11/crafted/kullmann/GreenTao/GreenTaok1k2/GreenTao_2-4-4_511.cnf,GreenTao_2-4-4_511,/Users/herreran/Documents/Universidad/practica-invg/data/sat/instances/sc2012-hard-combinatorial/Hard Combinatorial SAT+UNSAT/SATCompetition2011/crafted/SAT11/crafted/kullmann/GreenTao/GreenTaok1k2/GreenTao_2-4-4_511.cnf,5000.0,gnoveltyp2,1200.0,1200.0,1200.0,1.1,1200.0,1200.0,1200.0,1200.0,0.16,1200.0,1200.0,1200.0,1200.0,1.36,1.02,1.25,1200.0,1200.0,1200.0,1200.0,1200.0,1200.0,1200.0,5.49,0.2,8.62,1200.0,1.49,1200.0,1200.0,4.44,timeout,timeout,timeout,ok,timeout,timeout,timeout,timeout,ok,timeout,timeout,timeout,timeout,ok,ok,ok,timeout,timeout,timeout,timeout,timeout,timeout,timeout,ok,ok,ok,timeout,ok,timeout,timeout,ok,/Users/herreran/Documents/Universidad/practica-invg/data/sat/datasets/sat_cnn_data_images/images/GreenTao_2-4-4_511__00eb11abefb7.npy
SAT_Competition2011/SAT11/crafted/kullmann/GreenTao/GreenTaok1k2/GreenTao_2-4-4_512.cnf,GreenTao_2-4-4_512,,5000.0,clasp1,1200.0,1200.0,1200.0,1200.0,1200.0,1200.0,1200.0,1200.0,1200.0,1200.0,1200.0,1200.0,1200.0,1200.0,1200.0,1200.0,1200.0,1200.0,1200.0,1200.0,1200.0,1200.0,1200.0,1200.0,1200.0,1200.0,1200.0,1200.0,1200.0,1200.0,1200.0,timeout,timeout,timeout,timeout,timeout,timeout,timeout,timeout,timeout,timeout,timeout,timeout,timeout,timeout,timeout,timeout,timeout,timeout,timeout,timeout,timeout,timeout,timeout,timeout,timeout,timeout,timeout,timeout,timeout,timeout,timeout,
SAT_Competition2011/SAT11/crafted/kullmann/GreenTao/GreenTaok1k2/GreenTao_2-4-5_4231.cnf,GreenTao_2-4-5_4231,,5000.0,clasp1,1200.0,1200.0,1200.0,1200.0,1200.0,1200.0,1200.0,1200.0,1200.0,1200.0,1200.0,1200.0,1200.0,1200.0,1200.0,1200.0,1200.0,1200.0,1200.0,1200.0,1200.0,1200.0,1200.0,1200.0,1200.0,1200.0,1200.0,1200.0,1200.0,1200.0,1200.0,timeout,timeout,timeout,timeout,timeout,timeout,timeout,timeout,timeout,timeout,timeout,timeout,timeout,timeout,timeout,timeout,timeout,timeout,timeout,timeout,timeout,timeout,timeout,timeout,timeout,timeout,timeout,timeout,timeout,timeout,timeout,
SAT_Competition2011/SAT11/crafted/kullmann/GreenTao/GreenTaok1k2/GreenTao_2-4-5_4232.cnf,GreenTao_2-4-5_4232,,5000.0,clasp1,1200.0,1200.0,1200.0,1200.0,1200.0,1200.0,1200.0,1200.0,1200.0,1200.0,1200.0,1200.0,1200.0,1200.0,1200.0,1200.0,1200.0,1200.0,1200.0,1200.0,1200.0,1200.0,1200.0,1200.0,1200.0,1200.0,1200.0,1200.0,1200.0,1200.0,1200.0,timeout,timeout,timeout,timeout,timeout,timeout,timeout,timeout,timeout,timeout,timeout,timeout,timeout,timeout,timeout,timeout,timeout,timeout,timeout,timeout,timeout,timeout,timeout,timeout,timeout,timeout,timeout,timeout,timeout,timeout,timeout,
SAT_Competition2011/SAT11/crafted/kullmann/GreenTao/GreenTaok1k2/GreenTao_2-5-5_34308.cnf,GreenTao_2-5-5_34308,,5000.0,clasp1,1200.0,1200.0,1200.0,1200.0,1200.0,1200.0,1200.0,1200.0,1200.0,1200.0,1200.0,1200.0,1200.0,1200.0,1200.0,1200.0,1200.0,1200.0,1200.0,1200.0,1200.0,1200.0,1200.0,1200.0,1200.0,1200.0,1200.0,1200.0,1200.0,1200.0,1200.0,timeout,timeout,timeout,timeout,timeout,timeout,timeout,timeout,timeout,timeout,timeout,timeout,timeout,timeout,timeout,timeout,timeout,timeout,timeout,timeout,timeout,timeout,timeout,timeout,timeout,timeout,timeout,timeout,timeout,timeout,timeout,
SAT_Competition2011/SAT11/crafted/kullmann/GreenTao/GreenTaok1k2/GreenTao_2-5-5_34309.cnf,GreenTao_2-5-5_34309,,5000.0,clasp1,1200.0,1200.0,1200.0,1200.0,1200.0,1200.0,1200.0,1200.0,1200.0,1200.0,1200.0,1200.0,1200.0,1200.0,1200.0,1200.0,1200.0,1200.0,1200.0,1200.0,1200.0,1200.0,1200.0,1200.0,1200.0,1200.0,1200.0,1200.0,1200.0,1200.0,1200.0,timeout,timeout,timeout,timeout,timeout,timeout,timeout,timeout,timeout,timeout,timeout,timeout,timeout,timeout,timeout,timeout,timeout,timeout,timeout,timeout,timeout,timeout,timeout,timeout,timeout,timeout,timeout,timeout,timeout,timeout,timeout,
SAT_Competition2011/SAT11/crafted/kullmann/VanDerWaerden/VanderWaerden3k/VanDerWaerden_2-3-12_135.cnf,VanDerWaerden_2-3-12_135,,5000.0,marchrw,39.98,36.88,309.24,1200.0,112.28,121.13,67.3,196.32,1200.0,335.42,1200.0,34.66,115.61,163.54,191.16,163.33,213.72,265.02,181.2,320.95,483.65,277.08,155.56,1200.0,1200.0,1200.0,559.81,1200.0,51.82,1200.0,1200.0,ok,ok,ok,timeout,ok,ok,ok,ok,timeout,ok,timeout,ok,ok,ok,ok,ok,ok,ok,ok,ok,ok,ok,ok,timeout,timeout,timeout,ok,timeout,ok,timeout,timeout,
SAT_Competition2011/SAT11/crafted/kullmann/VanDerWaerden/VanderWaerden3k/VanDerWaerden_2-3-13_160.cnf,VanDerWaerden_2-3-13_160,/Users/herreran/Documents/Universidad/practica-invg/data/sat/instances/sc2012-hard-combinatorial/Hard Combinatorial SAT+UNSAT/SATCompetition2011/crafted/SAT11/crafted/kullmann/VanDerWaerden/VanderWaerden3k/VanDerWaerden_2-3-13_160.cnf,5000.0,marchrw,360.18,347.45,1200.0,1200.0,1200.0,1200.0,1017.77,1200.0,1200.0,1200.0,1200.0,272.91,1200.0,1200.0,1200.0,1200.0,1200.0,1200.0,1200.0,1200.0,1200.0,1200.0,1200.0,1200.0,1200.0,1200.0,1200.0,1200.0,493.19,1200.0,1200.0,ok,ok,timeout,timeout,timeout,timeout,ok,timeout,timeout,timeout,timeout,ok,timeout,timeout,timeout,timeout,timeout,timeout,timeout,timeout,timeout,timeout,timeout,timeout,timeout,timeout,timeout,timeout,ok,timeout,timeout,/Users/herreran/Documents/Universidad/practica-invg/data/sat/datasets/sat_cnn_data_images/images/VanDerWaerden_2-3-13_160__2633468ee27f.npy
SAT_Competition2011/SAT11/crafted/kullmann/VanDerWaerden/VanderWaerden3k/VanDerWaerden_2-3-14_186.cnf,VanDerWaerden_2-3-14_186,,5000.0,clasp1,1200.0,1200.0,1200.0,1200.0,1200.0,1200.0,1200.0,1200.0,1200.0,1200.0,1200.0,1200.0,1200.0,1200.0,1200.0,1200.0,1200.0,1200.0,1200.0,1200.0,1200.0,1200.0,1200.0,1200.0,1200.0,1200.0,1200.0,1200.0,1200.0,1200.0,1200.0,timeout,timeout,timeout,timeout,timeout,timeout,timeout,timeout,timeout,timeout,timeout,timeout,timeout,timeout,timeout,timeout,timeout,timeout,timeout,timeout,timeout,timeout,timeout,timeout,timeout,timeout,timeout,timeout,timeout,timeout,timeout,
SAT_Competition2011/SAT11/crafted/kullmann/VanDerWaerden/VanderWaerden3k/VanDerWaerden_2-3-15_218.cnf,VanDerWaerden_2-3-15_218,/Users/herreran/Documents/Universidad/practica-invg/data/sat/instances/sc2012-hard-combinatorial/Hard Combinatorial SAT+UNSAT/SATCompetition2011/crafted/SAT11/crafted/kullmann/VanDerWaerden/VanderWaerden3k/VanDerWaerden_2-3-15_218.cnf,5000.0,clasp1,1200.0,1200.0,1200.0,1200.0,1200.0,1200.0,1200.0,1200.0,1200.0,1200.0,1200.0,1200.0,1200.0,1200.0,1200.0,1200.0,1200.0,1200.0,1200.0,1200.0,1200.0,1200.0,1200.0,1200.0,1200.0,1200.0,1200.0,1200.0,1200.0,1200.0,1200.0,timeout,timeout,timeout,timeout,timeout,timeout,timeout,timeout,timeout,timeout,timeout,timeout,timeout,timeout,timeout,timeout,timeout,timeout,timeout,timeout,timeout,timeout,timeout,timeout,timeout,timeout,timeout,timeout,timeout,timeout,timeout,/Users/herreran/Documents/Universidad/practica-invg/data/sat/datasets/sat_cnn_data_images/images/VanDerWaerden_2-3-15_218__2d74dadc1cb9.npy
SAT_Competition2011/SAT11/crafted/kullmann/VanDerWaerden/VanderWaerden3k/VanDerWaerden_2-3-16_238.cnf,VanDerWaerden_2-3-16_238,/Users/herreran/Documents/Universidad/practica-invg/data/sat/instances/sc2012-hard-combinatorial/Hard Combinatorial SAT+UNSAT/SATCompetition2011/crafted/SAT11/crafted/kullmann/VanDerWaerden/VanderWaerden3k/VanDerWaerden_2-3-16_238.cnf,5000.0,clasp1,1200.0,1200.0,1200.0,1200.0,1200.0,1200.0,1200.0,1200.0,1200.0,1200.0,1200.0,1200.0,1200.0,1200.0,1200.0,1200.0,1200.0,1200.0,1200.0,1200.0,1200.0,1200.0,1200.0,1200.0,1200.0,1200.0,1200.0,1200.0,1200.0,1200.0,1200.0,timeout,timeout,timeout,timeout,timeout,timeout,timeout,timeout,timeout,timeout,timeout,timeout,timeout,timeout,timeout,timeout,timeout,timeout,timeout,timeout,timeout,timeout,timeout,timeout,timeout,timeout,timeout,timeout,timeout,timeout,timeout,/Users/herreran/Documents/Universidad/practica-invg/data/sat/datasets/sat_cnn_data_images/images/VanDerWaerden_2-3-16_238__e0bddf8b0450.npy
SAT_Competition2011/SAT11/crafted/kullmann/VanDerWaerden/VanderWaerden3k/VanDerWaerden_2-3-17_279.cnf,VanDerWaerden_2-3-17_279,/Users/herreran/Documents/Universidad/practica-invg/data/sat/instances/sc2012-hard-combinatorial/Hard Combinatorial SAT+UNSAT/SATCompetition2011/crafted/SAT11/crafted/kullmann/VanDerWaerden/VanderWaerden3k/VanDerWaerden_2-3-17_279.cnf,5000.0,clasp1,1200.0,1200.0,1200.0,1200.0,1200.0,1200.0,1200.0,1200.0,1200.0,1200.0,1200.0,1200.0,1200.0,1200.0,1200.0,1200.0,1200.0,1200.0,1200.0,1200.0,1200.0,1200.0,1200.0,1200.0,1200.0,1200.0,1200.0,1200.0,1200.0,1200.0,1200.0,timeout,timeout,timeout,timeout,timeout,timeout,timeout,timeout,timeout,timeout,timeout,timeout,timeout,timeout,timeout,timeout,timeout,timeout,timeout,timeout,timeout,timeout,timeout,timeout,timeout,timeout,timeout,timeout,timeout,timeout,timeout,/Users/herreran/Documents/Universidad/practica-invg/data/sat/datasets/sat_cnn_data_images/images/VanDerWaerden_2-3-17_279__9fa045f70b47.npy
SAT_Competition2011/SAT11/crafted/kullmann/VanDerWaerden/VanderWaerden3k/VanDerWaerden_2-3-18_312.cnf,VanDerWaerden_2-3-18_312,/Users/herreran/Documents/Universidad/practica-invg/data/sat/instances/sc2012-hard-combinatorial/Hard Combinatorial SAT+UNSAT/SATCompetition2011/crafted/SAT11/crafted/kullmann/VanDerWaerden/VanderWaerden3k/VanDerWaerden_2-3-18_312.cnf,5000.0,clasp1,1200.0,1200.0,1200.0,1200.0,1200.0,1200.0,1200.0,1200.0,1200.0,1200.0,1200.0,1200.0,1200.0,1200.0,1200.0,1200.0,1200.0,1200.0,1200.0,1200.0,1200.0,1200.0,1200.0,1200.0,1200.0,1200.0,1200.0,1200.0,1200.0,1200.0,1200.0,timeout,timeout,timeout,timeout,timeout,timeout,timeout,timeout,timeout,timeout,timeout,timeout,timeout,timeout,timeout,timeout,timeout,timeout,timeout,timeout,timeout,timeout,timeout,timeout,timeout,timeout,timeout,timeout,timeout,timeout,timeout,/Users/herreran/Documents/Universidad/practica-invg/data/sat/datasets/sat_cnn_data_images/images/VanDerWaerden_2-3-18_312__33484913316e.npy
SAT_Competition2011/SAT11/crafted/kullmann/VanDerWaerden/VanderWaerden3k/VanDerWaerden_2-3-19_349.cnf,VanDerWaerden_2-3-19_349,/Users/herreran/Documents/Universidad/practica-invg/data/sat/instances/sc2012-hard-combinatorial/Hard Combinatorial SAT+UNSAT/SATCompetition2011/crafted/SAT11/crafted/kullmann/VanDerWaerden/VanderWaerden3k/VanDerWaerden_2-3-19_349.cnf,5000.0,clasp1,1200.0,1200.0,1200.0,1200.0,1200.0,1200.0,1200.0,1200.0,1200.0,1200.0,1200.0,1200.0,1200.0,1200.0,1200.0,1200.0,1200.0,1200.0,1200.0,1200.0,1200.0,1200.0,1200.0,1200.0,1200.0,1200.0,1200.0,1200.0,1200.0,1200.0,1200.0,timeout,timeout,timeout,timeout,timeout,timeout,timeout,timeout,timeout,timeout,timeout,timeout,timeout,timeout,timeout,timeout,timeout,timeout,timeout,timeout,timeout,timeout,timeout,timeout,timeout,timeout,timeout,timeout,timeout,timeout,timeout,/Users/herreran/Documents/Universidad/practica-invg/data/sat/datasets/sat_cnn_data_images/images/VanDerWaerden_2-3-19_349__99ee73b8e899.npy
SAT_Competition2011/SAT11/crafted/kullmann/VanDerWaerden/VanderWaerden3k/VanDerWaerden_2-3-20_388.cnf,VanDerWaerden_2-3-20_388,,5000.0,sparrow,1200.0,1200.0,1200.0,1200.0,1200.0,1200.0,1200.0,1200.0,590.1,1200.0,1200.0,1200.0,1200.0,1200.0,1200.0,1200.0,1200.0,1200.0,1200.0,1200.0,1200.0,1200.0,1200.0,1200.0,1200.0,1200.0,1200.0,203.37,1200.0,1200.0,1200.0,timeout,timeout,timeout,timeout,timeout,timeout,timeout,timeout,ok,timeout,timeout,timeout,timeout,timeout,timeout,timeout,timeout,timeout,timeout,timeout,timeout,timeout,timeout,timeout,timeout,timeout,timeout,ok,timeout,timeout,timeout,
SAT_Competition2011/SAT11/crafted/kullmann/VanDerWaerden/VanderWaerden3k/VanDerWaerden_2-3-20_389.cnf,VanDerWaerden_2-3-20_389,,5000.0,clasp1,1200.0,1200.0,1200.0,1200.0,1200.0,1200.0,1200.0,1200.0,1200.0,1200.0,1200.0,1200.0,1200.0,1200.0,1200.0,1200.0,1200.0,1200.0,1200.0,1200.0,1200.0,1200.0,1200.0,1200.0,1200.0,1200.0,1200.0,1200.0,1200.0,1200.0,1200.0,timeout,timeout,timeout,timeout,timeout,timeout,timeout,timeout,timeout,timeout,timeout,timeout,timeout,timeout,timeout,timeout,timeout,timeout,timeout,timeout,timeout,timeout,timeout,timeout,timeout,timeout,timeout,timeout,timeout,timeout,timeout,
SAT_Competition2011/SAT11/crafted/kullmann/VanDerWaerden/VanderWaerden_pd_3k/VanDerWaerden_pd_2-3-19_348.cnf,VanDerWaerden_pd_2-3-19_348,/Users/herreran/Documents/Universidad/practica-invg/data/sat/instances/sc2012-hard-combinatorial/Hard Combinatorial SAT+UNSAT/SATCompetition2011/crafted/SAT11/crafted/kullmann/VanDerWaerden/VanderWaerden_pd_3k/VanDerWaerden_pd_2-3-19_348.cnf,5000.0,clasp2,68.41,57.35,595.81,1200.0,113.97,147.99,62.16,186.72,1200.0,374.48,358.42,232.67,134.95,416.73,791.2,502.21,271.93,203.45,165.48,623.33,434.52,228.43,210.72,1200.0,1200.0,1200.0,444.27,1200.0,92.46,1200.0,1200.0,ok,ok,ok,timeout,ok,ok,ok,ok,timeout,ok,ok,ok,ok,ok,ok,ok,ok,ok,ok,ok,ok,ok,ok,timeout,timeout,timeout,ok,timeout,ok,timeout,timeout,/Users/herreran/Documents/Universidad/practica-invg/data/sat/datasets/sat_cnn_data_images/images/VanDerWaerden_pd_2-3-19_348__a887d2f85407.npy
SAT_Competition2011/SAT11/crafted/kullmann/VanDerWaerden/VanderWaerden_pd_3k/VanDerWaerden_pd_2-3-20_381.cnf,VanDerWaerden_pd_2-3-20_381,/Users/herreran/Documents/Universidad/practica-invg/data/sat/instances/sc2012-hard-combinatorial/Hard Combinatorial SAT+UNSAT/SATCompetition2011/crafted/SAT11/crafted/kullmann/VanDerWaerden/VanderWaerden_pd_3k/VanDerWaerden_pd_2-3-20_381.cnf,5000.0,glucose2,63.76,58.12,379.57,1200.0,79.41,136.67,53.83,135.17,1200.0,246.84,282.81,227.08,83.1,461.06,869.75,454.1,224.03,143.59,103.28,365.36,220.99,145.15,204.68,1200.0,1200.0,1200.0,381.21,1200.0,88.3,1099.47,1200.0,ok,ok,ok,timeout,ok,ok,ok,ok,timeout,ok,ok,ok,ok,ok,ok,ok,ok,ok,ok,ok,ok,ok,ok,timeout,timeout,timeout,ok,timeout,ok,ok,timeout,/Users/herreran/Documents/Universidad/practica-invg/data/sat/datasets/sat_cnn_data_images/images/VanDerWaerden_pd_2-3-20_381__5355d2374f3b.npy
SAT_Competition2011/SAT11/crafted/kullmann/VanDerWaerden/VanderWaerden_pd_3k/VanDerWaerden_pd_2-3-20_390.cnf,VanDerWaerden_pd_2-3-20_390,/Users/herreran/Documents/Universidad/practica-invg/data/sat/instances/sc2012-hard-combinatorial/Hard Combinatorial SAT+UNSAT/SATCompetition2011/crafted/SAT11/crafted/kullmann/VanDerWaerden/VanderWaerden_pd_3k/VanDerWaerden_pd_2-3-20_390.cnf,5000.0,clasp1,180.16,193.99,1200.0,1200.0,354.64,561.78,191.73,644.77,1200.0,960.86,1200.0,446.69,327.57,1200.0,1200.0,1200.0,837.29,1189.23,472.07,1200.0,1200.0,1072.02,986.76,1200.0,1200.0,1200.0,1200.0,1200.0,239.56,1200.0,1200.0,ok,ok,timeout,timeout,ok,ok,ok,ok,timeout,ok,timeout,ok,ok,timeout,timeout,timeout,ok,ok,ok,timeout,timeout,ok,ok,timeout,timeout,timeout,timeout,timeout,ok,timeout,timeout,/Users/herreran/Documents/Universidad/practica-invg/data/sat/datasets/sat_cnn_data_images/images/VanDerWaerden_pd_2-3-20_390__83b941d9d233.npy
SAT_Competition2011/SAT11/crafted/kullmann/VanDerWaerden/VanderWaerden_pd_3k/VanDerWaerden_pd_2-3-21_399.cnf,VanDerWaerden_pd_2-3-21_399,/Users/herreran/Documents/Universidad/practica-invg/data/sat/instances/sc2012-hard-combinatorial/Hard Combinatorial SAT+UNSAT/SATCompetition2011/crafted/SAT11/crafted/kullmann/VanDerWaerden/VanderWaerden_pd_3k/VanDerWaerden_pd_2-3-21_399.cnf,5000.0,sparrow,7.6,114.19,363.31,1200.0,32.93,159.07,167.93,339.51,1200.0,36.44,204.98,407.68,97.19,54.21,1200.0,54.71,26.34,18.55,273.19,246.09,118.93,117.46,433.02,6.85,77.23,55.07,324.03,3.8,23.4,1170.46,163.55,ok,ok,ok,timeout,ok,ok,ok,ok,timeout,ok,ok,ok,ok,ok,timeout,ok,ok,ok,ok,ok,ok,ok,ok,ok,ok,ok,ok,ok,ok,ok,ok,/Users/herreran/Documents/Universidad/practica-invg/data/sat/datasets/sat_cnn_data_images/images/VanDerWaerden_pd_2-3-21_399__46e95db18c80.npy
SAT_Competition2011/SAT11/crafted/kullmann/VanDerWaerden/VanderWaerden_pd_3k/VanDerWaerden_pd_2-3-21_401.cnf,VanDerWaerden_pd_2-3-21_401,/Users/herreran/Documents/Universidad/practica-invg/data/sat/instances/sc2012-hard-combinatorial/Hard Combinatorial SAT+UNSAT/SATCompetition2011/crafted/SAT11/crafted/kullmann/VanDerWaerden/VanderWaerden_pd_3k/VanDerWaerden_pd_2-3-21_401.cnf,5000.0,clasp2,182.88,165.39,1200.0,1200.0,296.81,543.36,171.65,652.6,1200.0,880.37,1200.0,568.4,288.98,1200.0,1200.0,1200.0,569.55,905.0,381.02,1200.0,1173.34,514.99,700.33,1200.0,1200.0,1200.0,1200.0,1200.0,268.54,1200.0,1200.0,ok,ok,timeout,timeout,ok,ok,ok,ok,timeout,ok,timeout,ok,ok,timeout,timeout,timeout,ok,ok,ok,timeout,ok,ok,ok,timeout,timeout,timeout,timeout,timeout,ok,timeout,timeout,/Users/herreran/Documents/Universidad/practica-invg/data/sat/datasets/sat_cnn_data_images/images/VanDerWaerden_pd_2-3-21_401__9d29afc451e1.npy
SAT_Competition2011/SAT11/crafted/kullmann/VanDerWaerden/VanderWaerden_pd_3k/VanDerWaerden_pd_2-3-21_404.cnf,VanDerWaerden_pd_2-3-21_404,/Users/herreran/Documents/Universidad/practica-invg/data/sat/instances/sc2012-hard-combinatorial/Hard Combinatorial SAT+UNSAT/SATCompetition2011/crafted/SAT11/crafted/kullmann/VanDerWaerden/VanderWaerden_pd_3k/VanDerWaerden_pd_2-3-21_404.cnf,5000.0,ebminisat,610.92,34.89,1200.0,1200.0,1200.0,2.08,384.95,102.0,1200.0,1200.0,121.93,1200.0,224.16,1200.0,1200.0,1200.0,9.27,219.62,72.09,1200.0,232.64,318.68,152.18,311.04,18.47,132.92,1200.0,37.83,528.83,1200.0,50.96,ok,ok,timeout,timeout,timeout,ok,ok,ok,timeout,timeout,ok,timeout,ok,timeout,timeout,timeout,ok,ok,ok,timeout,ok,ok,ok,ok,ok,ok,timeout,ok,ok,timeout,ok,/Users/herreran/Documents/Universidad/practica-invg/data/sat/datasets/sat_cnn_data_images/images/VanDerWaerden_pd_2-3-21_404__98eafca717a8.npy
SAT_Competition2011/SAT11/crafted/kullmann/VanDerWaerden/VanderWaerden_pd_3k/VanDerWaerden_pd_2-3-21_406.cnf,VanDerWaerden_pd_2-3-21_406,/Users/herreran/Documents/Universidad/practica-invg/data/sat/instances/sc2012-hard-combinatorial/Hard Combinatorial SAT+UNSAT/SATCompetition2011/crafted/SAT11/crafted/kullmann/VanDerWaerden/VanderWaerden_pd_3k/VanDerWaerden_pd_2-3-21_406.cnf,5000.0,clasp1,737.54,870.14,1200.0,1200.0,1200.0,1200.0,1200.0,1200.0,1200.0,1200.0,1200.0,1200.0,1200.0,1200.0,1200.0,1200.0,1200.0,1200.0,1200.0,1200.0,1200.0,1200.0,1200.0,1200.0,1200.0,1200.0,1200.0,1200.0,795.07,1200.0,1200.0,ok,ok,timeout,timeout,timeout,timeout,timeout,timeout,timeout,timeout,timeout,timeout,timeout,timeout,timeout,timeout,timeout,timeout,timeout,timeout,timeout,timeout,timeout,timeout,timeout,timeout,timeout,timeout,ok,timeout,timeout,/Users/herreran/Documents/Universidad/practica-invg/data/sat/datasets/sat_cnn_data_images/images/VanDerWaerden_pd_2-3-21_406__0ede6f3d1b52.npy
SAT_Competition2011/SAT11/crafted/kullmann/VanDerWaerden/VanderWaerden_pd_3k/VanDerWaerden_pd_2-3-22_443.cnf,VanDerWaerden_pd_2-3-22_443,/Users/herreran/Documents/Universidad/practica-invg/data/sat/instances/sc2012-hard-combinatorial/Hard Combinatorial SAT+UNSAT/SATCompetition2011/crafted/SAT11/crafted/kullmann/VanDerWaerden/VanderWaerden_pd_3k/VanDerWaerden_pd_2-3-22_443.cnf,5000.0,sparrow,710.3,374.13,1200.0,1200.0,175.81,250.36,1200.0,1200.0,1200.0,1200.0,1200.0,1200.0,926.57,1200.0,877.88,1200.0,1200.0,149.15,703.59,1200.0,1200.0,224.46,1200.0,160.65,95.47,53.39,1200.0,5.89,1143.35,1200.0,278.36,ok,ok,timeout,timeout,ok,ok,timeout,timeout,timeout,timeout,timeout,timeout,ok,timeout,ok,timeout,timeout,ok,ok,timeout,timeout,ok,timeout,ok,ok,ok,timeout,ok,ok,timeout,ok,/Users/herreran/Documents/Universidad/practica-invg/data/sat/datasets/sat_cnn_data_images/images/VanDerWaerden_pd_2-3-22_443__60b9a48b4d11.npy
SAT_Competition2011/SAT11/crafted/kullmann/VanDerWaerden/VanderWaerden_pd_3k/VanDerWaerden_pd_2-3-22_445.cnf,VanDerWaerden_pd_2-3-22_445,/Users/herreran/Documents/Universidad/practica-invg/data/sat/instances/sc2012-hard-combinatorial/Hard Combinatorial SAT+UNSAT/SATCompetition2011/crafted/SAT11/crafted/kullmann/VanDerWaerden/VanderWaerden_pd_3k/VanDerWaerden_pd_2-3-22_445.cnf,5000.0,clasp1,920.06,1080.61,1200.0,1200.0,1200.0,1200.0,1200.0,1200.0,1200.0,1200.0,1200.0,1200.0,1200.0,1200.0,1200.0,1200.0,1200.0,1200.0,1200.0,1200.0,1200.0,1200.0,1200.0,1200.0,1200.0,1200.0,1200.0,1200.0,1200.0,1200.0,1200.0,ok,ok,timeout,timeout,timeout,timeout,timeout,timeout,timeout,timeout,timeout,timeout,timeout,timeout,timeout,timeout,timeout,timeout,timeout,timeout,timeout,timeout,timeout,timeout,timeout,timeout,timeout,timeout,timeout,timeout,timeout,/Users/herreran/Documents/Universidad/practica-invg/data/sat/datasets/sat_cnn_data_images/images/VanDerWaerden_pd_2-3-22_445__d692fce711f7.npy
SAT_Competition2011/SAT11/crafted/kullmann/VanDerWaerden/VanderWaerden_pd_3k/VanDerWaerden_pd_2-3-22_462.cnf,VanDerWaerden_pd_2-3-22_462,/Users/herreran/Documents/Universidad/practica-invg/data/sat/instances/sc2012-hard-combinatorial/Hard Combinatorial SAT+UNSAT/SATCompetition2011/crafted/SAT11/crafted/kullmann/VanDerWaerden/VanderWaerden_pd_3k/VanDerWaerden_pd_2-3-22_462.cnf,5000.0,sparrow,196.74,1200.0,1200.0,1200.0,1200.0,284.11,1032.54,164.69,1200.0,1200.0,1200.0,1200.0,743.31,1200.0,1200.0,1200.0,175.13,1200.0,1200.0,1200.0,1200.0,1200.0,1200.0,1181.27,611.78,1200.0,1200.0,60.0,1200.0,1200.0,734.51,ok,timeout,timeout,timeout,timeout,ok,ok,ok,timeout,timeout,timeout,timeout,ok,timeout,timeout,timeout,ok,timeout,timeout,timeout,timeout,timeout,timeout,ok,ok,timeout,timeout,ok,timeout,timeout,ok,/Users/herreran/Documents/Universidad/practica-invg/data/sat/datasets/sat_cnn_data_images/images/VanDerWaerden_pd_2-3-22_462__e3d1ef273e2f.npy
SAT_Competition2011/SAT11/crafted/kullmann/VanDerWaerden/VanderWaerden_pd_3k/VanDerWaerden_pd_2-3-22_464.cnf,VanDerWaerden_pd_2-3-22_464,/Users/herreran/Documents/Universidad/practica-invg/data/sat/instances/sc2012-hard-combinatorial/Hard Combinatorial SAT+UNSAT/SATCompetition2011/crafted/SAT11/crafted/kullmann/VanDerWaerden/VanderWaerden_pd_3k/VanDerWaerden_pd_2-3-22_464.cnf,5000.0,clasp1,1200.0,1200.0,1200.0,1200.0,1200.0,1200.0,1200.0,1200.0,1200.0,1200.0,1200.0,1200.0,1200.0,1200.0,1200.0,1200.0,1200.0,1200.0,1200.0,1200.0,1200.0,1200.0,1200.0,1200.0,1200.0,1200.0,1200.0,1200.0,1200.0,1200.0,1200.0,timeout,timeout,timeout,timeout,timeout,timeout,timeout,timeout,timeout,timeout,timeout,timeout,timeout,timeout,timeout,timeout,timeout,timeout,timeout,timeout,timeout,timeout,timeout,timeout,timeout,timeout,timeout,timeout,timeout,timeout,timeout,/Users/herreran/Documents/Universidad/practica-invg/data/sat/datasets/sat_cnn_data_images/images/VanDerWaerden_pd_2-3-22_464__aa0a15022f42.npy
SAT_Competition2011/SAT11/crafted/kullmann/VanDerWaerden/VanderWaerden_pd_3k/VanDerWaerden_pd_2-3-23_505.cnf,VanDerWaerden_pd_2-3-23_505,/Users/herreran/Documents/Universidad/practica-invg/data/sat/instances/sc2012-hard-combinatorial/Hard Combinatorial SAT+UNSAT/SATCompetition2011/crafted/SAT11/crafted/kullmann/VanDerWaerden/VanderWaerden_pd_3k/VanDerWaerden_pd_2-3-23_505.cnf,5000.0,sapperlot,819.4,1200.0,1200.0,1200.0,1200.0,1200.0,753.51,1200.0,1200.0,1200.0,1200.0,1200.0,1200.0,1200.0,1200.0,1200.0,1147.54,414.69,1200.0,1200.0,1200.0,1200.0,92.88,1200.0,1200.0,1200.0,1200.0,101.3,1200.0,1200.0,1200.0,ok,timeout,timeout,timeout,timeout,timeout,ok,timeout,timeout,timeout,timeout,timeout,timeout,timeout,timeout,timeout,ok,ok,timeout,timeout,timeout,timeout,ok,timeout,timeout,timeout,timeout,ok,timeout,timeout,timeout,/Users/herreran/Documents/Universidad/practica-invg/data/sat/datasets/sat_cnn_data_images/images/VanDerWaerden_pd_2-3-23_505__9ec117ab63b4.npy
SAT_Competition2011/SAT11/crafted/kullmann/VanDerWaerden/VanderWaerden_pd_3k/VanDerWaerden_pd_2-3-23_506.cnf,VanDerWaerden_pd_2-3-23_506,/Users/herreran/Documents/Universidad/practica-invg/data/sat/instances/sc2012-hard-combinatorial/Hard Combinatorial SAT+UNSAT/SATCompetition2011/crafted/SAT11/crafted/kullmann/VanDerWaerden/VanderWaerden_pd_3k/VanDerWaerden_pd_2-3-23_506.cnf,5000.0,sparrow,1200.0,1200.0,1200.0,1200.0,1200.0,1200.0,1200.0,1200.0,1200.0,1200.0,1200.0,1200.0,1200.0,1200.0,1200.0,1200.0,264.22,1200.0,1200.0,1200.0,1200.0,1200.0,1200.0,135.2,942.7,39.84,1200.0,4.71,1200.0,1200.0,855.16,timeout,timeout,timeout,timeout,timeout,timeout,timeout,timeout,timeout,timeout,timeout,timeout,timeout,timeout,timeout,timeout,ok,timeout,timeout,timeout,timeout,timeout,timeout,ok,ok,ok,timeout,ok,timeout,timeout,ok,/Users/herreran/Documents/Universidad/practica-invg/data/sat/datasets/sat_cnn_data_images/images/VanDerWaerden_pd_2-3-23_506__5185a9aacdb5.npy
SAT_Competition2011/SAT11/crafted/kullmann/VanDerWaerden/VanderWaerden_pd_3k/VanDerWaerden_pd_2-3-23_507.cnf,VanDerWaerden_pd_2-3-23_507,/Users/herreran/Documents/Universidad/practica-invg/data/sat/instances/sc2012-hard-combinatorial/Hard Combinatorial SAT+UNSAT/SATCompetition2011/crafted/SAT11/crafted/kullmann/VanDerWaerden/VanderWaerden_pd_3k/VanDerWaerden_pd_2-3-23_507.cnf,5000.0,clasp1,1200.0,1200.0,1200.0,1200.0,1200.0,1200.0,1200.0,1200.0,1200.0,1200.0,1200.0,1200.0,1200.0,1200.0,1200.0,1200.0,1200.0,1200.0,1200.0,1200.0,1200.0,1200.0,1200.0,1200.0,1200.0,1200.0,1200.0,1200.0,1200.0,1200.0,1200.0,timeout,timeout,timeout,timeout,timeout,timeout,timeout,timeout,timeout,timeout,timeout,timeout,timeout,timeout,timeout,timeout,timeout,timeout,timeout,timeout,timeout,timeout,timeout,timeout,timeout,timeout,timeout,timeout,timeout,timeout,timeout,/Users/herreran/Documents/Universidad/practica-invg/data/sat/datasets/sat_cnn_data_images/images/VanDerWaerden_pd_2-3-23_507__dc2fe01a2550.npy
SAT_Competition2011/SAT11/crafted/kullmann/VanDerWaerden/VanderWaerden_pd_3k/VanDerWaerden_pd_2-3-23_508.cnf,VanDerWaerden_pd_2-3-23_508,,5000.0,clasp1,1200.0,1200.0,1200.0,1200.0,1200.0,1200.0,1200.0,1200.0,1200.0,1200.0,1200.0,1200.0,1200.0,1200.0,1200.0,1200.0,1200.0,1200.0,1200.0,1200.0,1200.0,1200.0,1200.0,1200.0,1200.0,1200.0,1200.0,1200.0,1200.0,1200.0,1200.0,timeout,timeout,timeout,timeout,timeout,timeout,timeout,timeout,timeout,timeout,timeout,timeout,timeout,timeout,timeout,timeout,timeout,timeout,timeout,timeout,timeout,timeout,timeout,timeout,timeout,timeout,timeout,timeout,timeout,timeout,timeout,
SAT_Competition2011/SAT11/crafted/kullmann/VanDerWaerden/VanderWaerden_pd_3k/VanDerWaerden_pd_2-3-24_567.cnf,VanDerWaerden_pd_2-3-24_567,/Users/herreran/Documents/Universidad/practica-invg/data/sat/instances/sc2012-hard-combinatorial/Hard Combinatorial SAT+UNSAT/SATCompetition2011/crafted/SAT11/crafted/kullmann/VanDerWaerden/VanderWaerden_pd_3k/VanDerWaerden_pd_2-3-24_567.cnf,5000.0,sparrow,1200.0,1200.0,1200.0,1200.0,470.26,1200.0,710.83,1200.0,1200.0,1200.0,1200.0,1200.0,1200.0,12.91,1200.0,13.05,67.63,1200.0,1200.0,1200.0,1200.0,12.97,1200.0,1200.0,1200.0,1200.0,1200.0,10.58,1200.0,1200.0,1200.0,timeout,timeout,timeout,timeout,ok,timeout,ok,timeout,timeout,timeout,timeout,timeout,timeout,ok,timeout,ok,ok,timeout,timeout,timeout,timeout,ok,timeout,timeout,timeout,timeout,timeout,ok,timeout,timeout,timeout,/Users/herreran/Documents/Universidad/practica-invg/data/sat/datasets/sat_cnn_data_images/images/VanDerWaerden_pd_2-3-24_567__098f4fe57aba.npy
SAT_Competition2011/SAT11/crafted/manthey/sudoku-single-hard/sudoku_81x81_unknown.cnf,sudoku_81x81_unknown,,5000.0,clasp1,1200.0,1200.0,1200.0,1200.0,1200.0,1200.0,1200.0,1200.0,1200.0,1200.0,1200.0,1200.0,1200.0,1200.0,1200.0,1200.0,1200.0,1200.0,1200.0,1200.0,1200.0,1200.0,1200.0,1200.0,1200.0,1200.0,1200.0,1200.0,1200.0,1200.0,1200.0,timeout,timeout,timeout,timeout,timeout,timeout,timeout,timeout,timeout,timeout,timeout,timeout,timeout,timeout,timeout,timeout,timeout,timeout,timeout,timeout,timeout,timeout,timeout,timeout,timeout,timeout,timeout,timeout,timeout,timeout,timeout,
SAT_Competition2011/SAT11/crafted/mosoi/289/289-sat-11x10.cnf,289-sat-11x10,,5000.0,eagleup,0.11,0.09,0.06,0.01,0.21,0.06,23.18,0.05,0.02,0.21,0.06,0.17,0.11,0.23,0.34,0.23,0.08,0.01,0.05,0.13,0.12,0.06,0.01,0.08,0.08,0.08,1.64,0.01,0.02,0.01,0.09,ok,ok,ok,ok,ok,ok,ok,ok,ok,ok,ok,ok,ok,ok,ok,ok,ok,ok,ok,ok,ok,ok,ok,ok,ok,ok,ok,ok,ok,ok,ok,
SAT_Competition2011/SAT11/crafted/mosoi/289/289-sat-11x4.cnf,289-sat-11x4,,5000.0,clasp1,0.0,0.0,0.0,0.0,0.06,0.0,0.05,0.0,0.0,0.01,0.0,0.02,0.06,0.02,0.02,0.02,0.0,0.0,0.0,0.05,0.07,0.0,0.0,0.0,0.0,0.0,0.2,0.0,0.0,0.0,0.0,ok,ok,ok,ok,ok,ok,ok,ok,ok,ok,ok,ok,ok,ok,ok,ok,ok,ok,ok,ok,ok,ok,ok,ok,ok,ok,ok,ok,ok,ok,ok,
SAT_Competition2011/SAT11/crafted/mosoi/289/289-sat-11x9.cnf,289-sat-11x9,,5000.0,picosat,0.08,0.06,0.04,0.01,1200.0,0.04,0.21,0.04,0.01,0.13,0.04,0.13,0.1,0.17,0.24,0.17,0.05,0.0,0.04,0.11,0.09,0.04,0.01,0.05,0.06,0.06,1.25,0.01,0.01,0.01,0.07,ok,ok,ok,ok,timeout,ok,ok,ok,ok,ok,ok,ok,ok,ok,ok,ok,ok,ok,ok,ok,ok,ok,ok,ok,ok,ok,ok,ok,ok,ok,ok,
SAT_Competition2011/SAT11/crafted/mosoi/289/289-sat-12x14.cnf,289-sat-12x14,,5000.0,picosat,0.43,0.35,0.23,1200.0,0.44,0.28,0.55,0.22,0.06,0.62,0.26,0.45,0.31,0.23,0.58,0.24,0.32,0.03,0.18,0.31,0.32,0.26,0.06,0.39,0.32,0.32,5.1,0.04,0.09,0.05,0.41,ok,ok,ok,timeout,ok,ok,ok,ok,ok,ok,ok,ok,ok,ok,ok,ok,ok,ok,ok,ok,ok,ok,ok,ok,ok,ok,ok,ok,ok,ok,ok,
SAT_Competition2011/SAT11/crafted/mosoi/289/289-sat-12x15.cnf,289-sat-12x15,,5000.0,gnoveltyp2,0.45,0.33,0.22,1200.0,282.03,0.21,0.36,0.2,0.04,0.66,0.23,1.77,0.29,0.17,0.85,0.18,0.34,0.07,0.14,0.29,0.29,0.2,0.07,0.36,0.4,0.38,7.78,0.04,0.07,0.68,0.4,ok,ok,ok,timeout,ok,ok,ok,ok,ok,ok,ok,ok,ok,ok,ok,ok,ok,ok,ok,ok,ok,ok,ok,ok,ok,ok,ok,ok,ok,ok,ok,
SAT_Competition2011/SAT11/crafted/mosoi/289/289-sat-14x8.cnf,289-sat-14x8,,5000.0,eagleup,0.11,0.09,0.07,0.01,1200.0,0.06,1200.0,0.06,0.02,0.22,0.08,0.18,0.13,0.24,0.41,0.25,0.39,0.01,0.06,0.14,0.16,0.05,0.01,0.08,0.08,0.08,1.7,0.01,0.02,0.01,0.1,ok,ok,ok,ok,timeout,ok,timeout,ok,ok,ok,ok,ok,ok,ok,ok,ok,ok,ok,ok,ok,ok,ok,ok,ok,ok,ok,ok,ok,ok,ok,ok,
SAT_Competition2011/SAT11/crafted/mosoi/289/289-sat-4x35.cnf,289-sat-4x35,,5000.0,picosat,0.19,0.15,0.12,0.03,0.19,0.11,0.19,0.11,0.04,0.36,0.12,0.28,0.18,0.12,0.38,0.12,0.15,0.01,0.11,0.22,0.22,0.11,0.03,0.15,0.17,0.15,4.61,0.02,0.03,0.03,0.19,ok,ok,ok,ok,ok,ok,ok,ok,ok,ok,ok,ok,ok,ok,ok,ok,ok,ok,ok,ok,ok,ok,ok,ok,ok,ok,ok,ok,ok,ok,ok,
SAT_Competition2011/SAT11/crafted/mosoi/289/289-sat-4x8.cnf,289-sat-4x8,,5000.0,clasp1,0.0,0.0,0.0,0.0,0.05,0.0,0.05,0.0,0.0,0.0,0.0,0.0,0.04,0.01,0.01,0.01,0.0,0.0,0.0,0.04,0.06,0.0,0.0,0.0,0.0,0.0,0.16,0.0,0.0,0.0,0.0,ok,ok,ok,ok,ok,ok,ok,ok,ok,ok,ok,ok,ok,ok,ok,ok,ok,ok,ok,ok,ok,ok,ok,ok,ok,ok,ok,ok,ok,ok,ok,
SAT_Competition2011/SAT11/crafted/mosoi/289/289-sat-5x8.cnf,289-sat-5x8,,5000.0,clasp1,0.0,0.0,0.0,0.0,0.05,0.0,0.04,0.0,0.0,0.01,0.0,0.01,0.04,0.01,0.02,0.02,0.0,0.0,0.0,0.05,0.04,0.0,0.0,0.0,0.0,0.0,0.18,0.0,0.0,0.0,0.0,ok,ok,ok,ok,ok,ok,ok,ok,ok,ok,ok,ok,ok,ok,ok,ok,ok,ok,ok,ok,ok,ok,ok,ok,ok,ok,ok,ok,ok,ok,ok,
SAT_Competition2011/SAT11/crafted/mosoi/289/289-sat-6x19.cnf,289-sat-6x19,,5000.0,picosat,0.11,0.08,0.06,0.01,0.33,0.05,0.22,0.05,0.02,0.18,0.05,0.17,0.11,0.23,0.34,0.23,0.07,0.0,0.05,0.19,0.12,0.05,0.01,0.08,0.08,0.07,2.08,0.01,0.03,0.01,0.08,ok,ok,ok,ok,ok,ok,ok,ok,ok,ok,ok,ok,ok,ok,ok,ok,ok,ok,ok,ok,ok,ok,ok,ok,ok,ok,ok,ok,ok,ok,ok,
SAT_Competition2011/SAT11/crafted/mosoi/289/289-sat-6x20.cnf,289-sat-6x20,,5000.0,picosat,0.14,0.1,0.07,0.02,0.29,0.07,0.28,0.07,0.02,0.26,0.08,0.19,0.13,0.27,0.41,0.27,0.1,0.0,0.06,0.23,0.14,0.07,0.02,0.09,0.09,0.09,2.5,0.01,0.04,0.01,0.1,ok,ok,ok,ok,ok,ok,ok,ok,ok,ok,ok,ok,ok,ok,ok,ok,ok,ok,ok,ok,ok,ok,ok,ok,ok,ok,ok,ok,ok,ok,ok,
SAT_Competition2011/SAT11/crafted/mosoi/289/289-sat-6x8.cnf,289-sat-6x8,,5000.0,cryptominisat2011,0.01,0.01,0.0,0.0,0.06,0.0,0.05,0.0,0.0,0.02,0.0,0.02,0.04,0.02,0.03,0.02,0.01,0.0,0.01,0.04,0.05,0.0,0.0,0.0,0.0,0.0,0.3,0.0,0.0,0.0,0.0,ok,ok,ok,ok,ok,ok,ok,ok,ok,ok,ok,ok,ok,ok,ok,ok,ok,ok,ok,ok,ok,ok,ok,ok,ok,ok,ok,ok,ok,ok,ok,
SAT_Competition2011/SAT11/crafted/mosoi/289/289-sat-6x9.cnf,289-sat-6x9,,5000.0,eagleup,0.01,0.01,0.01,0.0,0.08,0.0,0.06,0.01,0.0,0.03,0.01,0.03,0.05,0.04,0.05,0.03,0.01,0.0,0.01,0.06,0.06,0.0,0.0,0.0,0.01,0.0,0.37,0.0,0.0,0.0,0.01,ok,ok,ok,ok,ok,ok,ok,ok,ok,ok,ok,ok,ok,ok,ok,ok,ok,ok,ok,ok,ok,ok,ok,ok,ok,ok,ok,ok,ok,ok,ok,
SAT_Competition2011/SAT11/crafted/mosoi/289/289-sat-7x6.cnf,289-sat-7x6,,5000.0,clasp1,0.0,0.0,0.0,0.0,0.04,0.0,0.04,0.0,0.0,0.01,0.0,0.02,0.04,0.01,0.02,0.02,0.0,0.0,0.0,0.04,0.04,0.0,0.0,0.0,0.0,0.0,0.18,0.0,0.0,0.0,0.0,ok,ok,ok,ok,ok,ok,ok,ok,ok,ok,ok,ok,ok,ok,ok,ok,ok,ok,ok,ok,ok,ok,ok,ok,ok,ok,ok,ok,ok,ok,ok,
SAT_Competition2011/SAT11/crafted/mosoi/289/289-sat-9x13.cnf,289-sat-9x13,,5000.0,eagleup,0.13,0.1,0.07,0.01,0.23,0.06,0.27,0.06,0.02,0.25,0.06,0.19,0.13,0.27,0.41,0.27,0.09,0.01,0.06,0.15,0.13,0.06,0.02,0.09,0.09,0.1,1.86,0.01,0.02,0.01,0.11,ok,ok,ok,ok,ok,ok,ok,ok,ok,ok,ok,ok,ok,ok,ok,ok,ok,ok,ok,ok,ok,ok,ok,ok,ok,ok,ok,ok,ok,ok,ok,
SAT_Competition2011/SAT11/crafted/mosoi/289/289-unsat-13x32.cnf,289-unsat-13x32,,5000.0,clasp1,1200.0,1200.0,1200.0,1200.0,1200.0,1200.0,1200.0,1200.0,1200.0,1200.0,1200.0,1200.0,1200.0,1200.0,1200.0,1200.0,1200.0,1200.0,1200.0,1200.0,1200.0,1200.0,1200.0,1200.0,1200.0,1200.0,1200.0,1200.0,1200.0,1200.0,1200.0,timeout,timeout,timeout,timeout,timeout,timeout,timeout,timeout,timeout,timeout,timeout,timeout,timeout,timeout,timeout,timeout,timeout,timeout,timeout,timeout,timeout,timeout,timeout,timeout,timeout,timeout,timeout,timeout,timeout,timeout,timeout,
SAT_Competition2011/SAT11/crafted/mosoi/289/289-unsat-14x34.cnf,289-unsat-14x34,,5000.0,clasp1,1200.0,1200.0,1200.0,1200.0,1200.0,1200.0,1200.0,1200.0,1200.0,1200.0,1200.0,1200.0,1200.0,1200.0,1200.0,1200.0,1200.0,1200.0,1200.0,1200.0,1200.0,1200.0,1200.0,1200.0,1200.0,1200.0,1200.0,1200.0,1200.0,1200.0,1200.0,timeout,timeout,timeout,timeout,timeout,timeout,timeout,timeout,timeout,timeout,timeout,timeout,timeout,timeout,timeout,timeout,timeout,timeout,timeout,timeout,timeout,timeout,timeout,timeout,timeout,timeout,timeout,timeout,timeout,timeout,timeout,
SAT_Competition2011/SAT11/crafted/mosoi/289/289-unsat-14x38.cnf,289-unsat-14x38,,5000.0,clasp1,1200.0,1200.0,1200.0,1200.0,1200.0,1200.0,1200.0,1200.0,1200.0,1200.0,1200.0,1200.0,1200.0,1200.0,1200.0,1200.0,1200.0,1200.0,1200.0,1200.0,1200.0,1200.0,1200.0,1200.0,1200.0,1200.0,1200.0,1200.0,1200.0,1200.0,1200.0,timeout,timeout,timeout,timeout,timeout,timeout,timeout,timeout,timeout,timeout,timeout,timeout,timeout,timeout,timeout,timeout,timeout,timeout,timeout,timeout,timeout,timeout,timeout,timeout,timeout,timeout,timeout,timeout,timeout,timeout,timeout,
SAT_Competition2011/SAT11/crafted/mosoi/289/289-unsat-17x27.cnf,289-unsat-17x27,,5000.0,clasp1,1200.0,1200.0,1200.0,1200.0,1200.0,1200.0,1200.0,1200.0,1200.0,1200.0,1200.0,1200.0,1200.0,1200.0,1200.0,1200.0,1200.0,1200.0,1200.0,1200.0,1200.0,1200.0,1200.0,1200.0,1200.0,1200.0,1200.0,1200.0,1200.0,1200.0,1200.0,timeout,timeout,timeout,timeout,timeout,timeout,timeout,timeout,timeout,timeout,timeout,timeout,timeout,timeout,timeout,timeout,timeout,timeout,timeout,timeout,timeout,timeout,timeout,timeout,timeout,timeout,timeout,timeout,timeout,timeout,timeout,
SAT_Competition2011/SAT11/crafted/mosoi/289/289-unsat-17x30.cnf,289-unsat-17x30,,5000.0,clasp1,1200.0,1200.0,1200.0,1200.0,1200.0,1200.0,1200.0,1200.0,1200.0,1200.0,1200.0,1200.0,1200.0,1200.0,1200.0,1200.0,1200.0,1200.0,1200.0,1200.0,1200.0,1200.0,1200.0,1200.0,1200.0,1200.0,1200.0,1200.0,1200.0,1200.0,1200.0,timeout,timeout,timeout,timeout,timeout,timeout,timeout,timeout,timeout,timeout,timeout,timeout,timeout,timeout,timeout,timeout,timeout,timeout,timeout,timeout,timeout,timeout,timeout,timeout,timeout,timeout,timeout,timeout,timeout,timeout,timeout,
SAT_Competition2011/SAT11/crafted/mosoi/289/289-unsat-21x14.cnf,289-unsat-21x14,,5000.0,clasp1,1200.0,1200.0,1200.0,1200.0,1200.0,1200.0,1200.0,1200.0,1200.0,1200.0,1200.0,1200.0,1200.0,1200.0,1200.0,1200.0,1200.0,1200.0,1200.0,1200.0,1200.0,1200.0,1200.0,1200.0,1200.0,1200.0,1200.0,1200.0,1200.0,1200.0,1200.0,timeout,timeout,timeout,timeout,timeout,timeout,timeout,timeout,timeout,timeout,timeout,timeout,timeout,timeout,timeout,timeout,timeout,timeout,timeout,timeout,timeout,timeout,timeout,timeout,timeout,timeout,timeout,timeout,timeout,timeout,timeout,
SAT_Competition2011/SAT11/crafted/mosoi/289/289-unsat-21x33.cnf,289-unsat-21x33,,5000.0,clasp1,1200.0,1200.0,1200.0,1200.0,1200.0,1200.0,1200.0,1200.0,1200.0,1200.0,1200.0,1200.0,1200.0,1200.0,1200.0,1200.0,1200.0,1200.0,1200.0,1200.0,1200.0,1200.0,1200.0,1200.0,1200.0,1200.0,1200.0,1200.0,1200.0,1200.0,1200.0,timeout,timeout,timeout,timeout,timeout,timeout,timeout,timeout,timeout,timeout,timeout,timeout,timeout,timeout,timeout,timeout,timeout,timeout,timeout,timeout,timeout,timeout,timeout,timeout,timeout,timeout,timeout,timeout,timeout,timeout,timeout,
SAT_Competition2011/SAT11/crafted/mosoi/289/289-unsat-21x39.cnf,289-unsat-21x39,,5000.0,clasp1,1200.0,1200.0,1200.0,1200.0,1200.0,1200.0,1200.0,1200.0,1200.0,1200.0,1200.0,1200.0,1200.0,1200.0,1200.0,1200.0,1200.0,1200.0,1200.0,1200.0,1200.0,1200.0,1200.0,1200.0,1200.0,1200.0,1200.0,1200.0,1200.0,1200.0,1200.0,timeout,timeout,timeout,timeout,timeout,timeout,timeout,timeout,timeout,timeout,timeout,timeout,timeout,timeout,timeout,timeout,timeout,timeout,timeout,timeout,timeout,timeout,timeout,timeout,timeout,timeout,timeout,timeout,timeout,timeout,timeout,
SAT_Competition2011/SAT11/crafted/mosoi/289/289-unsat-21x40.cnf,289-unsat-21x40,,5000.0,clasp1,1200.0,1200.0,1200.0,1200.0,1200.0,1200.0,1200.0,1200.0,1200.0,1200.0,1200.0,1200.0,1200.0,1200.0,1200.0,1200.0,1200.0,1200.0,1200.0,1200.0,1200.0,1200.0,1200.0,1200.0,1200.0,1200.0,1200.0,1200.0,1200.0,1200.0,1200.0,timeout,timeout,timeout,timeout,timeout,timeout,timeout,timeout,timeout,timeout,timeout,timeout,timeout,timeout,timeout,timeout,timeout,timeout,timeout,timeout,timeout,timeout,timeout,timeout,timeout,timeout,timeout,timeout,timeout,timeout,timeout,
SAT_Competition2011/SAT11/crafted/mosoi/289/289-unsat-5x41.cnf,289-unsat-5x41,,5000.0,clasp1,1200.0,1200.0,1200.0,1200.0,1200.0,1200.0,1200.0,1200.0,1200.0,1200.0,1200.0,1200.0,1200.0,1200.0,1200.0,1200.0,1200.0,1200.0,1200.0,1200.0,1200.0,1200.0,1200.0,1200.0,1200.0,1200.0,1200.0,1200.0,1200.0,1200.0,1200.0,timeout,timeout,timeout,timeout,timeout,timeout,timeout,timeout,timeout,timeout,timeout,timeout,timeout,timeout,timeout,timeout,timeout,timeout,timeout,timeout,timeout,timeout,timeout,timeout,timeout,timeout,timeout,timeout,timeout,timeout,timeout,
SAT_Competition2011/SAT11/crafted/mosoi/289/289-unsat-6x30.cnf,289-unsat-6x30,/Users/herreran/Documents/Universidad/practica-invg/data/sat/instances/sc2012-hard-combinatorial/Hard Combinatorial SAT+UNSAT/SATCompetition2011/crafted/SAT11/crafted/mosoi/289/289-unsat-6x30.cnf,5000.0,sparrow,1200.0,1200.0,15.84,235.61,1200.0,392.78,0.69,15.97,0.05,4.19,0.36,0.47,13.25,1200.0,1200.0,1200.0,1200.0,1200.0,16.79,1.7,0.34,19.93,0.22,0.35,0.35,0.34,1200.0,0.04,1200.0,1200.0,0.39,timeout,timeout,ok,ok,timeout,ok,ok,ok,ok,ok,ok,ok,ok,timeout,timeout,timeout,timeout,timeout,ok,ok,ok,ok,ok,ok,ok,ok,timeout,ok,timeout,timeout,ok,/Users/herreran/Documents/Universidad/practica-invg/data/sat/datasets/sat_cnn_data_images/images/289-unsat-6x30__06384f23f676.npy
SAT_Competition2011/SAT11/crafted/mosoi/289/289-unsat-6x34.cnf,289-unsat-6x34,,5000.0,clasp1,1200.0,1200.0,1200.0,1200.0,1200.0,1200.0,1200.0,1200.0,1200.0,1200.0,1200.0,1200.0,1200.0,1200.0,1200.0,1200.0,1200.0,1200.0,1200.0,1200.0,1200.0,1200.0,1200.0,1200.0,1200.0,1200.0,1200.0,1200.0,1200.0,1200.0,1200.0,timeout,timeout,timeout,timeout,timeout,timeout,timeout,timeout,timeout,timeout,timeout,timeout,timeout,timeout,timeout,timeout,timeout,timeout,timeout,timeout,timeout,timeout,timeout,timeout,timeout,timeout,timeout,timeout,timeout,timeout,timeout,
SAT_Competition2011/SAT11/crafted/mosoi/289/289-unsat-6x40.cnf,289-unsat-6x40,,5000.0,clasp1,1200.0,1200.0,1200.0,1200.0,1200.0,1200.0,1200.0,1200.0,1200.0,1200.0,1200.0,1200.0,1200.0,1200.0,1200.0,1200.0,1200.0,1200.0,1200.0,1200.0,1200.0,1200.0,1200.0,1200.0,1200.0,1200.0,1200.0,1200.0,1200.0,1200.0,1200.0,timeout,timeout,timeout,timeout,timeout,timeout,timeout,timeout,timeout,timeout,timeout,timeout,timeout,timeout,timeout,timeout,timeout,timeout,timeout,timeout,timeout,timeout,timeout,timeout,timeout,timeout,timeout,timeout,timeout,timeout,timeout,
SAT_Competition2011/SAT11/crafted/mosoi/289/289-unsat-7x39.cnf,289-unsat-7x39,,5000.0,clasp1,1200.0,1200.0,1200.0,1200.0,1200.0,1200.0,1200.0,1200.0,1200.0,1200.0,1200.0,1200.0,1200.0,1200.0,1200.0,1200.0,1200.0,1200.0,1200.0,1200.0,1200.0,1200.0,1200.0,1200.0,1200.0,1200.0,1200.0,1200.0,1200.0,1200.0,1200.0,timeout,timeout,timeout,timeout,timeout,timeout,timeout,timeout,timeout,timeout,timeout,timeout,timeout,timeout,timeout,timeout,timeout,timeout,timeout,timeout,timeout,timeout,timeout,timeout,timeout,timeout,timeout,timeout,timeout,timeout,timeout,
SAT_Competition2011/SAT11/crafted/mosoi/289/289-unsat-9x32.cnf,289-unsat-9x32,,5000.0,clasp1,1200.0,1200.0,1200.0,1200.0,1200.0,1200.0,1200.0,1200.0,1200.0,1200.0,1200.0,1200.0,1200.0,1200.0,1200.0,1200.0,1200.0,1200.0,1200.0,1200.0,1200.0,1200.0,1200.0,1200.0,1200.0,1200.0,1200.0,1200.0,1200.0,1200.0,1200.0,timeout,timeout,timeout,timeout,timeout,timeout,timeout,timeout,timeout,timeout,timeout,timeout,timeout,timeout,timeout,timeout,timeout,timeout,timeout,timeout,timeout,timeout,timeout,timeout,timeout,timeout,timeout,timeout,timeout,timeout,timeout,
SAT_Competition2011/SAT11/crafted/skvortsov/automata-synchronization/crn_11_100_s.cnf,crn_11_100_s,/Users/herreran/Documents/Universidad/practica-invg/data/sat/instances/sc2012-hard-combinatorial/Hard Combinatorial SAT+UNSAT/SATCompetition2011/crafted/SAT11/crafted/skvortsov/automata-synchronization/crn_11_100_s.cnf,5000.0,cryptominisat2011,1200.0,141.43,1.05,1200.0,2.07,213.6,2.72,3.58,1200.0,1.6,236.17,1200.0,3.99,327.1,8.24,374.57,1200.0,129.97,18.87,1.4,5.11,289.08,1200.0,1200.0,1200.0,1200.0,14.62,1200.0,1200.0,2.46,1200.0,timeout,ok,ok,timeout,ok,ok,ok,ok,timeout,ok,ok,timeout,ok,ok,ok,ok,timeout,ok,ok,ok,ok,ok,timeout,timeout,timeout,timeout,ok,timeout,timeout,ok,timeout,/Users/herreran/Documents/Universidad/practica-invg/data/sat/datasets/sat_cnn_data_images/images/crn_11_100_s__3cdccfde4457.npy
SAT_Competition2011/SAT11/crafted/skvortsov/automata-synchronization/crn_11_99_u.cnf,crn_11_99_u,/Users/herreran/Documents/Universidad/practica-invg/data/sat/instances/sc2012-hard-combinatorial/Hard Combinatorial SAT+UNSAT/SATCompetition2011/crafted/SAT11/crafted/skvortsov/automata-synchronization/crn_11_99_u.cnf,5000.0,spear-sw,1200.0,1111.3,1.31,1200.0,1.12,133.0,1.86,5.61,1200.0,5.86,309.24,1200.0,4.04,337.37,12.68,335.08,1200.0,173.79,8.3,1.17,5.43,588.95,1200.0,1200.0,1200.0,1200.0,19.08,1200.0,1200.0,1.06,1200.0,timeout,ok,ok,timeout,ok,ok,ok,ok,timeout,ok,ok,timeout,ok,ok,ok,ok,timeout,ok,ok,ok,ok,ok,timeout,timeout,timeout,timeout,ok,timeout,timeout,ok,timeout,/Users/herreran/Documents/Universidad/practica-invg/data/sat/datasets/sat_cnn_data_images/images/crn_11_99_u__22f05def4377.npy
SAT_Competition2011/SAT11/crafted/skvortsov/automata-synchronization/crn_20_360_u.cnf,crn_20_360_u,,5000.0,qutersat,1200.0,1200.0,212.36,1200.0,1200.0,1200.0,657.76,1200.0,1200.0,1200.0,1200.0,1200.0,1200.0,1200.0,1200.0,1200.0,1200.0,1200.0,1200.0,165.43,1200.0,1200.0,1200.0,1200.0,1200.0,1200.0,1200.0,1200.0,1200.0,1200.0,1200.0,timeout,timeout,ok,timeout,timeout,timeout,ok,timeout,timeout,timeout,timeout,timeout,timeout,timeout,timeout,timeout,timeout,timeout,timeout,ok,timeout,timeout,timeout,timeout,timeout,timeout,timeout,timeout,timeout,timeout,timeout,
SAT_Competition2011/SAT11/crafted/skvortsov/automata-synchronization/crn_20_361_s.cnf,crn_20_361_s,,5000.0,cryptominisat2011,1200.0,1200.0,184.9,1200.0,1200.0,1200.0,853.16,1200.0,1200.0,1200.0,1200.0,1200.0,930.89,1200.0,1200.0,1200.0,1200.0,1200.0,1200.0,190.17,1200.0,1200.0,1200.0,1200.0,1200.0,1200.0,1200.0,1200.0,1200.0,1200.0,1200.0,timeout,timeout,ok,timeout,timeout,timeout,ok,timeout,timeout,timeout,timeout,timeout,ok,timeout,timeout,timeout,timeout,timeout,timeout,ok,timeout,timeout,timeout,timeout,timeout,timeout,timeout,timeout,timeout,timeout,timeout,
SAT_Competition2011/SAT11/crafted/skvortsov/automata-synchronization/crn_40_1520_u.cnf,crn_40_1520_u,,5000.0,clasp1,1200.0,1200.0,1200.0,1200.0,1200.0,1200.0,1200.0,1200.0,1200.0,1200.0,1200.0,1200.0,1200.0,1200.0,1200.0,1200.0,1200.0,1200.0,1200.0,1200.0,1200.0,1200.0,1200.0,1200.0,1200.0,1200.0,1200.0,1200.0,1200.0,1200.0,1200.0,timeout,timeout,timeout,timeout,timeout,timeout,timeout,timeout,timeout,timeout,timeout,timeout,timeout,timeout,timeout,timeout,timeout,timeout,timeout,timeout,timeout,timeout,timeout,timeout,timeout,timeout,timeout,timeout,timeout,timeout,timeout,
SAT_Competition2011/SAT11/crafted/skvortsov/automata-synchronization/crn_40_1521_s.cnf,crn_40_1521_s,,5000.0,clasp1,1200.0,1200.0,1200.0,1200.0,1200.0,1200.0,1200.0,1200.0,1200.0,1200.0,1200.0,1200.0,1200.0,1200.0,1200.0,1200.0,1200.0,1200.0,1200.0,1200.0,1200.0,1200.0,1200.0,1200.0,1200.0,1200.0,1200.0,1200.0,1200.0,1200.0,1200.0,timeout,timeout,timeout,timeout,timeout,timeout,timeout,timeout,timeout,timeout,timeout,timeout,timeout,timeout,timeout,timeout,timeout,timeout,timeout,timeout,timeout,timeout,timeout,timeout,timeout,timeout,timeout,timeout,timeout,timeout,timeout,
SAT_Competition2011/SAT11/crafted/skvortsov/automata-synchronization/rnd_100_27_s.cnf,rnd_100_27_s,/Users/herreran/Documents/Universidad/practica-invg/data/sat/instances/sc2012-hard-combinatorial/Hard Combinatorial SAT+UNSAT/SATCompetition2011/crafted/SAT11/crafted/skvortsov/automata-synchronization/rnd_100_27_s.cnf,5000.0,mphaseSAT,64.17,14.4,58.89,1200.0,108.09,19.5,48.83,98.42,1200.0,16.48,27.82,1200.0,33.73,1.92,77.43,2.59,30.86,33.76,9.33,6.95,39.88,24.36,18.97,1200.0,1200.0,1200.0,30.91,1200.0,224.35,1200.0,1200.0,ok,ok,ok,timeout,ok,ok,ok,ok,timeout,ok,ok,timeout,ok,ok,ok,ok,ok,ok,ok,ok,ok,ok,ok,timeout,timeout,timeout,ok,timeout,ok,timeout,timeout,/Users/herreran/Documents/Universidad/practica-invg/data/sat/datasets/sat_cnn_data_images/images/rnd_100_27_s__e4d362ddad73.npy
SAT_Competition2011/SAT11/crafted/skvortsov/automata-synchronization/rnd_100_28_s.cnf,rnd_100_28_s,/Users/herreran/Documents/Universidad/practica-invg/data/sat/instances/sc2012-hard-combinatorial/Hard Combinatorial SAT+UNSAT/SATCompetition2011/crafted/SAT11/crafted/skvortsov/automata-synchronization/rnd_100_28_s.cnf,5000.0,ebminisat,15.43,31.49,24.57,1200.0,43.56,1.83,7.3,12.46,1200.0,3.64,14.26,1200.0,14.75,48.95,20.32,48.86,2.29,12.11,31.8,8.84,54.12,4.98,7.58,1200.0,1200.0,1200.0,60.23,1200.0,237.77,213.65,1200.0,ok,ok,ok,timeout,ok,ok,ok,ok,timeout,ok,ok,timeout,ok,ok,ok,ok,ok,ok,ok,ok,ok,ok,ok,timeout,timeout,timeout,ok,timeout,ok,ok,timeout,/Users/herreran/Documents/Universidad/practica-invg/data/sat/datasets/sat_cnn_data_images/images/rnd_100_28_s__3742e308c613.npy
SAT_Competition2011/SAT11/crafted/skvortsov/automata-synchronization/rnd_100_28_u.cnf,rnd_100_28_u,/Users/herreran/Documents/Universidad/practica-invg/data/sat/instances/sc2012-hard-combinatorial/Hard Combinatorial SAT+UNSAT/SATCompetition2011/crafted/SAT11/crafted/skvortsov/automata-synchronization/rnd_100_28_u.cnf,5000.0,lingeling,198.98,134.63,164.83,1200.0,378.65,290.35,106.41,531.42,1200.0,52.12,195.68,1200.0,89.48,254.56,345.52,254.9,1200.0,290.65,124.15,130.51,356.39,221.57,216.26,1200.0,1200.0,1200.0,296.79,1200.0,451.31,1200.0,1200.0,ok,ok,ok,timeout,ok,ok,ok,ok,timeout,ok,ok,timeout,ok,ok,ok,ok,timeout,ok,ok,ok,ok,ok,ok,timeout,timeout,timeout,ok,timeout,ok,timeout,timeout,/Users/herreran/Documents/Universidad/practica-invg/data/sat/datasets/sat_cnn_data_images/images/rnd_100_28_u__73c85b2a175f.npy
SAT_Competition2011/SAT11/crafted/skvortsov/automata-synchronization/rnd_100_32_s.cnf,rnd_100_32_s,/Users/herreran/Documents/Universidad/practica-invg/data/sat/instances/sc2012-hard-combinatorial/Hard Combinatorial SAT+UNSAT/SATCompetition2011/crafted/SAT11/crafted/skvortsov/automata-synchronization/rnd_100_32_s.cnf,5000.0,lingeling,26.77,17.13,98.68,1200.0,328.82,62.99,377.46,1200.0,1200.0,16.23,56.61,1200.0,54.94,122.83,467.86,139.47,190.73,40.56,31.41,133.03,450.36,80.51,92.29,1200.0,1200.0,1200.0,107.29,1200.0,1200.0,1200.0,1200.0,ok,ok,ok,timeout,ok,ok,ok,timeout,timeout,ok,ok,timeout,ok,ok,ok,ok,ok,ok,ok,ok,ok,ok,ok,timeout,timeout,timeout,ok,timeout,timeout,timeout,timeout,/Users/herreran/Documents/Universidad/practica-invg/data/sat/datasets/sat_cnn_data_images/images/rnd_100_32_s__d2b8232a02bd.npy
SAT_Competition2011/SAT11/crafted/skvortsov/automata-synchronization/rnd_150_29_u.cnf,rnd_150_29_u,/Users/herreran/Documents/Universidad/practica-invg/data/sat/instances/sc2012-hard-combinatorial/Hard Combinatorial SAT+UNSAT/SATCompetition2011/crafted/SAT11/crafted/skvortsov/automata-synchronization/rnd_150_29_u.cnf,5000.0,lingeling,321.04,250.9,358.34,1200.0,809.9,728.33,178.28,1200.0,1200.0,87.01,509.95,1200.0,180.72,1200.0,1034.64,1200.0,1200.0,653.32,1200.0,215.47,1200.0,612.15,368.73,1200.0,1200.0,1200.0,771.21,1200.0,1200.0,1200.0,1200.0,ok,ok,ok,timeout,ok,ok,ok,timeout,timeout,ok,ok,timeout,ok,timeout,ok,timeout,timeout,ok,timeout,ok,timeout,ok,ok,timeout,timeout,timeout,ok,timeout,timeout,timeout,timeout,/Users/herreran/Documents/Universidad/practica-invg/data/sat/datasets/sat_cnn_data_images/images/rnd_150_29_u__8e3369fb2c2d.npy
SAT_Competition2011/SAT11/crafted/skvortsov/automata-synchronization/rnd_150_42_s.cnf,rnd_150_42_s,/Users/herreran/Documents/Universidad/practica-invg/data/sat/instances/sc2012-hard-combinatorial/Hard Combinatorial SAT+UNSAT/SATCompetition2011/crafted/SAT11/crafted/skvortsov/automata-synchronization/rnd_150_42_s.cnf,5000.0,lingeling,84.01,126.54,19.61,1200.0,143.32,43.04,24.16,199.35,1200.0,14.73,44.58,1200.0,16.21,66.72,141.16,87.19,114.3,23.64,33.61,49.99,296.07,34.79,71.86,1200.0,1200.0,1200.0,93.42,1200.0,1200.0,1200.0,1200.0,ok,ok,ok,timeout,ok,ok,ok,ok,timeout,ok,ok,timeout,ok,ok,ok,ok,ok,ok,ok,ok,ok,ok,ok,timeout,timeout,timeout,ok,timeout,timeout,timeout,timeout,/Users/herreran/Documents/Universidad/practica-invg/data/sat/datasets/sat_cnn_data_images/images/rnd_150_42_s__81ccd662b3bd.npy
SAT_Competition2011/SAT11/crafted/skvortsov/battleship/battleship-10-10-unsat.cnf,battleship-10-10-unsat,/Users/herreran/Documents/Universidad/practica-invg/data/sat/instances/sc2012-hard-combinatorial/Hard Combinatorial SAT+UNSAT/SATCompetition2011/crafted/SAT11/crafted/skvortsov/battleship/battleship-10-10-unsat.cnf,5000.0,marchrw,1.79,2.17,11.83,1200.0,4.61,1.43,2.81,4.47,1200.0,13.39,3.53,0.56,6.16,5.05,5.75,5.83,2.64,0.95,9.04,11.34,4.38,1.14,4.94,1200.0,1200.0,1200.0,1.16,1200.0,1.91,33.24,1200.0,ok,ok,ok,timeout,ok,ok,ok,ok,timeout,ok,ok,ok,ok,ok,ok,ok,ok,ok,ok,ok,ok,ok,ok,timeout,timeout,timeout,ok,timeout,ok,ok,timeout,/Users/herreran/Documents/Universidad/practica-invg/data/sat/datasets/sat_cnn_data_images/images/battleship-10-10-unsat__7250e6df9653.npy
SAT_Competition2011/SAT11/crafted/skvortsov/battleship/battleship-10-17-sat.cnf,battleship-10-17-sat,/Users/herreran/Documents/Universidad/practica-invg/data/sat/instances/sc2012-hard-combinatorial/Hard Combinatorial SAT+UNSAT/SATCompetition2011/crafted/SAT11/crafted/skvortsov/battleship/battleship-10-17-sat.cnf,5000.0,gnoveltyp2,36.67,159.31,1200.0,27.28,1200.0,1.22,1200.0,83.13,0.0,3.73,8.29,12.9,0.15,202.9,309.45,202.23,1.83,3.41,0.22,1200.0,2.52,1.05,0.0,0.08,0.01,0.01,1200.0,0.05,0.37,0.01,0.01,ok,ok,timeout,ok,timeout,ok,timeout,ok,ok,ok,ok,ok,ok,ok,ok,ok,ok,ok,ok,timeout,ok,ok,ok,ok,ok,ok,timeout,ok,ok,ok,ok,/Users/herreran/Documents/Universidad/practica-invg/data/sat/datasets/sat_cnn_data_images/images/battleship-10-17-sat__67e6d449de9b.npy
SAT_Competition2011/SAT11/crafted/skvortsov/battleship/battleship-10-18-sat.cnf,battleship-10-18-sat,,5000.0,ebminisat,73.41,10.3,377.1,0.13,1200.0,0.0,1200.0,0.01,0.0,0.0,0.0,0.32,0.03,0.0,0.03,0.0,0.11,0.0,0.0,342.45,0.04,0.14,0.01,0.0,0.0,0.0,12.87,0.0,0.0,0.02,0.0,ok,ok,ok,ok,timeout,ok,timeout,ok,ok,ok,ok,ok,ok,ok,ok,ok,ok,ok,ok,ok,ok,ok,ok,ok,ok,ok,ok,ok,ok,ok,ok,
SAT_Competition2011/SAT11/crafted/skvortsov/battleship/battleship-10-19-sat.cnf,battleship-10-19-sat,/Users/herreran/Documents/Universidad/practica-invg/data/sat/instances/sc2012-hard-combinatorial/Hard Combinatorial SAT+UNSAT/SATCompetition2011/crafted/SAT11/crafted/skvortsov/battleship/battleship-10-19-sat.cnf,5000.0,ebminisat,38.89,30.66,11.51,0.03,1200.0,0.0,1200.0,0.0,0.0,0.01,0.0,0.04,0.05,0.01,0.0,0.01,0.0,0.0,0.01,10.87,0.08,0.0,0.0,0.0,0.0,0.0,15.68,0.0,0.01,0.0,0.0,ok,ok,ok,ok,timeout,ok,timeout,ok,ok,ok,ok,ok,ok,ok,ok,ok,ok,ok,ok,ok,ok,ok,ok,ok,ok,ok,ok,ok,ok,ok,ok,/Users/herreran/Documents/Universidad/practica-invg/data/sat/datasets/sat_cnn_data_images/images/battleship-10-19-sat__1fcc3939af74.npy
SAT_Competition2011/SAT11/crafted/skvortsov/battleship/battleship-11-11-unsat.cnf,battleship-11-11-unsat,/Users/herreran/Documents/Universidad/practica-invg/data/sat/instances/sc2012-hard-combinatorial/Hard Combinatorial SAT+UNSAT/SATCompetition2011/crafted/SAT11/crafted/skvortsov/battleship/battleship-11-11-unsat.cnf,5000.0,marchrw,32.93,24.84,720.67,1200.0,301.4,198.87,482.55,1200.0,1200.0,1200.0,125.77,5.11,1200.0,178.97,89.76,224.39,833.77,180.59,1200.0,715.07,1200.0,292.76,136.99,1200.0,1200.0,1200.0,1200.0,1200.0,47.01,1200.0,1200.0,ok,ok,ok,timeout,ok,ok,ok,timeout,timeout,timeout,ok,ok,timeout,ok,ok,ok,ok,ok,timeout,ok,timeout,ok,ok,timeout,timeout,timeout,timeout,timeout,ok,timeout,timeout,/Users/herreran/Documents/Universidad/practica-invg/data/sat/datasets/sat_cnn_data_images/images/battleship-11-11-unsat__b0a4dc45026b.npy
SAT_Competition2011/SAT11/crafted/skvortsov/battleship/battleship-11-21-sat.cnf,battleship-11-21-sat,/Users/herreran/Documents/Universidad/practica-invg/data/sat/instances/sc2012-hard-combinatorial/Hard Combinatorial SAT+UNSAT/SATCompetition2011/crafted/SAT11/crafted/skvortsov/battleship/battleship-11-21-sat.cnf,5000.0,gnoveltyp2,1200.0,152.93,474.91,0.32,1200.0,4.93,1200.0,15.95,0.0,21.91,12.7,2.8,91.69,220.76,76.31,232.43,11.89,4.93,28.32,427.89,0.2,19.73,0.02,0.0,0.03,0.1,1200.0,0.0,1.58,75.45,1200.0,timeout,ok,ok,ok,timeout,ok,timeout,ok,ok,ok,ok,ok,ok,ok,ok,ok,ok,ok,ok,ok,ok,ok,ok,ok,ok,ok,timeout,ok,ok,ok,timeout,/Users/herreran/Documents/Universidad/practica-invg/data/sat/datasets/sat_cnn_data_images/images/battleship-11-21-sat__76514123bcd1.npy
SAT_Competition2011/SAT11/crafted/skvortsov/battleship/battleship-12-12-unsat.cnf,battleship-12-12-unsat,/Users/herreran/Documents/Universidad/practica-invg/data/sat/instances/sc2012-hard-combinatorial/Hard Combinatorial SAT+UNSAT/SATCompetition2011/crafted/SAT11/crafted/skvortsov/battleship/battleship-12-12-unsat.cnf,5000.0,marchrw,85.74,66.2,484.38,1200.0,214.07,407.93,164.52,329.1,1200.0,410.36,447.44,15.7,157.24,695.97,212.16,722.2,1200.0,394.56,69.05,333.75,527.91,842.77,335.28,1200.0,1200.0,1200.0,42.38,1200.0,106.13,1200.0,1200.0,ok,ok,ok,timeout,ok,ok,ok,ok,timeout,ok,ok,ok,ok,ok,ok,ok,timeout,ok,ok,ok,ok,ok,ok,timeout,timeout,timeout,ok,timeout,ok,timeout,timeout,/Users/herreran/Documents/Universidad/practica-invg/data/sat/datasets/sat_cnn_data_images/images/battleship-12-12-unsat__377a2402a7a0.npy
SAT_Competition2011/SAT11/crafted/skvortsov/battleship/battleship-12-23-sat.cnf,battleship-12-23-sat,/Users/herreran/Documents/Universidad/practica-invg/data/sat/instances/sc2012-hard-combinatorial/Hard Combinatorial SAT+UNSAT/SATCompetition2011/crafted/SAT11/crafted/skvortsov/battleship/battleship-12-23-sat.cnf,5000.0,ebminisat,361.19,156.6,957.08,0.04,0.15,0.0,159.53,0.0,0.0,0.03,0.0,0.09,0.06,0.02,0.01,0.02,0.01,0.03,0.0,866.94,0.09,0.05,0.0,0.0,0.0,0.0,1200.0,0.0,0.02,0.0,0.0,ok,ok,ok,ok,ok,ok,ok,ok,ok,ok,ok,ok,ok,ok,ok,ok,ok,ok,ok,ok,ok,ok,ok,ok,ok,ok,timeout,ok,ok,ok,ok,/Users/herreran/Documents/Universidad/practica-invg/data/sat/datasets/sat_cnn_data_images/images/battleship-12-23-sat__b6f108b0e093.npy
SAT_Competition2011/SAT11/crafted/skvortsov/battleship/battleship-13-13-unsat.cnf,battleship-13-13-unsat,/Users/herreran/Documents/Universidad/practica-invg/data/sat/instances/sc2012-hard-combinatorial/Hard Combinatorial SAT+UNSAT/SATCompetition2011/crafted/SAT11/crafted/skvortsov/battleship/battleship-13-13-unsat.cnf,5000.0,marchrw,1200.0,1200.0,1200.0,1200.0,1200.0,1200.0,1200.0,1200.0,1200.0,1200.0,1200.0,395.19,1200.0,1200.0,1200.0,1200.0,1200.0,1200.0,1200.0,1200.0,1200.0,1200.0,1200.0,1200.0,1200.0,1200.0,1200.0,1200.0,1200.0,1200.0,1200.0,timeout,timeout,timeout,timeout,timeout,timeout,timeout,timeout,timeout,timeout,timeout,ok,timeout,timeout,timeout,timeout,timeout,timeout,timeout,timeout,timeout,timeout,timeout,timeout,timeout,timeout,timeout,timeout,timeout,timeout,timeout,/Users/herreran/Documents/Universidad/practica-invg/data/sat/datasets/sat_cnn_data_images/images/battleship-13-13-unsat__afa3a4fff044.npy
SAT_Competition2011/SAT11/crafted/skvortsov/battleship/battleship-14-14-unsat.cnf,battleship-14-14-unsat,,5000.0,clasp1,1200.0,1200.0,1200.0,1200.0,1200.0,1200.0,1200.0,1200.0,1200.0,1200.0,1200.0,1200.0,1200.0,1200.0,1200.0,1200.0,1200.0,1200.0,1200.0,1200.0,1200.0,1200.0,1200.0,1200.0,1200.0,1200.0,1200.0,1200.0,1200.0,1200.0,1200.0,timeout,timeout,timeout,timeout,timeout,timeout,timeout,timeout,timeout,timeout,timeout,timeout,timeout,timeout,timeout,timeout,timeout,timeout,timeout,timeout,timeout,timeout,timeout,timeout,timeout,timeout,timeout,timeout,timeout,timeout,timeout,
SAT_Competition2011/SAT11/crafted/skvortsov/battleship/battleship-14-26-sat.cnf,battleship-14-26-sat,/Users/herreran/Documents/Universidad/practica-invg/data/sat/instances/sc2012-hard-combinatorial/Hard Combinatorial SAT+UNSAT/SATCompetition2011/crafted/SAT11/crafted/skvortsov/battleship/battleship-14-26-sat.cnf,5000.0,gnoveltyp2,1200.0,1200.0,1200.0,1200.0,33.62,313.12,1.51,1200.0,0.0,115.23,1200.0,1200.0,1200.0,1200.0,1200.0,1200.0,332.43,578.01,1072.91,1200.0,231.39,1200.0,585.79,0.02,0.07,0.02,1200.0,0.01,144.76,8.52,0.01,timeout,timeout,timeout,timeout,ok,ok,ok,timeout,ok,ok,timeout,timeout,timeout,timeout,timeout,timeout,ok,ok,ok,timeout,ok,timeout,ok,ok,ok,ok,timeout,ok,ok,ok,ok,/Users/herreran/Documents/Universidad/practica-invg/data/sat/datasets/sat_cnn_data_images/images/battleship-14-26-sat__62a10f6b7037.npy
SAT_Competition2011/SAT11/crafted/skvortsov/battleship/battleship-14-27-sat.cnf,battleship-14-27-sat,/Users/herreran/Documents/Universidad/practica-invg/data/sat/instances/sc2012-hard-combinatorial/Hard Combinatorial SAT+UNSAT/SATCompetition2011/crafted/SAT11/crafted/skvortsov/battleship/battleship-14-27-sat.cnf,5000.0,gnoveltyp2,1200.0,1200.0,1200.0,842.71,0.85,6.92,0.08,151.01,0.01,8.96,125.23,147.72,207.37,1200.0,1200.0,1200.0,30.86,12.66,5.12,1200.0,47.28,81.37,1.89,0.01,0.01,0.01,48.58,0.01,0.54,1200.0,0.01,timeout,timeout,timeout,ok,ok,ok,ok,ok,ok,ok,ok,ok,ok,timeout,timeout,timeout,ok,ok,ok,timeout,ok,ok,ok,ok,ok,ok,ok,ok,ok,timeout,ok,/Users/herreran/Documents/Universidad/practica-invg/data/sat/datasets/sat_cnn_data_images/images/battleship-14-27-sat__6387dc6fe759.npy
SAT_Competition2011/SAT11/crafted/skvortsov/battleship/battleship-15-15-unsat.cnf,battleship-15-15-unsat,,5000.0,clasp1,1200.0,1200.0,1200.0,1200.0,1200.0,1200.0,1200.0,1200.0,1200.0,1200.0,1200.0,1200.0,1200.0,1200.0,1200.0,1200.0,1200.0,1200.0,1200.0,1200.0,1200.0,1200.0,1200.0,1200.0,1200.0,1200.0,1200.0,1200.0,1200.0,1200.0,1200.0,timeout,timeout,timeout,timeout,timeout,timeout,timeout,timeout,timeout,timeout,timeout,timeout,timeout,timeout,timeout,timeout,timeout,timeout,timeout,timeout,timeout,timeout,timeout,timeout,timeout,timeout,timeout,timeout,timeout,timeout,timeout,
SAT_Competition2011/SAT11/crafted/skvortsov/battleship/battleship-15-29-sat.cnf,battleship-15-29-sat,/Users/herreran/Documents/Universidad/practica-invg/data/sat/instances/sc2012-hard-combinatorial/Hard Combinatorial SAT+UNSAT/SATCompetition2011/crafted/SAT11/crafted/skvortsov/battleship/battleship-15-29-sat.cnf,5000.0,gnoveltyp2,1200.0,1200.0,1200.0,1200.0,189.46,196.73,72.91,1200.0,0.01,119.31,1200.0,1200.0,40.81,1200.0,1200.0,1200.0,1200.0,1200.0,1200.0,1200.0,1200.0,1200.0,56.64,0.02,0.02,0.02,1200.0,0.02,1200.0,1200.0,0.02,timeout,timeout,timeout,timeout,ok,ok,ok,timeout,ok,ok,timeout,timeout,ok,timeout,timeout,timeout,timeout,timeout,timeout,timeout,timeout,timeout,ok,ok,ok,ok,timeout,ok,timeout,timeout,ok,/Users/herreran/Documents/Universidad/practica-invg/data/sat/datasets/sat_cnn_data_images/images/battleship-15-29-sat__9ed6fdd6f7f3.npy
SAT_Competition2011/SAT11/crafted/skvortsov/battleship/battleship-16-16-unsat.cnf,battleship-16-16-unsat,,5000.0,clasp1,1200.0,1200.0,1200.0,1200.0,1200.0,1200.0,1200.0,1200.0,1200.0,1200.0,1200.0,1200.0,1200.0,1200.0,1200.0,1200.0,1200.0,1200.0,1200.0,1200.0,1200.0,1200.0,1200.0,1200.0,1200.0,1200.0,1200.0,1200.0,1200.0,1200.0,1200.0,timeout,timeout,timeout,timeout,timeout,timeout,timeout,timeout,timeout,timeout,timeout,timeout,timeout,timeout,timeout,timeout,timeout,timeout,timeout,timeout,timeout,timeout,timeout,timeout,timeout,timeout,timeout,timeout,timeout,timeout,timeout,
SAT_Competition2011/SAT11/crafted/skvortsov/battleship/battleship-16-31-sat.cnf,battleship-16-31-sat,/Users/herreran/Documents/Universidad/practica-invg/data/sat/instances/sc2012-hard-combinatorial/Hard Combinatorial SAT+UNSAT/SATCompetition2011/crafted/SAT11/crafted/skvortsov/battleship/battleship-16-31-sat.cnf,5000.0,gnoveltyp2,1200.0,1200.0,1200.0,1200.0,41.74,302.77,1200.0,636.82,0.01,396.72,1200.0,160.78,1200.0,1200.0,1200.0,1200.0,1200.0,680.33,29.57,1200.0,316.51,1200.0,31.99,1200.0,0.04,0.02,1200.0,0.03,348.89,1200.0,0.03,timeout,timeout,timeout,timeout,ok,ok,timeout,ok,ok,ok,timeout,ok,timeout,timeout,timeout,timeout,timeout,ok,ok,timeout,ok,timeout,ok,timeout,ok,ok,timeout,ok,ok,timeout,ok,/Users/herreran/Documents/Universidad/practica-invg/data/sat/datasets/sat_cnn_data_images/images/battleship-16-31-sat__b0d84f9dd72b.npy
SAT_Competition2011/SAT11/crafted/skvortsov/battleship/battleship-17-33-sat.cnf,battleship-17-33-sat,/Users/herreran/Documents/Universidad/practica-invg/data/sat/instances/sc2012-hard-combinatorial/Hard Combinatorial SAT+UNSAT/SATCompetition2011/crafted/SAT11/crafted/skvortsov/battleship/battleship-17-33-sat.cnf,5000.0,gnoveltyp2,1200.0,1200.0,1200.0,1200.0,1200.0,1200.0,1200.0,1200.0,0.01,1200.0,1200.0,8.74,1200.0,0.04,1200.0,0.04,1200.0,1200.0,0.01,1200.0,1200.0,1200.0,375.23,0.03,0.06,0.04,1200.0,0.07,1200.0,1200.0,1200.0,timeout,timeout,timeout,timeout,timeout,timeout,timeout,timeout,ok,timeout,timeout,ok,timeout,ok,timeout,ok,timeout,timeout,ok,timeout,timeout,timeout,ok,ok,ok,ok,timeout,ok,timeout,timeout,timeout,/Users/herreran/Documents/Universidad/practica-invg/data/sat/datasets/sat_cnn_data_images/images/battleship-17-33-sat__d04675ffd36e.npy
SAT_Competition2011/SAT11/crafted/skvortsov/battleship/battleship-24-57-sat.cnf,battleship-24-57-sat,/Users/herreran/Documents/Universidad/practica-invg/data/sat/instances/sc2012-hard-combinatorial/Hard Combinatorial SAT+UNSAT/SATCompetition2011/crafted/SAT11/crafted/skvortsov/battleship/battleship-24-57-sat.cnf,5000.0,spear-hw,1200.0,1200.0,1200.0,1200.0,57.29,0.22,0.15,1.53,0.09,92.06,241.52,1200.0,0.26,1200.0,1200.0,1200.0,8.71,41.5,4.95,1200.0,34.5,188.5,0.15,0.23,0.24,0.25,506.71,0.4,0.06,14.16,0.27,timeout,timeout,timeout,timeout,ok,ok,ok,ok,ok,ok,ok,timeout,ok,timeout,timeout,timeout,ok,ok,ok,timeout,ok,ok,ok,ok,ok,ok,ok,ok,ok,ok,ok,/Users/herreran/Documents/Universidad/practica-invg/data/sat/datasets/sat_cnn_data_images/images/battleship-24-57-sat__24daac2cab5a.npy
SAT_Competition2011/SAT11/crafted/skvortsov/battleship/battleship-5-8-unsat.cnf,battleship-5-8-unsat,/Users/herreran/Documents/Universidad/practica-invg/data/sat/instances/sc2012-hard-combinatorial/Hard Combinatorial SAT+UNSAT/SATCompetition2011/crafted/SAT11/crafted/skvortsov/battleship/battleship-5-8-unsat.cnf,5000.0,marchrw,0.03,0.03,0.04,1200.0,0.1,0.03,0.08,0.06,1200.0,0.06,0.08,0.01,0.08,0.07,0.06,0.08,0.03,0.01,0.03,0.08,0.07,0.04,0.04,1200.0,1200.0,1200.0,0.06,1200.0,0.05,0.09,1200.0,ok,ok,ok,timeout,ok,ok,ok,ok,timeout,ok,ok,ok,ok,ok,ok,ok,ok,ok,ok,ok,ok,ok,ok,timeout,timeout,timeout,ok,timeout,ok,ok,timeout,/Users/herreran/Documents/Universidad/practica-invg/data/sat/datasets/sat_cnn_data_images/images/battleship-5-8-unsat__11c9289c9c1a.npy
SAT_Competition2011/SAT11/crafted/skvortsov/battleship/battleship-6-9-unsat.cnf,battleship-6-9-unsat,/Users/herreran/Documents/Universidad/practica-invg/data/sat/instances/sc2012-hard-combinatorial/Hard Combinatorial SAT+UNSAT/SATCompetition2011/crafted/SAT11/crafted/skvortsov/battleship/battleship-6-9-unsat.cnf,5000.0,marchrw,0.21,0.22,0.53,1200.0,0.55,0.19,0.42,0.38,1200.0,0.47,0.58,0.05,0.55,0.41,0.57,0.41,0.19,0.1,0.27,0.51,0.75,0.16,0.61,1200.0,1200.0,1200.0,0.11,1200.0,0.26,1.47,1200.0,ok,ok,ok,timeout,ok,ok,ok,ok,timeout,ok,ok,ok,ok,ok,ok,ok,ok,ok,ok,ok,ok,ok,ok,timeout,timeout,timeout,ok,timeout,ok,ok,timeout,/Users/herreran/Documents/Universidad/practica-invg/data/sat/datasets/sat_cnn_data_images/images/battleship-6-9-unsat__4113b9a7743d.npy
SAT_Competition2011/SAT11/crafted/skvortsov/battleship/battleship-7-12-unsat.cnf,battleship-7-12-unsat,/Users/herreran/Documents/Universidad/practica-invg/data/sat/instances/sc2012-hard-combinatorial/Hard Combinatorial SAT+UNSAT/SATCompetition2011/crafted/SAT11/crafted/skvortsov/battleship/battleship-7-12-unsat.cnf,5000.0,marchrw,100.06,106.78,1200.0,1200.0,1200.0,533.85,1200.0,1200.0,1200.0,1200.0,779.35,12.1,1200.0,334.12,249.01,333.16,148.31,40.85,1200.0,1200.0,1200.0,684.57,451.02,1200.0,1200.0,1200.0,41.62,1200.0,129.04,1200.0,1200.0,ok,ok,timeout,timeout,timeout,ok,timeout,timeout,timeout,timeout,ok,ok,timeout,ok,ok,ok,ok,ok,timeout,timeout,timeout,ok,ok,timeout,timeout,timeout,ok,timeout,ok,timeout,timeout,/Users/herreran/Documents/Universidad/practica-invg/data/sat/datasets/sat_cnn_data_images/images/battleship-7-12-unsat__705744f42ba9.npy
SAT_Competition2011/SAT11/crafted/skvortsov/battleship/battleship-7-13-sat.cnf,battleship-7-13-sat,,5000.0,clasp2,0.11,0.0,0.0,0.0,100.49,0.0,51.46,0.03,0.0,0.0,0.0,0.01,0.05,0.0,0.0,0.0,0.0,0.0,0.0,0.04,0.05,0.0,0.0,0.0,0.0,0.0,1.03,0.0,0.0,0.0,0.0,ok,ok,ok,ok,ok,ok,ok,ok,ok,ok,ok,ok,ok,ok,ok,ok,ok,ok,ok,ok,ok,ok,ok,ok,ok,ok,ok,ok,ok,ok,ok,
SAT_Competition2011/SAT11/crafted/skvortsov/battleship/battleship-8-15-sat.cnf,battleship-8-15-sat,,5000.0,eagleup,7.1,0.03,0.01,0.0,851.61,0.0,155.25,0.02,0.0,0.0,0.0,0.02,0.04,0.0,0.0,0.0,0.0,0.0,0.0,0.05,0.05,0.0,0.0,0.0,0.0,0.0,0.16,0.0,0.0,0.0,0.0,ok,ok,ok,ok,ok,ok,ok,ok,ok,ok,ok,ok,ok,ok,ok,ok,ok,ok,ok,ok,ok,ok,ok,ok,ok,ok,ok,ok,ok,ok,ok,
SAT_Competition2011/SAT11/crafted/skvortsov/battleship/battleship-9-17-sat.cnf,battleship-9-17-sat,,5000.0,clasp2,1.09,0.0,385.71,0.01,579.57,0.0,1200.0,0.16,0.0,0.0,0.0,0.06,0.05,0.08,1.62,0.08,0.02,0.17,0.01,449.4,0.54,0.02,0.02,0.0,0.0,0.0,9.13,0.0,0.05,0.03,0.0,ok,ok,ok,ok,ok,ok,timeout,ok,ok,ok,ok,ok,ok,ok,ok,ok,ok,ok,ok,ok,ok,ok,ok,ok,ok,ok,ok,ok,ok,ok,ok,
SAT_Competition2011/SAT11/crafted/spence/sgen/sgen3-n120-s12930489-sat.cnf,sgen3-n120-s12930489-sat,/Users/herreran/Documents/Universidad/practica-invg/data/sat/instances/sc2012-hard-combinatorial/Hard Combinatorial SAT+UNSAT/SATCompetition2011/crafted/SAT11/crafted/spence/sgen/sgen3-n120-s12930489-sat.cnf,5000.0,mphaseSAT64,12.23,9.34,14.38,171.59,24.96,2.14,4.76,25.84,0.02,1.86,1.56,0.63,15.11,0.79,0.01,0.8,1.82,1.43,27.24,39.51,28.95,1.78,0.94,0.46,0.04,0.09,387.55,0.27,2.61,106.48,0.2,ok,ok,ok,ok,ok,ok,ok,ok,ok,ok,ok,ok,ok,ok,ok,ok,ok,ok,ok,ok,ok,ok,ok,ok,ok,ok,ok,ok,ok,ok,ok,/Users/herreran/Documents/Universidad/practica-invg/data/sat/datasets/sat_cnn_data_images/images/sgen3-n120-s12930489-sat__820512bffd4a.npy
SAT_Competition2011/SAT11/crafted/spence/sgen/sgen3-n120-s55656844-unsat.cnf,sgen3-n120-s55656844-unsat,,5000.0,clasp1,1200.0,1200.0,1200.0,1200.0,1200.0,1200.0,1200.0,1200.0,1200.0,1200.0,1200.0,1200.0,1200.0,1200.0,1200.0,1200.0,1200.0,1200.0,1200.0,1200.0,1200.0,1200.0,1200.0,1200.0,1200.0,1200.0,1200.0,1200.0,1200.0,1200.0,1200.0,timeout,timeout,timeout,timeout,timeout,timeout,timeout,timeout,timeout,timeout,timeout,timeout,timeout,timeout,timeout,timeout,timeout,timeout,timeout,timeout,timeout,timeout,timeout,timeout,timeout,timeout,timeout,timeout,timeout,timeout,timeout,
SAT_Competition2011/SAT11/crafted/spence/sgen/sgen3-n130-s30940966-unsat.cnf,sgen3-n130-s30940966-unsat,,5000.0,clasp1,1200.0,1200.0,1200.0,1200.0,1200.0,1200.0,1200.0,1200.0,1200.0,1200.0,1200.0,1200.0,1200.0,1200.0,1200.0,1200.0,1200.0,1200.0,1200.0,1200.0,1200.0,1200.0,1200.0,1200.0,1200.0,1200.0,1200.0,1200.0,1200.0,1200.0,1200.0,timeout,timeout,timeout,timeout,timeout,timeout,timeout,timeout,timeout,timeout,timeout,timeout,timeout,timeout,timeout,timeout,timeout,timeout,timeout,timeout,timeout,timeout,timeout,timeout,timeout,timeout,timeout,timeout,timeout,timeout,timeout,
SAT_Competition2011/SAT11/crafted/spence/sgen/sgen3-n140-s18527668-sat.cnf,sgen3-n140-s18527668-sat,/Users/herreran/Documents/Universidad/practica-invg/data/sat/instances/sc2012-hard-combinatorial/Hard Combinatorial SAT+UNSAT/SATCompetition2011/crafted/SAT11/crafted/spence/sgen/sgen3-n140-s18527668-sat.cnf,5000.0,sattime,108.69,99.13,49.15,1200.0,1200.0,4.96,446.46,821.52,0.35,725.46,113.31,1.25,1200.0,0.86,0.91,0.85,13.24,7.43,1200.0,428.1,340.58,18.93,16.89,0.15,0.02,0.04,681.29,0.67,8.95,1200.0,1.14,ok,ok,ok,timeout,timeout,ok,ok,ok,ok,ok,ok,ok,timeout,ok,ok,ok,ok,ok,timeout,ok,ok,ok,ok,ok,ok,ok,ok,ok,ok,timeout,ok,/Users/herreran/Documents/Universidad/practica-invg/data/sat/datasets/sat_cnn_data_images/images/sgen3-n140-s18527668-sat__679b5a4a7918.npy
SAT_Competition2011/SAT11/crafted/spence/sgen/sgen3-n140-s20078956-unsat.cnf,sgen3-n140-s20078956-unsat,,5000.0,clasp1,1200.0,1200.0,1200.0,1200.0,1200.0,1200.0,1200.0,1200.0,1200.0,1200.0,1200.0,1200.0,1200.0,1200.0,1200.0,1200.0,1200.0,1200.0,1200.0,1200.0,1200.0,1200.0,1200.0,1200.0,1200.0,1200.0,1200.0,1200.0,1200.0,1200.0,1200.0,timeout,timeout,timeout,timeout,timeout,timeout,timeout,timeout,timeout,timeout,timeout,timeout,timeout,timeout,timeout,timeout,timeout,timeout,timeout,timeout,timeout,timeout,timeout,timeout,timeout,timeout,timeout,timeout,timeout,timeout,timeout,
SAT_Competition2011/SAT11/crafted/spence/sgen/sgen3-n150-s89334302-unsat.cnf,sgen3-n150-s89334302-unsat,,5000.0,clasp1,1200.0,1200.0,1200.0,1200.0,1200.0,1200.0,1200.0,1200.0,1200.0,1200.0,1200.0,1200.0,1200.0,1200.0,1200.0,1200.0,1200.0,1200.0,1200.0,1200.0,1200.0,1200.0,1200.0,1200.0,1200.0,1200.0,1200.0,1200.0,1200.0,1200.0,1200.0,timeout,timeout,timeout,timeout,timeout,timeout,timeout,timeout,timeout,timeout,timeout,timeout,timeout,timeout,timeout,timeout,timeout,timeout,timeout,timeout,timeout,timeout,timeout,timeout,timeout,timeout,timeout,timeout,timeout,timeout,timeout,
SAT_Competition2011/SAT11/crafted/spence/sgen/sgen3-n160-s40283905-sat.cnf,sgen3-n160-s40283905-sat,/Users/herreran/Documents/Universidad/practica-invg/data/sat/instances/sc2012-hard-combinatorial/Hard Combinatorial SAT+UNSAT/SATCompetition2011/crafted/SAT11/crafted/spence/sgen/sgen3-n160-s40283905-sat.cnf,5000.0,sattimep,223.34,487.88,1200.0,1200.0,341.73,7.62,1200.0,1127.93,0.89,1200.0,36.38,13.03,1200.0,1.23,1.14,1.23,146.37,1.8,112.35,1200.0,1192.05,14.96,185.15,1.83,1.35,0.32,1200.0,5.5,186.45,1200.0,2.14,ok,ok,timeout,timeout,ok,ok,timeout,ok,ok,timeout,ok,ok,timeout,ok,ok,ok,ok,ok,ok,timeout,ok,ok,ok,ok,ok,ok,timeout,ok,ok,timeout,ok,/Users/herreran/Documents/Universidad/practica-invg/data/sat/datasets/sat_cnn_data_images/images/sgen3-n160-s40283905-sat__d4e4ddbb44d2.npy
SAT_Competition2011/SAT11/crafted/spence/sgen/sgen3-n160-s73223945-unsat.cnf,sgen3-n160-s73223945-unsat,,5000.0,clasp1,1200.0,1200.0,1200.0,1200.0,1200.0,1200.0,1200.0,1200.0,1200.0,1200.0,1200.0,1200.0,1200.0,1200.0,1200.0,1200.0,1200.0,1200.0,1200.0,1200.0,1200.0,1200.0,1200.0,1200.0,1200.0,1200.0,1200.0,1200.0,1200.0,1200.0,1200.0,timeout,timeout,timeout,timeout,timeout,timeout,timeout,timeout,timeout,timeout,timeout,timeout,timeout,timeout,timeout,timeout,timeout,timeout,timeout,timeout,timeout,timeout,timeout,timeout,timeout,timeout,timeout,timeout,timeout,timeout,timeout,
SAT_Competition2011/SAT11/crafted/spence/sgen/sgen3-n170-s56409011-unsat.cnf,sgen3-n170-s56409011-unsat,,5000.0,clasp1,1200.0,1200.0,1200.0,1200.0,1200.0,1200.0,1200.0,1200.0,1200.0,1200.0,1200.0,1200.0,1200.0,1200.0,1200.0,1200.0,1200.0,1200.0,1200.0,1200.0,1200.0,1200.0,1200.0,1200.0,1200.0,1200.0,1200.0,1200.0,1200.0,1200.0,1200.0,timeout,timeout,timeout,timeout,timeout,timeout,timeout,timeout,timeout,timeout,timeout,timeout,timeout,timeout,timeout,timeout,timeout,timeout,timeout,timeout,timeout,timeout,timeout,timeout,timeout,timeout,timeout,timeout,timeout,timeout,timeout,
SAT_Competition2011/SAT11/crafted/spence/sgen/sgen3-n180-s33098896-unsat.cnf,sgen3-n180-s33098896-unsat,,5000.0,clasp1,1200.0,1200.0,1200.0,1200.0,1200.0,1200.0,1200.0,1200.0,1200.0,1200.0,1200.0,1200.0,1200.0,1200.0,1200.0,1200.0,1200.0,1200.0,1200.0,1200.0,1200.0,1200.0,1200.0,1200.0,1200.0,1200.0,1200.0,1200.0,1200.0,1200.0,1200.0,timeout,timeout,timeout,timeout,timeout,timeout,timeout,timeout,timeout,timeout,timeout,timeout,timeout,timeout,timeout,timeout,timeout,timeout,timeout,timeout,timeout,timeout,timeout,timeout,timeout,timeout,timeout,timeout,timeout,timeout,timeout,
SAT_Competition2011/SAT11/crafted/spence/sgen/sgen3-n180-s34713902-sat.cnf,sgen3-n180-s34713902-sat,/Users/herreran/Documents/Universidad/practica-invg/data/sat/instances/sc2012-hard-combinatorial/Hard Combinatorial SAT+UNSAT/SATCompetition2011/crafted/SAT11/crafted/spence/sgen/sgen3-n180-s34713902-sat.cnf,5000.0,gnoveltyp2,965.1,1200.0,1200.0,1200.0,1200.0,232.38,1200.0,1200.0,0.36,1200.0,169.53,0.73,1200.0,2.62,2.22,2.73,1004.04,647.7,1200.0,1200.0,21.71,516.16,9.7,1.3,1.75,0.67,1200.0,4.6,1200.0,1200.0,7.81,ok,timeout,timeout,timeout,timeout,ok,timeout,timeout,ok,timeout,ok,ok,timeout,ok,ok,ok,ok,ok,timeout,timeout,ok,ok,ok,ok,ok,ok,timeout,ok,timeout,timeout,ok,/Users/herreran/Documents/Universidad/practica-invg/data/sat/datasets/sat_cnn_data_images/images/sgen3-n180-s34713902-sat__a0a81ad435bd.npy
SAT_Competition2011/SAT11/crafted/spence/sgen/sgen3-n190-s29985700-unsat.cnf,sgen3-n190-s29985700-unsat,,5000.0,clasp1,1200.0,1200.0,1200.0,1200.0,1200.0,1200.0,1200.0,1200.0,1200.0,1200.0,1200.0,1200.0,1200.0,1200.0,1200.0,1200.0,1200.0,1200.0,1200.0,1200.0,1200.0,1200.0,1200.0,1200.0,1200.0,1200.0,1200.0,1200.0,1200.0,1200.0,1200.0,timeout,timeout,timeout,timeout,timeout,timeout,timeout,timeout,timeout,timeout,timeout,timeout,timeout,timeout,timeout,timeout,timeout,timeout,timeout,timeout,timeout,timeout,timeout,timeout,timeout,timeout,timeout,timeout,timeout,timeout,timeout,
SAT_Competition2011/SAT11/crafted/spence/sgen/sgen3-n200-s00813792-unsat.cnf,sgen3-n200-s00813792-unsat,,5000.0,clasp1,1200.0,1200.0,1200.0,1200.0,1200.0,1200.0,1200.0,1200.0,1200.0,1200.0,1200.0,1200.0,1200.0,1200.0,1200.0,1200.0,1200.0,1200.0,1200.0,1200.0,1200.0,1200.0,1200.0,1200.0,1200.0,1200.0,1200.0,1200.0,1200.0,1200.0,1200.0,timeout,timeout,timeout,timeout,timeout,timeout,timeout,timeout,timeout,timeout,timeout,timeout,timeout,timeout,timeout,timeout,timeout,timeout,timeout,timeout,timeout,timeout,timeout,timeout,timeout,timeout,timeout,timeout,timeout,timeout,timeout,
SAT_Competition2011/SAT11/crafted/spence/sgen/sgen3-n200-s39840374-sat.cnf,sgen3-n200-s39840374-sat,/Users/herreran/Documents/Universidad/practica-invg/data/sat/instances/sc2012-hard-combinatorial/Hard Combinatorial SAT+UNSAT/SATCompetition2011/crafted/SAT11/crafted/spence/sgen/sgen3-n200-s39840374-sat.cnf,5000.0,ebminisat,1200.0,1200.0,1200.0,1200.0,1200.0,0.01,1200.0,1200.0,1.56,1200.0,1200.0,349.76,1200.0,2.51,2.12,2.52,190.5,962.09,1200.0,1200.0,1200.0,322.54,1200.0,1.28,6.97,0.97,1200.0,11.33,1200.0,1200.0,28.2,timeout,timeout,timeout,timeout,timeout,ok,timeout,timeout,ok,timeout,timeout,ok,timeout,ok,ok,ok,ok,ok,timeout,timeout,timeout,ok,timeout,ok,ok,ok,timeout,ok,timeout,timeout,ok,/Users/herreran/Documents/Universidad/practica-invg/data/sat/datasets/sat_cnn_data_images/images/sgen3-n200-s39840374-sat__419bd1f6a47f.npy
SAT_Competition2011/SAT11/crafted/spence/sgen/sgen3-n220-s24359701-sat.cnf,sgen3-n220-s24359701-sat,/Users/herreran/Documents/Universidad/practica-invg/data/sat/instances/sc2012-hard-combinatorial/Hard Combinatorial SAT+UNSAT/SATCompetition2011/crafted/SAT11/crafted/spence/sgen/sgen3-n220-s24359701-sat.cnf,5000.0,gnoveltyp2,1200.0,1200.0,1200.0,1200.0,1200.0,1200.0,1200.0,1200.0,0.14,1200.0,1200.0,1200.0,1200.0,27.99,27.96,189.27,1200.0,1200.0,1200.0,1200.0,1200.0,1200.0,1200.0,35.02,50.2,4.82,1200.0,4.2,1200.0,1200.0,213.64,timeout,timeout,timeout,timeout,timeout,timeout,timeout,timeout,ok,timeout,timeout,timeout,timeout,ok,ok,ok,timeout,timeout,timeout,timeout,timeout,timeout,timeout,ok,ok,ok,timeout,ok,timeout,timeout,ok,/Users/herreran/Documents/Universidad/practica-invg/data/sat/datasets/sat_cnn_data_images/images/sgen3-n220-s24359701-sat__d3f269e9cb4f.npy
SAT_Competition2011/SAT11/crafted/spence/sgen/sgen3-n240-s78945233-sat.cnf,sgen3-n240-s78945233-sat,/Users/herreran/Documents/Universidad/practica-invg/data/sat/instances/sc2012-hard-combinatorial/Hard Combinatorial SAT+UNSAT/SATCompetition2011/crafted/SAT11/crafted/spence/sgen/sgen3-n240-s78945233-sat.cnf,5000.0,satime11,1200.0,1200.0,1200.0,1200.0,1200.0,1200.0,1200.0,1200.0,90.71,1200.0,1200.0,1200.0,1200.0,65.91,59.33,199.26,1200.0,1200.0,1200.0,1200.0,1200.0,1200.0,1200.0,10.18,22.65,69.7,1200.0,14.27,1200.0,1200.0,94.81,timeout,timeout,timeout,timeout,timeout,timeout,timeout,timeout,ok,timeout,timeout,timeout,timeout,ok,ok,ok,timeout,timeout,timeout,timeout,timeout,timeout,timeout,ok,ok,ok,timeout,ok,timeout,timeout,ok,/Users/herreran/Documents/Universidad/practica-invg/data/sat/datasets/sat_cnn_data_images/images/sgen3-n240-s78945233-sat__b4dda37054a3.npy
SAT_Competition2011/SAT11/crafted/spence/sgen/sgen3-n260-s62321009-sat.cnf,sgen3-n260-s62321009-sat,/Users/herreran/Documents/Universidad/practica-invg/data/sat/instances/sc2012-hard-combinatorial/Hard Combinatorial SAT+UNSAT/SATCompetition2011/crafted/SAT11/crafted/spence/sgen/sgen3-n260-s62321009-sat.cnf,5000.0,gnoveltyp2,1200.0,1200.0,1200.0,1200.0,1200.0,1200.0,1200.0,1200.0,1.26,1200.0,1200.0,1200.0,1200.0,237.23,205.31,1200.0,1200.0,1200.0,1200.0,1200.0,1200.0,1200.0,1200.0,72.9,526.94,11.93,1200.0,203.74,1200.0,1200.0,240.06,timeout,timeout,timeout,timeout,timeout,timeout,timeout,timeout,ok,timeout,timeout,timeout,timeout,ok,ok,timeout,timeout,timeout,timeout,timeout,timeout,timeout,timeout,ok,ok,ok,timeout,ok,timeout,timeout,ok,/Users/herreran/Documents/Universidad/practica-invg/data/sat/datasets/sat_cnn_data_images/images/sgen3-n260-s62321009-sat__0584025da1aa.npy
SAT_Competition2011/SAT11/crafted/spence/sgen/sgen3-n280-s93756482-sat.cnf,sgen3-n280-s93756482-sat,/Users/herreran/Documents/Universidad/practica-invg/data/sat/instances/sc2012-hard-combinatorial/Hard Combinatorial SAT+UNSAT/SATCompetition2011/crafted/SAT11/crafted/spence/sgen/sgen3-n280-s93756482-sat.cnf,5000.0,tnm,1200.0,1200.0,1200.0,1200.0,1200.0,1200.0,1200.0,1200.0,113.71,1200.0,1200.0,1200.0,1200.0,387.49,330.08,1200.0,1200.0,1200.0,1200.0,1200.0,1200.0,1200.0,1200.0,1200.0,1011.89,32.29,1200.0,1023.84,1200.0,1200.0,16.93,timeout,timeout,timeout,timeout,timeout,timeout,timeout,timeout,ok,timeout,timeout,timeout,timeout,ok,ok,timeout,timeout,timeout,timeout,timeout,timeout,timeout,timeout,timeout,ok,ok,timeout,ok,timeout,timeout,ok,/Users/herreran/Documents/Universidad/practica-invg/data/sat/datasets/sat_cnn_data_images/images/sgen3-n280-s93756482-sat__db79f97d16ee.npy
SAT_Competition2011/SAT11/crafted/spence/sgen/sgen3-n300-s12830984-sat.cnf,sgen3-n300-s12830984-sat,/Users/herreran/Documents/Universidad/practica-invg/data/sat/instances/sc2012-hard-combinatorial/Hard Combinatorial SAT+UNSAT/SATCompetition2011/crafted/SAT11/crafted/spence/sgen/sgen3-n300-s12830984-sat.cnf,5000.0,sattime,1200.0,1200.0,1200.0,1200.0,1200.0,1200.0,1200.0,1200.0,85.7,1200.0,1200.0,1200.0,1200.0,1200.0,1200.0,1200.0,1200.0,1200.0,1200.0,1200.0,1200.0,1200.0,1200.0,558.29,69.86,205.39,1200.0,1200.0,1200.0,1200.0,1200.0,timeout,timeout,timeout,timeout,timeout,timeout,timeout,timeout,ok,timeout,timeout,timeout,timeout,timeout,timeout,timeout,timeout,timeout,timeout,timeout,timeout,timeout,timeout,ok,ok,ok,timeout,timeout,timeout,timeout,timeout,/Users/herreran/Documents/Universidad/practica-invg/data/sat/datasets/sat_cnn_data_images/images/sgen3-n300-s12830984-sat__b6eaea75f7c5.npy
